seq,utc,fy,week,event,subject,detail,prev_hash,row_hash
1,2026-08-06T11:27:15-04:00,2027,27,READER_PROVISIONED,ARC-CINCY-01,"{""alg"":""HS256""}",0000000000000000000000000000000000000000000000000000000000000000,36a8bb75bfd3bfdb6bed49a58ae41f16cf6b143385fc9519b91cd96490b46573
2,2026-08-06T11:27:15-04:00,2027,27,READER_PROVISIONED,ARC-DAYTON-01,"{""alg"":""HS256""}",36a8bb75bfd3bfdb6bed49a58ae41f16cf6b143385fc9519b91cd96490b46573,04cc8706908fdf68e15b97caa9a6caf0ad0f5a3401e067e19558a46a74b49229
3,2026-08-06T11:27:15-04:00,2027,27,READER_PROVISIONED,ARC-COLUMBUS-01,"{""alg"":""HS256""}",04cc8706908fdf68e15b97caa9a6caf0ad0f5a3401e067e19558a46a74b49229,3a5c1b9e7e8054810c977ed8218b85680acd980082f3db1eedb978b2e04d5497
4,2026-08-06T11:27:15-04:00,2027,27,OFFER_FUNDED,PG-TIDE-W27,"{""brand"":""Procter & Gamble"",""cap"":300,""fy"":2027,""item"":""Tide Pods 42ct"",""value"":1.5,""wk"":""27+1""}",3a5c1b9e7e8054810c977ed8218b85680acd980082f3db1eedb978b2e04d5497,905cee25ec616b910bdb9091959c21df479cb41ac2e9fe1f97ae488d167d908b
5,2026-08-06T11:27:15-04:00,2027,27,OFFER_FUNDED,PG-DAWN-W27,"{""brand"":""Procter & Gamble"",""cap"":250,""fy"":2027,""item"":""Dawn Powerwash 16oz"",""value"":1.0,""wk"":""27+2""}",905cee25ec616b910bdb9091959c21df479cb41ac2e9fe1f97ae488d167d908b,6f97c11ee2db0c331c669e506d7f7f9b0a18a9d7df6d0eeddd86f577ff848b34
6,2026-08-06T11:27:15-04:00,2027,27,OFFER_FUNDED,PG-CHRM-W27,"{""brand"":""Procter & Gamble"",""cap"":200,""fy"":2027,""item"":""Charmin Ultra 12mega"",""value"":2.0,""wk"":""27+4""}",6f97c11ee2db0c331c669e506d7f7f9b0a18a9d7df6d0eeddd86f577ff848b34,77ff0b50204ddb067a137375e428d7e6182ce81750e01ed04555202a94abe8dc
7,2026-08-06T11:27:15-04:00,2027,27,OFFER_FUNDED,PG-GILL-W27,"{""brand"":""Procter & Gamble"",""cap"":150,""fy"":2027,""item"":""Gillette Labs Razor"",""value"":3.0,""wk"":""27+13""}",77ff0b50204ddb067a137375e428d7e6182ce81750e01ed04555202a94abe8dc,c51843baff305ed8ba3feed7860b2e173067e01a5c03604b646aad7e1cf6e607
8,2026-08-06T11:27:15-04:00,2027,27,OFFER_FUNDED,PG-OLAY-W27,"{""brand"":""Procter & Gamble"",""cap"":100,""fy"":2027,""item"":""Olay Regenerist 1.7oz"",""value"":2.5,""wk"":""27+52""}",c51843baff305ed8ba3feed7860b2e173067e01a5c03604b646aad7e1cf6e607,2f62f0f5c0bf609a59d55f9c047f854882ea4dc5b95e6e2b7ac412a4afe12430
9,2026-08-06T11:27:15-04:00,2027,27,ENROLLED,8uNFKV6jSHhq4p8cStzHub8oAHqki4Ly8crVKHu6mHSw,"{""acm"":1,""sim"":true,""user_ref"":""user-0000""}",2f62f0f5c0bf609a59d55f9c047f854882ea4dc5b95e6e2b7ac412a4afe12430,50542650a9981f44690d192b02770e576957caf5e3974138755c82331363ff7d
10,2026-08-06T11:27:15-04:00,2027,27,ENROLLED,DnkrMjZwWu6Nm85Ws8r37dDWkGem6QkwzJWfNeDaJqTE,"{""acm"":1,""sim"":true,""user_ref"":""user-0001""}",50542650a9981f44690d192b02770e576957caf5e3974138755c82331363ff7d,9d103037fbaed63f940d98f92da12aa8597d989fbe1a4792450fc06b841373f2
11,2026-08-06T11:27:15-04:00,2027,27,ENROLLED,7nFH9dccGnsmY87VUb6WohmWgJfrHsZUtc82u8Lqmy81,"{""acm"":1,""sim"":true,""user_ref"":""user-0002""}",9d103037fbaed63f940d98f92da12aa8597d989fbe1a4792450fc06b841373f2,9122c33471bed6782786067fdd2c8001e641d81ce565977eb1a92959c1348cf6
12,2026-08-06T11:27:15-04:00,2027,27,ENROLLED,DJ9Hn481wKT7vg4kePoqBvKUsdN8b4wXR5f7wbY8vwuD,"{""acm"":1,""sim"":true,""user_ref"":""user-0003""}",9122c33471bed6782786067fdd2c8001e641d81ce565977eb1a92959c1348cf6,37342acae7f62779d7bdf7aa612de00a7487202aa249703d79d53203e2801cfd
13,2026-08-06T11:27:15-04:00,2027,27,ENROLLED,9UacjvzKPr2Zr8PP1ZsJ2DRBGMtg7U3Dg36Ynbaa7QKE,"{""acm"":1,""sim"":true,""user_ref"":""user-0004""}",37342acae7f62779d7bdf7aa612de00a7487202aa249703d79d53203e2801cfd,933e7d2f4fa67e822f4d1cc67a1fe53c81fc2cd78f91369127a1f8a919c1c3b1
14,2026-08-06T11:27:15-04:00,2027,27,ENROLLED,78DpoEoaLcKYqfXK1AETBgGhSFvM6rbSrXtC71hfzZPo,"{""acm"":1,""sim"":true,""user_ref"":""user-0005""}",933e7d2f4fa67e822f4d1cc67a1fe53c81fc2cd78f91369127a1f8a919c1c3b1,80c31ddcb2414f62bd141dcd709d6e98ff24901097308810cefd181a6c2f34b5
15,2026-08-06T11:27:15-04:00,2027,27,ENROLLED,FcU4zgawN38GWxN3Gk7Fy7a6VDEj4ALxC2g94W6NtiMA,"{""acm"":1,""sim"":true,""user_ref"":""user-0006""}",80c31ddcb2414f62bd141dcd709d6e98ff24901097308810cefd181a6c2f34b5,c9ca6e31d42957f6778cc2a96489dcac50eba031eb3ef5575cacc9acd28e795d
16,2026-08-06T11:27:15-04:00,2027,27,ENROLLED,DaAXo8y2ExhNWTDd73XqoR83CfGgCFfvfqiS5LifTswT,"{""acm"":1,""sim"":true,""user_ref"":""user-0007""}",c9ca6e31d42957f6778cc2a96489dcac50eba031eb3ef5575cacc9acd28e795d,8a18f3693b73fdd8098a947dea64f881f2904499d15f1a0984eb2cb865bcc7cd
17,2026-08-06T11:27:15-04:00,2027,27,ENROLLED,CPGcXzxPsLf7d7vrBSfQUzf6gYrqRpg9zUFqgyBno4pK,"{""acm"":1,""sim"":true,""user_ref"":""user-0008""}",8a18f3693b73fdd8098a947dea64f881f2904499d15f1a0984eb2cb865bcc7cd,0ec8407e5711af6c98a729c62c67b2ecd57a0b37ae9b08844f98901857750469
18,2026-08-06T11:27:15-04:00,2027,27,ENROLLED,9CrX2pffttGnJuL78i6z3qC1z6qRLuWQnuZxFo3rymR4,"{""acm"":1,""sim"":true,""user_ref"":""user-0009""}",0ec8407e5711af6c98a729c62c67b2ecd57a0b37ae9b08844f98901857750469,479899c407d5dbce5cef072e377bafed2154210ba7c0053f1a03c8a41d792507
19,2026-08-06T11:27:15-04:00,2027,27,ENROLLED,2hGbr6XbUSgiJaA8mW6owtvcNd5DjYsoCeAXm45bA8cF,"{""acm"":1,""sim"":true,""user_ref"":""user-0010""}",479899c407d5dbce5cef072e377bafed2154210ba7c0053f1a03c8a41d792507,dc950c3b136aa3cff82d265e3df10ad2f373e2f2d968656c2d413cf5b442ad9e
20,2026-08-06T11:27:15-04:00,2027,27,ENROLLED,2c2Eqsuju3ZewJq4FoRmTxaA1Z37zZoGWcuwGwMsmikc,"{""acm"":1,""sim"":true,""user_ref"":""user-0011""}",dc950c3b136aa3cff82d265e3df10ad2f373e2f2d968656c2d413cf5b442ad9e,b4e5bf0052f0305b0376dbcbd1d1d7bff3d7be1d362c091dd71e68cd5a762e83
21,2026-08-06T11:27:15-04:00,2027,27,ENROLLED,8PdtfCUnEmJmHwBPRf64g9qcvb5Qa7fZhXKma7X8UqPX,"{""acm"":1,""sim"":true,""user_ref"":""user-0012""}",b4e5bf0052f0305b0376dbcbd1d1d7bff3d7be1d362c091dd71e68cd5a762e83,591488b3c3e6046c675ecae8957fac5a1b957e82186c6f54744d09d60f7606f5
22,2026-08-06T11:27:15-04:00,2027,27,ENROLLED,8dqwupK5ChD6Lgrsiov1WeHqAyZh3N2RH896v27DCsNW,"{""acm"":1,""sim"":true,""user_ref"":""user-0013""}",591488b3c3e6046c675ecae8957fac5a1b957e82186c6f54744d09d60f7606f5,74740ccfa645245376865a1177a2c50b9060c5ab4a3f8cff1b23d1cde5ed9d42
23,2026-08-06T11:27:15-04:00,2027,27,ENROLLED,FM3L75Rfqp3CUAg5QiRgJHvRT67twEMbrYS8V8iu2eSz,"{""acm"":1,""sim"":true,""user_ref"":""user-0014""}",74740ccfa645245376865a1177a2c50b9060c5ab4a3f8cff1b23d1cde5ed9d42,fc5e94fb8219dee1e941b0d1d37f7ccec6b9e29cc0f06e185c220c5eab194b08
24,2026-08-06T11:27:15-04:00,2027,27,ENROLLED,9qDXcrtJWnMDvS5r1AtDUznLuTYvFCkKVjV2sX2KSSRE,"{""acm"":1,""sim"":true,""user_ref"":""user-0015""}",fc5e94fb8219dee1e941b0d1d37f7ccec6b9e29cc0f06e185c220c5eab194b08,26fab9562cc34ae153baf085ba5f289fa471193cdbfab991a556a5f12f70e500
25,2026-08-06T11:27:15-04:00,2027,27,ENROLLED,5QUKgzNAMprZCW6BZMKJzr1eMo2XJ4zek1AczjvRPmaZ,"{""acm"":1,""sim"":true,""user_ref"":""user-0016""}",26fab9562cc34ae153baf085ba5f289fa471193cdbfab991a556a5f12f70e500,a909d1119b01109918b1cdf4ab57c6ef6532be1b0486a9930773864877b1d0b9
26,2026-08-06T11:27:15-04:00,2027,27,ENROLLED,4EGDsYnCTS6zmiyWqkAvEUihNKz4PmoF36naMfo69gg6,"{""acm"":1,""sim"":true,""user_ref"":""user-0017""}",a909d1119b01109918b1cdf4ab57c6ef6532be1b0486a9930773864877b1d0b9,292a0f7e915ea78062f6573de55f8f83b248bb210d30ce7c29f3fa8a66de179a
27,2026-08-06T11:27:15-04:00,2027,27,ENROLLED,CAm92JjaBRKMgRtRRMiLRW64igqi6QxUETAQQXaCx5tq,"{""acm"":1,""sim"":true,""user_ref"":""user-0018""}",292a0f7e915ea78062f6573de55f8f83b248bb210d30ce7c29f3fa8a66de179a,c869eb64fa2b5e12efdc3c6640d95167537cf0b6b3669f75b22ece4cc31d51b0
28,2026-08-06T11:27:15-04:00,2027,27,ENROLLED,AovTqGPup81aS7Btfikc8HdyDnXfeY1P2g94fQHjmkj4,"{""acm"":1,""sim"":true,""user_ref"":""user-0019""}",c869eb64fa2b5e12efdc3c6640d95167537cf0b6b3669f75b22ece4cc31d51b0,b8d25bbab527f9947c037859e0e79dde9cae240d0597efded33387e0ced8b526
29,2026-08-06T11:27:15-04:00,2027,27,ENROLLED,EjTNxo62WJkt4rbX6VQ4u9ho5HYhkkp7NvRBmnZeHr63,"{""acm"":1,""sim"":true,""user_ref"":""user-0020""}",b8d25bbab527f9947c037859e0e79dde9cae240d0597efded33387e0ced8b526,d5722e425d843b714612d7c19dfe8ee4289a81e127ab4cc51bd2b49257deab0b
30,2026-08-06T11:27:15-04:00,2027,27,ENROLLED,8SRu3vMCZPm5aYYopzTd9hRRcrpQjMipcFNJXjecV5EA,"{""acm"":1,""sim"":true,""user_ref"":""user-0021""}",d5722e425d843b714612d7c19dfe8ee4289a81e127ab4cc51bd2b49257deab0b,e7d8d1216f943585248a6d9c5284990906d615018ca432536c71fcf353078de2
31,2026-08-06T11:27:15-04:00,2027,27,ENROLLED,ELmR6Jr1vX4sFeYCKZJ2Kb4XtG3Jj7xnLns1TzJ5f6ck,"{""acm"":1,""sim"":true,""user_ref"":""user-0022""}",e7d8d1216f943585248a6d9c5284990906d615018ca432536c71fcf353078de2,9c00a420f9d05fee533b1acf51b0cffe8f1a58e5be1c263b084db8ad99570663
32,2026-08-06T11:27:15-04:00,2027,27,ENROLLED,CrGkasF4RduiqrQBU9tymwDPma81S2pdVY1eNpK59XZF,"{""acm"":1,""sim"":true,""user_ref"":""user-0023""}",9c00a420f9d05fee533b1acf51b0cffe8f1a58e5be1c263b084db8ad99570663,65251a2f8b664754137f6a5ffbe681ec1201ee0e95a4586c1667329d4add0b36
33,2026-08-06T11:27:15-04:00,2027,27,ENROLLED,95awXutwKBBomRCUJB825gPN4LoLAfbtZaFFtxNrRG4F,"{""acm"":1,""sim"":true,""user_ref"":""user-0024""}",65251a2f8b664754137f6a5ffbe681ec1201ee0e95a4586c1667329d4add0b36,d97ff43afbcd90d2fba1c88115fd563fbe9e3b52812da656d082e6713343e443
34,2026-08-06T11:27:15-04:00,2027,27,ENROLLED,CLo9PxYnfsipTMATAudNrzbBbo4tKqux7GyCHL6ACHsR,"{""acm"":1,""sim"":true,""user_ref"":""user-0025""}",d97ff43afbcd90d2fba1c88115fd563fbe9e3b52812da656d082e6713343e443,0b7ea1c5d35d88812f54e4f9e7837337aaa0c577195fb4a0b3cd49d24ae427d7
35,2026-08-06T11:27:15-04:00,2027,27,ENROLLED,EPCUWL3KwDw5FUGdRMfUZnTUwp4gGGpTNvhgD5kQZswb,"{""acm"":1,""sim"":true,""user_ref"":""user-0026""}",0b7ea1c5d35d88812f54e4f9e7837337aaa0c577195fb4a0b3cd49d24ae427d7,36e6ad7182c637089271eeca62b43d8e3fe124effceed6ec7aaa294794d10fcb
36,2026-08-06T11:27:15-04:00,2027,27,ENROLLED,9VMbZTpFwQeLV44J3P6U5PHkCjStJaLbszC8yCBJPrXE,"{""acm"":1,""sim"":true,""user_ref"":""user-0027""}",36e6ad7182c637089271eeca62b43d8e3fe124effceed6ec7aaa294794d10fcb,0c5c489c7011cba0ad47deb3c08ee1d5d9dc413a4d8424948195e78810e0fe36
37,2026-08-06T11:27:15-04:00,2027,27,ENROLLED,Hq4wQCmHgAvqmr4w3Qv3JZd7ZsVByKkw8tuTQYUhgW1m,"{""acm"":1,""sim"":true,""user_ref"":""user-0028""}",0c5c489c7011cba0ad47deb3c08ee1d5d9dc413a4d8424948195e78810e0fe36,c0b9f8201d44ea8d6cb52b5f9df21bbeeb8f164c31ca87eed7516ff625adbd79
38,2026-08-06T11:27:15-04:00,2027,27,ENROLLED,HibYwUNpjdcfWxrnW4J8Qi4DY8M8i6hgiRC3hh1SJxWX,"{""acm"":1,""sim"":true,""user_ref"":""user-0029""}",c0b9f8201d44ea8d6cb52b5f9df21bbeeb8f164c31ca87eed7516ff625adbd79,325c4b1750eb4631bfeeda965ed7d89a1613ff5936c27e01291b9c5a23257c37
39,2026-08-06T11:27:15-04:00,2027,27,ENROLLED,DbcJaGohi1abrqeU2K2ohjB93ye9PGApbFgdVfEVzMh1,"{""acm"":1,""sim"":true,""user_ref"":""user-0030""}",325c4b1750eb4631bfeeda965ed7d89a1613ff5936c27e01291b9c5a23257c37,e8c516638809515121e8f1a900436479c7799ac1b8a4fda87036f341ae5fb797
40,2026-08-06T11:27:15-04:00,2027,27,ENROLLED,E6uDSQiYSSakEgJkquz4C9ouCPWXow57u1vsv4Gxu6Jy,"{""acm"":1,""sim"":true,""user_ref"":""user-0031""}",e8c516638809515121e8f1a900436479c7799ac1b8a4fda87036f341ae5fb797,d76c8468cf6ae08b2e043f16c54a16fafdf53306cfa8cddc8722b40402ca1ad4
41,2026-08-06T11:27:15-04:00,2027,27,ENROLLED,EPb1wesvCKnSN4npPHbiiXFrSV1mFgU4jr2HxCvBre2X,"{""acm"":1,""sim"":true,""user_ref"":""user-0032""}",d76c8468cf6ae08b2e043f16c54a16fafdf53306cfa8cddc8722b40402ca1ad4,aa67513de31c950f5031940786bf65ce916165aead521ed93b284b59cc524bed
42,2026-08-06T11:27:15-04:00,2027,27,ENROLLED,8M32dnRRXwf4YUm46zNKNuNn8DNUUzk5rGJWGVf4Kurr,"{""acm"":1,""sim"":true,""user_ref"":""user-0033""}",aa67513de31c950f5031940786bf65ce916165aead521ed93b284b59cc524bed,6c2fc6399bae802f4b464905c6139a08d0d5c35fcd479a47f1a94c1b0343a1d4
43,2026-08-06T11:27:15-04:00,2027,27,ENROLLED,AWz73jiqeFyFW4znYtMTD76upgFX98ctSGqqtVKJUTJD,"{""acm"":1,""sim"":true,""user_ref"":""user-0034""}",6c2fc6399bae802f4b464905c6139a08d0d5c35fcd479a47f1a94c1b0343a1d4,e83af177f66e987edbf64e67199d60bbb6b688b19b69c6b2b33eed80c1c284f3
44,2026-08-06T11:27:15-04:00,2027,27,ENROLLED,Hbp1wG9fqxwm2WJ7Muk7XNsUwsNKJmhc6C6tjva9QHw,"{""acm"":1,""sim"":true,""user_ref"":""user-0035""}",e83af177f66e987edbf64e67199d60bbb6b688b19b69c6b2b33eed80c1c284f3,423dfbacc3413d09c2e38a9ce8f825ec48cbc2ead156e35ee7f25a0f87622baf
45,2026-08-06T11:27:15-04:00,2027,27,ENROLLED,4J71wib8hphFf9aKCHX9VMjAFZYbqCqy32JSnTomVgyG,"{""acm"":1,""sim"":true,""user_ref"":""user-0036""}",423dfbacc3413d09c2e38a9ce8f825ec48cbc2ead156e35ee7f25a0f87622baf,4f76b8f6d2ffa70efcab080228cf7c1c23012db0769a26c79a253cc00d26e777
46,2026-08-06T11:27:15-04:00,2027,27,ENROLLED,8RXDCQbXKX62Dxdc4oc6g5HTmh8SUNzAbjSASfVvTLyy,"{""acm"":1,""sim"":true,""user_ref"":""user-0037""}",4f76b8f6d2ffa70efcab080228cf7c1c23012db0769a26c79a253cc00d26e777,beb26676674b38b6f76f33823cece1bcee2d972e83abc8706aa37c219b4712fb
47,2026-08-06T11:27:15-04:00,2027,27,ENROLLED,CDrCd5NJjnF2i5DiM8PLjd5ry46sR9ahQgkFXp6GYLXf,"{""acm"":1,""sim"":true,""user_ref"":""user-0038""}",beb26676674b38b6f76f33823cece1bcee2d972e83abc8706aa37c219b4712fb,56a2bb103b118473fe39b16e1c08d1d6b12b4fbe4dde37fe13f92b05b8561cb4
48,2026-08-06T11:27:15-04:00,2027,27,ENROLLED,7g64R8XVxs2YKvqi68D9VwfBei84FvqriqqXxqXVxDmK,"{""acm"":1,""sim"":true,""user_ref"":""user-0039""}",56a2bb103b118473fe39b16e1c08d1d6b12b4fbe4dde37fe13f92b05b8561cb4,73b5f3045c4af013ff08309edfe9dc904249c271b0b923280bee95db87949f26
49,2026-08-06T11:27:15-04:00,2027,27,ENROLLED,Hsr82DuuyPH3eXv42GPaH1su7jmakybrgN84YcLgKomt,"{""acm"":1,""sim"":true,""user_ref"":""user-0040""}",73b5f3045c4af013ff08309edfe9dc904249c271b0b923280bee95db87949f26,1e7fac8d8f5d90925b75f4b257de515d56c2a0def27333eb02df1b0bc4c3fba5
50,2026-08-06T11:27:15-04:00,2027,27,ENROLLED,C1htJvwCtDHQSvSqy3SLBLjs9bsFR9s9ZohrCV1k6DmB,"{""acm"":1,""sim"":true,""user_ref"":""user-0041""}",1e7fac8d8f5d90925b75f4b257de515d56c2a0def27333eb02df1b0bc4c3fba5,2d81ee4d0f96b71763f13128370ab0aa156b473fba586da03f71ec2c518a6737
51,2026-08-06T11:27:15-04:00,2027,27,ENROLLED,6eawwTcxU8wtbURifzR1qX4oAhZiApVXWW5TB2JT26aE,"{""acm"":1,""sim"":true,""user_ref"":""user-0042""}",2d81ee4d0f96b71763f13128370ab0aa156b473fba586da03f71ec2c518a6737,363456d859916fee61cfac81d4c2ed86e4a8a530cbb86ea5df54c2eaf020ef56
52,2026-08-06T11:27:15-04:00,2027,27,ENROLLED,5ypfcPRUpZqPZousnMsP1wS4g6bG1dgR4XT4ffG1BBH1,"{""acm"":1,""sim"":true,""user_ref"":""user-0043""}",363456d859916fee61cfac81d4c2ed86e4a8a530cbb86ea5df54c2eaf020ef56,da7498df3a0ef1f64d41fed66d38dbb78236300c23520e357db5c8f791a266de
53,2026-08-06T11:27:15-04:00,2027,27,ENROLLED,CbmAaDcZQw5hcbLV5rhiALMwwNcjsWLisBg5rydMS8sD,"{""acm"":1,""sim"":true,""user_ref"":""user-0044""}",da7498df3a0ef1f64d41fed66d38dbb78236300c23520e357db5c8f791a266de,ec0cf40c9fcbb21b1e71ae47aafd0b54d0100ce8dc5eef2d4614ee0a7eaeb510
54,2026-08-06T11:27:15-04:00,2027,27,ENROLLED,EgEqT3ZiDQJE6b4RnPHiS5Vgq7c4krjdZuLjE5PFLAS2,"{""acm"":1,""sim"":true,""user_ref"":""user-0045""}",ec0cf40c9fcbb21b1e71ae47aafd0b54d0100ce8dc5eef2d4614ee0a7eaeb510,e8d5ab99ee32ef4a40d5ab40f1f091757914094efa2499b6e1f0e360ffc03373
55,2026-08-06T11:27:15-04:00,2027,27,ENROLLED,CNhb3RV47iRKs22bcrdHztqH6sbom5crws9bpsruih3c,"{""acm"":1,""sim"":true,""user_ref"":""user-0046""}",e8d5ab99ee32ef4a40d5ab40f1f091757914094efa2499b6e1f0e360ffc03373,b484ff0423eb659666117831f2f0623e8352fb4820849cde79d3f1e2002e2648
56,2026-08-06T11:27:15-04:00,2027,27,ENROLLED,5R1LR5xasiPHpJpZC4CCxAmy7MWtew9bzqRYo9MAiBL2,"{""acm"":1,""sim"":true,""user_ref"":""user-0047""}",b484ff0423eb659666117831f2f0623e8352fb4820849cde79d3f1e2002e2648,36864c3a90b8438c898821d8da1e2f8a728392893bc642f329ae658d290e4f1d
57,2026-08-06T11:27:15-04:00,2027,27,ENROLLED,GFCHhwyJghPFSEoBRJ8pGpgkH2nn7v73Ak2miKwKUsSP,"{""acm"":1,""sim"":true,""user_ref"":""user-0048""}",36864c3a90b8438c898821d8da1e2f8a728392893bc642f329ae658d290e4f1d,1e7a1201c7a249d6c11fd656e587d6b126ea7ed5c2821dcf7f147796bb1f874f
58,2026-08-06T11:27:15-04:00,2027,27,ENROLLED,Bz5ozqhypRkcdq1Kcxi11xQYmwf3c5zodVXuF8xfTGcp,"{""acm"":1,""sim"":true,""user_ref"":""user-0049""}",1e7a1201c7a249d6c11fd656e587d6b126ea7ed5c2821dcf7f147796bb1f874f,ffa67468c0d89209c00d66cabb500685ed9ddcad3fcfac8ea68b25bbe5f9d817
59,2026-08-06T11:27:15-04:00,2027,27,ENROLLED,dbbdLkAtaVJHVCmPFqGsEPZ1KQhCybchJc7XKVQgWhP,"{""acm"":1,""sim"":true,""user_ref"":""user-0050""}",ffa67468c0d89209c00d66cabb500685ed9ddcad3fcfac8ea68b25bbe5f9d817,aeaf18a64e42a7d91a5c99fb40cb64f457d5a072971b0331d65feeae0aaec4f0
60,2026-08-06T11:27:15-04:00,2027,27,ENROLLED,TM7uNMpUMQNwcKRdNeWhHJASN8AVa6MVWYxP8v9xRzH,"{""acm"":1,""sim"":true,""user_ref"":""user-0051""}",aeaf18a64e42a7d91a5c99fb40cb64f457d5a072971b0331d65feeae0aaec4f0,f4de2a69959123856b697b754f42ad860136cb1231cd49398bd2435838e7f099
61,2026-08-06T11:27:15-04:00,2027,27,ENROLLED,3SJNhUXCGmr5moD3YrxD5F43aJSYpzoq9mEovg9BuARg,"{""acm"":1,""sim"":true,""user_ref"":""user-0052""}",f4de2a69959123856b697b754f42ad860136cb1231cd49398bd2435838e7f099,f6779f613eaea6825cb2aed83681d81f1de9dc1e1e725a775452b893976a611e
62,2026-08-06T11:27:15-04:00,2027,27,ENROLLED,2xqMZgRNNdF55WK9gGeDnH9WbMYiykHXDBczRzLNc8bR,"{""acm"":1,""sim"":true,""user_ref"":""user-0053""}",f6779f613eaea6825cb2aed83681d81f1de9dc1e1e725a775452b893976a611e,677a717a8f0dbd48d2714cb62016e693759d9a059db63e0f017c76818206d530
63,2026-08-06T11:27:15-04:00,2027,27,ENROLLED,7qz39CfCiqEsmARgB4T4FRgGqWrsBYq7sm7pNQeJr9TK,"{""acm"":1,""sim"":true,""user_ref"":""user-0054""}",677a717a8f0dbd48d2714cb62016e693759d9a059db63e0f017c76818206d530,69055d1ce003d4ef8abbe12d2556c48669b11ec59fc510fc68eefd6994c925b0
64,2026-08-06T11:27:15-04:00,2027,27,ENROLLED,9dGbkuJgG2h2x4bLzchUw44ShSxEJe9y3jVH26jPVXGV,"{""acm"":1,""sim"":true,""user_ref"":""user-0055""}",69055d1ce003d4ef8abbe12d2556c48669b11ec59fc510fc68eefd6994c925b0,adfb6e14d2857ec073c9d015442c1a2816796de91ea2c9d281be364a5da451b1
65,2026-08-06T11:27:15-04:00,2027,27,ENROLLED,DgrhGLzpWbtLXL97YnLuguiB8KRFodnkySD8pKtNzfso,"{""acm"":1,""sim"":true,""user_ref"":""user-0056""}",adfb6e14d2857ec073c9d015442c1a2816796de91ea2c9d281be364a5da451b1,4d77f279e9b85035606208e302f0af04c92f808f60b0f43d54f1e8bdc7cc9953
66,2026-08-06T11:27:15-04:00,2027,27,ENROLLED,2BNH2NZcd1edNW1gc2Wpc8MYGZ4Yx7fpYwCYTykAMBxA,"{""acm"":1,""sim"":true,""user_ref"":""user-0057""}",4d77f279e9b85035606208e302f0af04c92f808f60b0f43d54f1e8bdc7cc9953,557b9d3389331206e2b9563e42650572247e75919fcf6b4cf4a7858b927b73ed
67,2026-08-06T11:27:15-04:00,2027,27,ENROLLED,9wvmb8vWxmp4ufeUp5Bnz6RprKCHmWz7V76FC6UcFmsV,"{""acm"":1,""sim"":true,""user_ref"":""user-0058""}",557b9d3389331206e2b9563e42650572247e75919fcf6b4cf4a7858b927b73ed,2c9049c7bf9e27a1ed2abb08bd8ee890d87ec7b9fca0a3bef153c43881f34a78
68,2026-08-06T11:27:15-04:00,2027,27,ENROLLED,7TKums4vGoaQc1phcB5QMDTfMNXWobTUF5Gr1rEE4k7H,"{""acm"":1,""sim"":true,""user_ref"":""user-0059""}",2c9049c7bf9e27a1ed2abb08bd8ee890d87ec7b9fca0a3bef153c43881f34a78,32bf25b118bd6a2f2ec5eb6be1c2af8d9ce4be7c22c18a5bd002d11070d9aa56
69,2026-08-06T11:27:15-04:00,2027,27,ENROLLED,5cQU7suzwadX4CEM8fF9Jeq7J3N2boNoaCZG3hdqYxu9,"{""acm"":1,""sim"":true,""user_ref"":""user-0060""}",32bf25b118bd6a2f2ec5eb6be1c2af8d9ce4be7c22c18a5bd002d11070d9aa56,49df3daa882f4c471c4a1380dac8bbc53faf7e7e292d42e29c7eba8a469890d7
70,2026-08-06T11:27:15-04:00,2027,27,ENROLLED,6BTfv9iKdWkA9ycCeHwvafTLG1MjBxu8oJDMwFUsRQjN,"{""acm"":1,""sim"":true,""user_ref"":""user-0061""}",49df3daa882f4c471c4a1380dac8bbc53faf7e7e292d42e29c7eba8a469890d7,7d24b91c4716f510832e39c99762fa08f289a47b3262bf29f366d66867c225da
71,2026-08-06T11:27:15-04:00,2027,27,ENROLLED,GNvYRGUEZ6dPZKq8AHFScxrTmCDbpr17SCLmYTM131w4,"{""acm"":1,""sim"":true,""user_ref"":""user-0062""}",7d24b91c4716f510832e39c99762fa08f289a47b3262bf29f366d66867c225da,e25e4f0df49dd7e8439d4930a7a52909ac9ff89aeae6d61771bb5ff4c8f63b6e
72,2026-08-06T11:27:15-04:00,2027,27,ENROLLED,6imMy1AsAzfKFcqdrH9DkxmbFS8soBMC8dToPeYaPskx,"{""acm"":1,""sim"":true,""user_ref"":""user-0063""}",e25e4f0df49dd7e8439d4930a7a52909ac9ff89aeae6d61771bb5ff4c8f63b6e,36fc4a6abaa3545bef7384f13fc85f2513e4c25cd872f38cfc9105a7348629cd
73,2026-08-06T11:27:15-04:00,2027,27,ENROLLED,E2h7Xkzko2t6sbD4kHBoyr2hNkQZcAMeLPjP5RPUEWtE,"{""acm"":1,""sim"":true,""user_ref"":""user-0064""}",36fc4a6abaa3545bef7384f13fc85f2513e4c25cd872f38cfc9105a7348629cd,f90de54f93326a12e09233c600f69121786309ae05f3dd382cf8d922640d256c
74,2026-08-06T11:27:15-04:00,2027,27,ENROLLED,GM7A9N6zJ7UDCyX5z69sUr8X5RXAwV7ntHZgHX7Dvf8o,"{""acm"":1,""sim"":true,""user_ref"":""user-0065""}",f90de54f93326a12e09233c600f69121786309ae05f3dd382cf8d922640d256c,a7bf50c9c3d5be3c18a64c8e86a78239131de69ee6a210b304df7ee4889a4ab8
75,2026-08-06T11:27:15-04:00,2027,27,ENROLLED,GxFyyFhg3YDdZu9VRuVwkrBgXhbamHb14VJ7j1bUsxkk,"{""acm"":1,""sim"":true,""user_ref"":""user-0066""}",a7bf50c9c3d5be3c18a64c8e86a78239131de69ee6a210b304df7ee4889a4ab8,8858f24870cc7ffcace817ad4326ce4d22388d8693d58f68cc76330cb8d27203
76,2026-08-06T11:27:15-04:00,2027,27,ENROLLED,CKVxTJP9BrcK83jbXKwbxKYsFeDtTHK521mpZzkxc8uF,"{""acm"":1,""sim"":true,""user_ref"":""user-0067""}",8858f24870cc7ffcace817ad4326ce4d22388d8693d58f68cc76330cb8d27203,b4a404fe4b63213d88a88bed924861c1a15f6cc0dd4d30892456998ed3df1ade
77,2026-08-06T11:27:15-04:00,2027,27,ENROLLED,87AuYd9LamZ931HVcNnn9DtAs2xxSXwHXWqog6x172az,"{""acm"":1,""sim"":true,""user_ref"":""user-0068""}",b4a404fe4b63213d88a88bed924861c1a15f6cc0dd4d30892456998ed3df1ade,13c47e69fbcf9355f6eb5aa6c398a45518de2e6aff870ce33459962d3be7ef2c
78,2026-08-06T11:27:15-04:00,2027,27,ENROLLED,4tM3pn6nHZTV35QcpEaAPLo3nFohj3QTwrcKRbcxQRaN,"{""acm"":1,""sim"":true,""user_ref"":""user-0069""}",13c47e69fbcf9355f6eb5aa6c398a45518de2e6aff870ce33459962d3be7ef2c,418c1c13dd2f4210236c6273cfbb74664239edab5756dd8889f271b86a2076cf
79,2026-08-06T11:27:15-04:00,2027,27,ENROLLED,96HRvyn2HxkrEHuyhSRHcYugbnTd9ShDc2BFwVSD7UVv,"{""acm"":1,""sim"":true,""user_ref"":""user-0070""}",418c1c13dd2f4210236c6273cfbb74664239edab5756dd8889f271b86a2076cf,da38366a3cf9f4179f793d48304ce7454bffab3f4da4251e81fb6feb020dac73
80,2026-08-06T11:27:15-04:00,2027,27,ENROLLED,B8V1hNG7smErKbc1NGv9M9zxFwQdjkPaDkwPRwqHsD7g,"{""acm"":1,""sim"":true,""user_ref"":""user-0071""}",da38366a3cf9f4179f793d48304ce7454bffab3f4da4251e81fb6feb020dac73,a2158eb863ac19e9b3538e6c76d154b7c5efefe2e2196bf09cd7c097819ebccc
81,2026-08-06T11:27:15-04:00,2027,27,ENROLLED,FCj1uBpAQ3xJb7hMmPX8BLVhFuDH9XJe8n1toqTeGc7H,"{""acm"":1,""sim"":true,""user_ref"":""user-0072""}",a2158eb863ac19e9b3538e6c76d154b7c5efefe2e2196bf09cd7c097819ebccc,b7544dbcb408e1f380bb347f9a52f601b7f3dc568dedc61f57f147c8560c7230
82,2026-08-06T11:27:15-04:00,2027,27,ENROLLED,8PiPhsYd1eVk5GeasMUrthEcfwMEx8JwDvY97AYVYQEc,"{""acm"":1,""sim"":true,""user_ref"":""user-0073""}",b7544dbcb408e1f380bb347f9a52f601b7f3dc568dedc61f57f147c8560c7230,9e1f8b7886aa66d3ad8dc0ba524c253b3d4c1de06ef27b9a63d3b4b94c82933c
83,2026-08-06T11:27:15-04:00,2027,27,ENROLLED,4KHzMZc75Gt1KaoTquFa8aETbz6mY6uJpjgKRoZ19nqQ,"{""acm"":1,""sim"":true,""user_ref"":""user-0074""}",9e1f8b7886aa66d3ad8dc0ba524c253b3d4c1de06ef27b9a63d3b4b94c82933c,97e6eb24a3fc3e522e5d737a1368fa8e13725ac4f453a1b024100379200631ae
84,2026-08-06T11:27:15-04:00,2027,27,ENROLLED,8uA12kH5VHimeuMKCPusFgYVhX2hEWNZKqpQqBg7xAkF,"{""acm"":1,""sim"":true,""user_ref"":""user-0075""}",97e6eb24a3fc3e522e5d737a1368fa8e13725ac4f453a1b024100379200631ae,b21330c9d201df82de6d50c02d67af87fff8f8aef9995a16667b558a5864cea6
85,2026-08-06T11:27:15-04:00,2027,27,ENROLLED,2DqUnuNHyhkYFZpoWAqM7aXnhjUFkDc7QP4siCEFGwxZ,"{""acm"":1,""sim"":true,""user_ref"":""user-0076""}",b21330c9d201df82de6d50c02d67af87fff8f8aef9995a16667b558a5864cea6,520b345407b478c6cb22c538d7ce6a96a83a182c256a85f5bce59347673effe8
86,2026-08-06T11:27:15-04:00,2027,27,ENROLLED,3V2VWjvmr6ecRJhoy369AqqmqzC4xxD5WCuny5LFQEd8,"{""acm"":1,""sim"":true,""user_ref"":""user-0077""}",520b345407b478c6cb22c538d7ce6a96a83a182c256a85f5bce59347673effe8,90e2f42d65fcdb3fcc12d78f7deb674dff17da7607759333a9a0b594fd42c33b
87,2026-08-06T11:27:15-04:00,2027,27,ENROLLED,2BFq8Eoc4CzVYGsuEsutX9zFyMJuAkFeDXWRBtx6f8DC,"{""acm"":1,""sim"":true,""user_ref"":""user-0078""}",90e2f42d65fcdb3fcc12d78f7deb674dff17da7607759333a9a0b594fd42c33b,11302a267d131bb4e17f4555cd53ff7a80fb4030da24a0147cca535f14a09c1b
88,2026-08-06T11:27:15-04:00,2027,27,ENROLLED,F9uMKF2VSgqgpivNYNeVccv3fHwTUonEG9MoMyL4FrUS,"{""acm"":1,""sim"":true,""user_ref"":""user-0079""}",11302a267d131bb4e17f4555cd53ff7a80fb4030da24a0147cca535f14a09c1b,32bd4bf703cd69eff894ba5aa869ed14bc0c1694ad119ea6d0f7c0d0b0ae5b53
89,2026-08-06T11:27:15-04:00,2027,27,ENROLLED,BiEMuLSMXh2Bo1knQg3fqw74YNv6HDh55kDSXGVjb55D,"{""acm"":1,""sim"":true,""user_ref"":""user-0080""}",32bd4bf703cd69eff894ba5aa869ed14bc0c1694ad119ea6d0f7c0d0b0ae5b53,bdc3aead7c3e7ffa62a17a70333b01a9f359395dfd27ee8cbf1edf8fa0685d33
90,2026-08-06T11:27:15-04:00,2027,27,ENROLLED,B3jmEApjEmcprB2G4EyicbM838ACDnnq1zoUjk976y8p,"{""acm"":1,""sim"":true,""user_ref"":""user-0081""}",bdc3aead7c3e7ffa62a17a70333b01a9f359395dfd27ee8cbf1edf8fa0685d33,5b7a29a78e736e0c83326d93ba8ec7ecb71f187679272c09c96d847e92ac22f8
91,2026-08-06T11:27:15-04:00,2027,27,ENROLLED,H9a4S4HUpcsXegpm93hjwFyezSms1pBzvNsAhTsMVJRj,"{""acm"":1,""sim"":true,""user_ref"":""user-0082""}",5b7a29a78e736e0c83326d93ba8ec7ecb71f187679272c09c96d847e92ac22f8,1a77cd25fbc2711858270f55258e02b30b25f7cd070257aa90112bc1bb46dd3e
92,2026-08-06T11:27:15-04:00,2027,27,ENROLLED,6SyjxZ42GNGWRMSSEpj7iyq9RfvmEW5kFjZCYhe1YEWJ,"{""acm"":1,""sim"":true,""user_ref"":""user-0083""}",1a77cd25fbc2711858270f55258e02b30b25f7cd070257aa90112bc1bb46dd3e,947fde3f06dcdefb14ce50ff0d14b0a233cb967057b3e45d11029c5a4ba7ad0d
93,2026-08-06T11:27:15-04:00,2027,27,ENROLLED,AMVtvQizNYAHsMhhdrv8PRWkUWxxhG5tYsSFjckc2Zwu,"{""acm"":1,""sim"":true,""user_ref"":""user-0084""}",947fde3f06dcdefb14ce50ff0d14b0a233cb967057b3e45d11029c5a4ba7ad0d,bf519a907d89615061f27696981459b56e9caf5431616a1433cbd360c4bb7855
94,2026-08-06T11:27:15-04:00,2027,27,ENROLLED,Gty6ZHSp5G8hF7WzqZ1vRVg65kmTB45M2wzYo5ENwJZQ,"{""acm"":1,""sim"":true,""user_ref"":""user-0085""}",bf519a907d89615061f27696981459b56e9caf5431616a1433cbd360c4bb7855,0e763bf524b2b5cd5b1cc46787ef16b485b616b2c248d595debddd1d01931b06
95,2026-08-06T11:27:15-04:00,2027,27,ENROLLED,D8dhDHpceYC3369gSksaq1zD4rfy1fGF1DkwKyh6DeJK,"{""acm"":1,""sim"":true,""user_ref"":""user-0086""}",0e763bf524b2b5cd5b1cc46787ef16b485b616b2c248d595debddd1d01931b06,ed0ee9ba69ae8b32a148fc332b46f7a7286987751dd92c30245d422ea38fbc5e
96,2026-08-06T11:27:15-04:00,2027,27,ENROLLED,Hda4xrKYZH9QrdHvS43QoqYADz1Bdu5FqqbBm2j5uxmm,"{""acm"":1,""sim"":true,""user_ref"":""user-0087""}",ed0ee9ba69ae8b32a148fc332b46f7a7286987751dd92c30245d422ea38fbc5e,f36cf9ac141902f22683a3f9e34fe066fbf157a196a023f84e74850394015188
97,2026-08-06T11:27:15-04:00,2027,27,ENROLLED,GhJtUvxeEAxLTkoW1vMPG5DqRnf3HwEk8aGbQX2X9T2V,"{""acm"":1,""sim"":true,""user_ref"":""user-0088""}",f36cf9ac141902f22683a3f9e34fe066fbf157a196a023f84e74850394015188,49f06cf67d7a5ca95887617a0d3e9a85592a08dd4d67be55103248fe4ae8dfb5
98,2026-08-06T11:27:15-04:00,2027,27,ENROLLED,HC6QAvJAka4kn1o13PrVgbR8gX87bJqhC9PF2nExGfPT,"{""acm"":1,""sim"":true,""user_ref"":""user-0089""}",49f06cf67d7a5ca95887617a0d3e9a85592a08dd4d67be55103248fe4ae8dfb5,212784bb0f428f0e25f654f1d143b109f66f593cc048ee0fff43d702f39a4d2d
99,2026-08-06T11:27:15-04:00,2027,27,ENROLLED,HKh6AbRPKodrMjo36EQVEUkVHXFFFdUzJWuMuP8asD8M,"{""acm"":1,""sim"":true,""user_ref"":""user-0090""}",212784bb0f428f0e25f654f1d143b109f66f593cc048ee0fff43d702f39a4d2d,11629d810ec8034342e3b838a262be35830b87c015f037ecd562a59de0576c71
100,2026-08-06T11:27:15-04:00,2027,27,ENROLLED,5FZZCsBoxDcSimRnfSs66uWnWx47SEsXpZiYc3btfs68,"{""acm"":1,""sim"":true,""user_ref"":""user-0091""}",11629d810ec8034342e3b838a262be35830b87c015f037ecd562a59de0576c71,1180a9ab4bedfb1f94a8fbdf9d021e2fba3857873a4cabce885d3b218ca0e699
101,2026-08-06T11:27:15-04:00,2027,27,ENROLLED,6eLsAwxqL2nB7ywK5zG9aoZSKtYXeEB7RjtdpdbeqsQF,"{""acm"":1,""sim"":true,""user_ref"":""user-0092""}",1180a9ab4bedfb1f94a8fbdf9d021e2fba3857873a4cabce885d3b218ca0e699,55301a07632c106d1f4c6c98cb7375a86389edb9d5f593a865cd0f66ba8389f0
102,2026-08-06T11:27:15-04:00,2027,27,ENROLLED,8Z8BkXuLtFsqQwSn4oBuDoWwcM7VvJYzmmX62HGyPuA4,"{""acm"":1,""sim"":true,""user_ref"":""user-0093""}",55301a07632c106d1f4c6c98cb7375a86389edb9d5f593a865cd0f66ba8389f0,cfdde0d416f5d3094e3707f34d23792c818628f211cf1e96e515fdd189731f1c
103,2026-08-06T11:27:15-04:00,2027,27,ENROLLED,22a8upQjVmpgL9XthZr7x1sM5KUF3doKvyFKQfCQcfw8,"{""acm"":1,""sim"":true,""user_ref"":""user-0094""}",cfdde0d416f5d3094e3707f34d23792c818628f211cf1e96e515fdd189731f1c,7ce62d45c68e38e429e5d2298e99143e8f15c37af6645ab558431f42ead05b53
104,2026-08-06T11:27:15-04:00,2027,27,ENROLLED,H9Q1Gt8ER5cHc5SsKV58zRvo9XiVZ4hciRsoZeQ42TQk,"{""acm"":1,""sim"":true,""user_ref"":""user-0095""}",7ce62d45c68e38e429e5d2298e99143e8f15c37af6645ab558431f42ead05b53,bca9d26a9cdd1191a2f4f88742ba982d6a7a86872c3f37a75e77d8c212ee0564
105,2026-08-06T11:27:15-04:00,2027,27,ENROLLED,HiTfKwLBRFqmkrNRLziwrWuXd9fA1Mjsoz3hrBFLwLqs,"{""acm"":1,""sim"":true,""user_ref"":""user-0096""}",bca9d26a9cdd1191a2f4f88742ba982d6a7a86872c3f37a75e77d8c212ee0564,e4e793043072ae720c11274d29c7d7229669e71eadcd639863f091717114c0a4
106,2026-08-06T11:27:15-04:00,2027,27,ENROLLED,4bvMmpfXkKDPnXW8xwD6FC2ZLpnmk5EPeUmnB2T8T96H,"{""acm"":1,""sim"":true,""user_ref"":""user-0097""}",e4e793043072ae720c11274d29c7d7229669e71eadcd639863f091717114c0a4,934ca63d1d32c83502c9ca5af588e5e0299a1a1ff6a509cb949950bc023a7682
107,2026-08-06T11:27:15-04:00,2027,27,ENROLLED,7JXFatjzY3KE1HVY1qBReCLP86Qytc7QSJckgaPjqtXs,"{""acm"":1,""sim"":true,""user_ref"":""user-0098""}",934ca63d1d32c83502c9ca5af588e5e0299a1a1ff6a509cb949950bc023a7682,e4ed4decdc2afc5db45bdb4ec8156501bc0b12e909a056acbe3721c9e99cb5f1
108,2026-08-06T11:27:15-04:00,2027,27,ENROLLED,3wbijfMwyVXNrN3jrEqrxbqhAzjZV6Ahu9znkoMF9ANu,"{""acm"":1,""sim"":true,""user_ref"":""user-0099""}",e4ed4decdc2afc5db45bdb4ec8156501bc0b12e909a056acbe3721c9e99cb5f1,e54261217df80d9be18116a62863c80b1daeec8d2a996dd48167e9056086919b
109,2026-08-06T11:27:15-04:00,2027,27,ENROLLED,rx5t3nA5RVQsczcMJHEkA8wHKkAey8MGcJLDymkWKpa,"{""acm"":1,""sim"":true,""user_ref"":""user-0100""}",e54261217df80d9be18116a62863c80b1daeec8d2a996dd48167e9056086919b,419e1b201fb0ff0909979338ecd31264da0284ef8f7a6d9eb4967a68c2e990fe
110,2026-08-06T11:27:15-04:00,2027,27,ENROLLED,3oMLPVQ7Twn7C2p8E55q4QDBmt9B83MrRyGcCgbmEjXh,"{""acm"":1,""sim"":true,""user_ref"":""user-0101""}",419e1b201fb0ff0909979338ecd31264da0284ef8f7a6d9eb4967a68c2e990fe,89ec372fd48e31537356a58d644b04dd898d57a7cd820cfee6c677765b8eac0a
111,2026-08-06T11:27:15-04:00,2027,27,ENROLLED,84MwrpayJyRRgzfGGLRXqQrPTwBJh9CSneVnMo5qwZUf,"{""acm"":1,""sim"":true,""user_ref"":""user-0102""}",89ec372fd48e31537356a58d644b04dd898d57a7cd820cfee6c677765b8eac0a,7b8289e61120c8a592046ed13bdf45ab4cafb22f2d23b042f0da03822c8b243c
112,2026-08-06T11:27:15-04:00,2027,27,ENROLLED,5jT3dhW3jwf7LUba3tafV5ArYXuSDW8tfycqPqQZ1VEr,"{""acm"":1,""sim"":true,""user_ref"":""user-0103""}",7b8289e61120c8a592046ed13bdf45ab4cafb22f2d23b042f0da03822c8b243c,0d194796b4b196f2a663fd3bd91acd8629057d94f099515a284c3c36e324fb8a
113,2026-08-06T11:27:15-04:00,2027,27,ENROLLED,HeTKs5JczHeSgboekmg9JAW4XhJaqxZX5L83bjgdvers,"{""acm"":1,""sim"":true,""user_ref"":""user-0104""}",0d194796b4b196f2a663fd3bd91acd8629057d94f099515a284c3c36e324fb8a,73a99c404db9fa30e57b5d2712139856d7c313d0e1653bd34c35d481f57795de
114,2026-08-06T11:27:15-04:00,2027,27,ENROLLED,74wFRC2SnHJP4V3aaXJGrxfrwfstHQrPtBuKxXexC16G,"{""acm"":1,""sim"":true,""user_ref"":""user-0105""}",73a99c404db9fa30e57b5d2712139856d7c313d0e1653bd34c35d481f57795de,0dae3b964319cc537e7234b417ccb48986427b02bb14205c4c7225575d7c145f
115,2026-08-06T11:27:15-04:00,2027,27,ENROLLED,2MWjV2Rqb6ge3KDU65wepU2pATbdn9c9929iEGsjP6J4,"{""acm"":1,""sim"":true,""user_ref"":""user-0106""}",0dae3b964319cc537e7234b417ccb48986427b02bb14205c4c7225575d7c145f,607164b62436ca29ed02d603e4ea78cd471d3f7084e5dbecf9f736956a87c9f7
116,2026-08-06T11:27:15-04:00,2027,27,ENROLLED,EWLLyN8h8DvAC2PkvtcCW5NctuY9LxXUerAH9d4qLCzs,"{""acm"":1,""sim"":true,""user_ref"":""user-0107""}",607164b62436ca29ed02d603e4ea78cd471d3f7084e5dbecf9f736956a87c9f7,45d7711a16523991f489d9779109c4497c6a7724390b2491e46452615302e788
117,2026-08-06T11:27:15-04:00,2027,27,ENROLLED,8xzoySG4BPp5ugPBULsuXpskvABfmE8pZyS5sepZLDMk,"{""acm"":1,""sim"":true,""user_ref"":""user-0108""}",45d7711a16523991f489d9779109c4497c6a7724390b2491e46452615302e788,df51b575f79e608ea2b0522580731992f5df010b444b94ed25ad00a51d6b7cc7
118,2026-08-06T11:27:15-04:00,2027,27,ENROLLED,3BjWWprt8hoZpe8rUNwdUH3FVhgbvYFBQ5LSogMUPAzW,"{""acm"":1,""sim"":true,""user_ref"":""user-0109""}",df51b575f79e608ea2b0522580731992f5df010b444b94ed25ad00a51d6b7cc7,b0962450b6e93ff860242852b434c2abfcc141a5e17e7444631d559002fdd800
119,2026-08-06T11:27:15-04:00,2027,27,ENROLLED,CXefVYWy6hcBJ3FTZV5bhzsQHK5QLFUuk8cpuP6VfXnd,"{""acm"":1,""sim"":true,""user_ref"":""user-0110""}",b0962450b6e93ff860242852b434c2abfcc141a5e17e7444631d559002fdd800,5648d68244a08bbc97f25f95a98485142fa9cff838f8818871a3f8944b038ff0
120,2026-08-06T11:27:15-04:00,2027,27,ENROLLED,2a75hgBgTq6uDJg3vvTePxUyvJurXzasDEqh4CyFp423,"{""acm"":1,""sim"":true,""user_ref"":""user-0111""}",5648d68244a08bbc97f25f95a98485142fa9cff838f8818871a3f8944b038ff0,dab841fe57337c037b79f4c0691f43e5701efba44e8bb12312165501be2f36c7
121,2026-08-06T11:27:16-04:00,2027,27,ENROLLED,F5pywztBXdkuQbV9oZTWfgrcr4KzYGNS9hDdGvDgtXGe,"{""acm"":1,""sim"":true,""user_ref"":""user-0112""}",dab841fe57337c037b79f4c0691f43e5701efba44e8bb12312165501be2f36c7,352c0636d31d65f5c35be1f3edce3bf37e8ad4a9a3fa9e13cf20b7109c92c53b
122,2026-08-06T11:27:16-04:00,2027,27,ENROLLED,CFo5hxhtqFWT82iKEn5i5AXYH4NiuxpzSecRq4PxCN3B,"{""acm"":1,""sim"":true,""user_ref"":""user-0113""}",352c0636d31d65f5c35be1f3edce3bf37e8ad4a9a3fa9e13cf20b7109c92c53b,8aca890ff3c6e1ff5c5463cf60c041d88f71a7dc938462024741c960de09943b
123,2026-08-06T11:27:16-04:00,2027,27,ENROLLED,AcUbLjy67VWUjuNnjbR16m792X9qTDy2gHeLYaDXX5xS,"{""acm"":1,""sim"":true,""user_ref"":""user-0114""}",8aca890ff3c6e1ff5c5463cf60c041d88f71a7dc938462024741c960de09943b,32ab6297fa027fb4dcee79b42d81567bc17ee61a089b049fa2e7d12027f3e631
124,2026-08-06T11:27:16-04:00,2027,27,ENROLLED,9uCQPZwhBbTxqRZtridv4v2AJejHpDx26iczPzkxxSvN,"{""acm"":1,""sim"":true,""user_ref"":""user-0115""}",32ab6297fa027fb4dcee79b42d81567bc17ee61a089b049fa2e7d12027f3e631,af179b0932c54300433106af6018ddb8f20f81ab79373d9f21cb99dd47de5261
125,2026-08-06T11:27:16-04:00,2027,27,ENROLLED,CujhYJsaQLWbCSqFJaYywHNdYSsQ6JK1J8fHqJQNrUHY,"{""acm"":1,""sim"":true,""user_ref"":""user-0116""}",af179b0932c54300433106af6018ddb8f20f81ab79373d9f21cb99dd47de5261,28aa5c1d0f631e7f02df0b0cb01857d785efa5c7f933198187b443f79baf6d92
126,2026-08-06T11:27:16-04:00,2027,27,ENROLLED,B5wJEKDLxzj5gNaXUBNHAc8rCihbsNhWpoS9vyjMAw3t,"{""acm"":1,""sim"":true,""user_ref"":""user-0117""}",28aa5c1d0f631e7f02df0b0cb01857d785efa5c7f933198187b443f79baf6d92,f8049204acb2d27bfca752f27b5b8342649054b7087c6d405804eee822ebd125
127,2026-08-06T11:27:16-04:00,2027,27,ENROLLED,B9hrBWsytE1Mh2w4ArXwhCUTSNncQjhWRfh4cztwPZ3P,"{""acm"":1,""sim"":true,""user_ref"":""user-0118""}",f8049204acb2d27bfca752f27b5b8342649054b7087c6d405804eee822ebd125,daeb7023d01e569d86101021f52b066a1950f9467b32cc89997389c2efd2f7a3
128,2026-08-06T11:27:16-04:00,2027,27,ENROLLED,8784MbPSnho6KxbeUFQuJn3p2cNrQojXBombpjU68YfD,"{""acm"":1,""sim"":true,""user_ref"":""user-0119""}",daeb7023d01e569d86101021f52b066a1950f9467b32cc89997389c2efd2f7a3,cc98cdffa1187b68e802edfad88ea4ab4ddf7305462b61324274e5fcf163105b
129,2026-08-06T11:27:16-04:00,2027,27,ENROLLED,51EnVw925M7tnX9aCLCtQM3kmVQvDE811j111TLpmoU4,"{""acm"":1,""sim"":true,""user_ref"":""user-0120""}",cc98cdffa1187b68e802edfad88ea4ab4ddf7305462b61324274e5fcf163105b,7de640eab171c38709de65218e40661495c3d80db8078c941fc6f6db50a15052
130,2026-08-06T11:27:16-04:00,2027,27,ENROLLED,56FcL5g84CsqqsSEzH9qDEgrCz4XS899JqXNR6XjaUtA,"{""acm"":1,""sim"":true,""user_ref"":""user-0121""}",7de640eab171c38709de65218e40661495c3d80db8078c941fc6f6db50a15052,c98cb50388523fb9c4d61186b13cecba3e108d297bba476c7e0fc72e5e9e6089
131,2026-08-06T11:27:16-04:00,2027,27,ENROLLED,38qHhtG3yCbPUpscVaUp6gdRDQKUpz7waw5VEUwoTapC,"{""acm"":1,""sim"":true,""user_ref"":""user-0122""}",c98cb50388523fb9c4d61186b13cecba3e108d297bba476c7e0fc72e5e9e6089,e1668ece679ffc7c017b781a029acc018ed650b143cb733115cf2eda131d9db9
132,2026-08-06T11:27:16-04:00,2027,27,ENROLLED,6p4XRCa6cX7Sayp1V2zdKFDXqkppHLfCZqqQTKZaRGXx,"{""acm"":1,""sim"":true,""user_ref"":""user-0123""}",e1668ece679ffc7c017b781a029acc018ed650b143cb733115cf2eda131d9db9,b391d19d959c7ff5eaf458c839cbeec661ecc52980e73a1ac35764cd534f3272
133,2026-08-06T11:27:16-04:00,2027,27,ENROLLED,Ceu33HjVKbhFvryGE8XpVXRojSHh3sboe4Szw2ZKwnYN,"{""acm"":1,""sim"":true,""user_ref"":""user-0124""}",b391d19d959c7ff5eaf458c839cbeec661ecc52980e73a1ac35764cd534f3272,c18a2168e2262f457b4375c472e9106f168688fb233474b4c688de7b2b18f0b0
134,2026-08-06T11:27:16-04:00,2027,27,ENROLLED,98SBGRPaSKMf4c2qADPwsrAjG6UEFuVmZP9nf9EjHNMN,"{""acm"":1,""sim"":true,""user_ref"":""user-0125""}",c18a2168e2262f457b4375c472e9106f168688fb233474b4c688de7b2b18f0b0,8efbfd4b8322a87c8e9c7235563bca4de78b405f4404cc8968e68cb030ed87ec
135,2026-08-06T11:27:16-04:00,2027,27,ENROLLED,FVZcL2rnt6D984s2HhNsv3nbX7mNoDg1U56Uy9pFkmbJ,"{""acm"":1,""sim"":true,""user_ref"":""user-0126""}",8efbfd4b8322a87c8e9c7235563bca4de78b405f4404cc8968e68cb030ed87ec,dd3da7d3e12c6085ec1393cda71ceefda21a4245dc37c6830923dc89ac7963bf
136,2026-08-06T11:27:16-04:00,2027,27,ENROLLED,2Phbe4uG1XgxrRfMRC2tT8bV3T2jqQBPMgCtCtcUe6Mt,"{""acm"":1,""sim"":true,""user_ref"":""user-0127""}",dd3da7d3e12c6085ec1393cda71ceefda21a4245dc37c6830923dc89ac7963bf,2797ce6df1cb4e097b55847163b568cb31a64da9bddfa7a1b849a5f2acf6074b
137,2026-08-06T11:27:16-04:00,2027,27,ENROLLED,CYJCqQbPGq5c1udDUMm2BveYnPeWUjFSJyCdntwmD28M,"{""acm"":1,""sim"":true,""user_ref"":""user-0128""}",2797ce6df1cb4e097b55847163b568cb31a64da9bddfa7a1b849a5f2acf6074b,8b9eaafff49338f83296ac89c52c6e3104c9ef7c425272dc1777dc90bcfaa80a
138,2026-08-06T11:27:16-04:00,2027,27,ENROLLED,AgGJHfUTpzBX121j4eTvWxavzth8Dgshk7ijLyrQ3TrF,"{""acm"":1,""sim"":true,""user_ref"":""user-0129""}",8b9eaafff49338f83296ac89c52c6e3104c9ef7c425272dc1777dc90bcfaa80a,a5b3b40a5516eac9b45cc2365299095bf0d120a102075a7689d22e1ee14ad069
139,2026-08-06T11:27:16-04:00,2027,27,ENROLLED,3NSz6tW2YMmXurQuBtFSZxrkwuJ7muX1RELvA4wVdMAv,"{""acm"":1,""sim"":true,""user_ref"":""user-0130""}",a5b3b40a5516eac9b45cc2365299095bf0d120a102075a7689d22e1ee14ad069,cf5c04a53c4f37165d77004b3f81b455c573dcb968a3991be012643e806350bf
140,2026-08-06T11:27:16-04:00,2027,27,ENROLLED,HSsSExpsSdvbjALoJFFNLme72sPeQGfGspA8swtSU2aJ,"{""acm"":1,""sim"":true,""user_ref"":""user-0131""}",cf5c04a53c4f37165d77004b3f81b455c573dcb968a3991be012643e806350bf,1d46e498c39cc1cdfbc1e8fa5b10b363045c01128067f06067ee03742e28a284
141,2026-08-06T11:27:16-04:00,2027,27,ENROLLED,6toFgY5sJq3oPKcdjULZUEe3YPAw6BS7Q5oJAeR9Hy9j,"{""acm"":1,""sim"":true,""user_ref"":""user-0132""}",1d46e498c39cc1cdfbc1e8fa5b10b363045c01128067f06067ee03742e28a284,eea50735b1fa4a9c2d03f3e728fd19a9abadf2547fc980b825420d1ac7e2ff43
142,2026-08-06T11:27:16-04:00,2027,27,ENROLLED,2SepzM945cTyBDcn1GE9iLvwyGdBXcDDGphfESVbWR1N,"{""acm"":1,""sim"":true,""user_ref"":""user-0133""}",eea50735b1fa4a9c2d03f3e728fd19a9abadf2547fc980b825420d1ac7e2ff43,769852ec2754d23ec280748ac0e3a2f71857b98df6be26cf60a4b55579a8fd55
143,2026-08-06T11:27:16-04:00,2027,27,ENROLLED,7we5YHPnsyXLSDKDdaKMedRb3bDrfncg3xddYcEBxAFw,"{""acm"":1,""sim"":true,""user_ref"":""user-0134""}",769852ec2754d23ec280748ac0e3a2f71857b98df6be26cf60a4b55579a8fd55,bbcbb9cfa50977ca2fddd5d4fc5ed8871b5a69e7cdbdd310c7ae14f831437490
144,2026-08-06T11:27:16-04:00,2027,27,ENROLLED,H3FcoPEgjobnHMruS8tXsSdjjej9xbZhCcqNfBw6SRT7,"{""acm"":1,""sim"":true,""user_ref"":""user-0135""}",bbcbb9cfa50977ca2fddd5d4fc5ed8871b5a69e7cdbdd310c7ae14f831437490,cc7416816c7fbd1a853f910537270257617020b8f550dc6d06d3fa0f65c654cc
145,2026-08-06T11:27:16-04:00,2027,27,ENROLLED,FGCC32XCj6B3fM73JPALBSxp9GPV5drcz8NrjjupbDd,"{""acm"":1,""sim"":true,""user_ref"":""user-0136""}",cc7416816c7fbd1a853f910537270257617020b8f550dc6d06d3fa0f65c654cc,3a7b965465127ba875e538ef4d7aa191e68fbcf5a5bcf9690acc3d5d19a522d9
146,2026-08-06T11:27:16-04:00,2027,27,ENROLLED,GYevuf1coPW6KHDzwAcNcJJqu9V7jotBWWT4kutEmfzT,"{""acm"":1,""sim"":true,""user_ref"":""user-0137""}",3a7b965465127ba875e538ef4d7aa191e68fbcf5a5bcf9690acc3d5d19a522d9,37e58b1b7cf39914367636ebedd5e07b1a8d396d482b65c04636bf677ffb939b
147,2026-08-06T11:27:16-04:00,2027,27,ENROLLED,G9nBwvUuVSL88ZGcNCYoGUpcgcPczdeyai9NNsgR1c4R,"{""acm"":1,""sim"":true,""user_ref"":""user-0138""}",37e58b1b7cf39914367636ebedd5e07b1a8d396d482b65c04636bf677ffb939b,f456bdfa9e39c964ac8bcacea4aaf11e70c8ab5a024c56db162bb1e881fda038
148,2026-08-06T11:27:16-04:00,2027,27,ENROLLED,6Z8MzAiyqJhbacXntZWSnCr2S7hZYdjXo6KdjTLxjJd1,"{""acm"":1,""sim"":true,""user_ref"":""user-0139""}",f456bdfa9e39c964ac8bcacea4aaf11e70c8ab5a024c56db162bb1e881fda038,79cb4957bf8c5091ab54158c5e9a8b69e18ee20d1f308f04e79058c408c85355
149,2026-08-06T11:27:16-04:00,2027,27,MTC_ISSUED,MTC-2C966270012B,"{""closes"":""2026-08-07T23:59:59-04:00"",""offer"":""PG-TIDE-W27"",""wallet"":""4J71wib8hphFf9aKCHX9VMjAFZYbqCqy32JSnTomVgyG""}",79cb4957bf8c5091ab54158c5e9a8b69e18ee20d1f308f04e79058c408c85355,8f3875010004205c59628a23b6ace9c20bd0fae34f509867b9ff29077300adfb
150,2026-08-06T11:27:16-04:00,2027,27,MTC_ISSUED,MTC-C81C19CF5D2F,"{""closes"":""2026-08-07T23:59:59-04:00"",""offer"":""PG-TIDE-W27"",""wallet"":""6BTfv9iKdWkA9ycCeHwvafTLG1MjBxu8oJDMwFUsRQjN""}",8f3875010004205c59628a23b6ace9c20bd0fae34f509867b9ff29077300adfb,11e3b5abb86c55279bbde086dfaec9ff99d324ef49e2150a5ecb185276d22bab
151,2026-08-06T11:27:16-04:00,2027,27,MTC_ISSUED,MTC-CA0B27DEF8BC,"{""closes"":""2026-08-07T23:59:59-04:00"",""offer"":""PG-TIDE-W27"",""wallet"":""H3FcoPEgjobnHMruS8tXsSdjjej9xbZhCcqNfBw6SRT7""}",11e3b5abb86c55279bbde086dfaec9ff99d324ef49e2150a5ecb185276d22bab,375cab1650249d876b1cd25d7691200ff123c6d627bc9992b3e2f5f639c7c804
152,2026-08-06T11:27:16-04:00,2027,27,MTC_ISSUED,MTC-E63E9380FAB9,"{""closes"":""2026-08-07T23:59:59-04:00"",""offer"":""PG-TIDE-W27"",""wallet"":""5FZZCsBoxDcSimRnfSs66uWnWx47SEsXpZiYc3btfs68""}",375cab1650249d876b1cd25d7691200ff123c6d627bc9992b3e2f5f639c7c804,f53be836697ce43e509a91fe6c39324ea03eec994c15324ae6a8623edef27aec
153,2026-08-06T11:27:16-04:00,2027,27,MTC_ISSUED,MTC-A03C851E4D8B,"{""closes"":""2026-08-07T23:59:59-04:00"",""offer"":""PG-TIDE-W27"",""wallet"":""5QUKgzNAMprZCW6BZMKJzr1eMo2XJ4zek1AczjvRPmaZ""}",f53be836697ce43e509a91fe6c39324ea03eec994c15324ae6a8623edef27aec,e883c206c21d23a7a2f2c8cf61187c2de692ae736f1229b0b9e91cb6906c06fa
154,2026-08-06T11:27:16-04:00,2027,27,MTC_ISSUED,MTC-3A2E6585D4BF,"{""closes"":""2026-08-07T23:59:59-04:00"",""offer"":""PG-TIDE-W27"",""wallet"":""3V2VWjvmr6ecRJhoy369AqqmqzC4xxD5WCuny5LFQEd8""}",e883c206c21d23a7a2f2c8cf61187c2de692ae736f1229b0b9e91cb6906c06fa,2839a3643ede9497c082669b1528a58a64906e1f2cd99eb770118ee678139c98
155,2026-08-06T11:27:16-04:00,2027,27,MTC_ISSUED,MTC-883F7B6EBD76,"{""closes"":""2026-08-07T23:59:59-04:00"",""offer"":""PG-TIDE-W27"",""wallet"":""H9Q1Gt8ER5cHc5SsKV58zRvo9XiVZ4hciRsoZeQ42TQk""}",2839a3643ede9497c082669b1528a58a64906e1f2cd99eb770118ee678139c98,0954553db2e20ee964b4431f0779777efb59127d241c6bf13fa30e5b4df97170
156,2026-08-06T11:27:16-04:00,2027,27,MTC_ISSUED,MTC-0AC8DEEEBD5D,"{""closes"":""2026-08-07T23:59:59-04:00"",""offer"":""PG-TIDE-W27"",""wallet"":""AMVtvQizNYAHsMhhdrv8PRWkUWxxhG5tYsSFjckc2Zwu""}",0954553db2e20ee964b4431f0779777efb59127d241c6bf13fa30e5b4df97170,4d6fec06ffdff283244ac232d5ecab295fae92f6a2ec34e81b0f6db5dc3599b8
157,2026-08-06T11:27:16-04:00,2027,27,MTC_ISSUED,MTC-6A0C802093DD,"{""closes"":""2026-08-07T23:59:59-04:00"",""offer"":""PG-TIDE-W27"",""wallet"":""B8V1hNG7smErKbc1NGv9M9zxFwQdjkPaDkwPRwqHsD7g""}",4d6fec06ffdff283244ac232d5ecab295fae92f6a2ec34e81b0f6db5dc3599b8,f408802470601110f302a83284e5bf60aace4d6d617f078d105c8150877c0189
158,2026-08-06T11:27:16-04:00,2027,27,MTC_ISSUED,MTC-084074ECB3E0,"{""closes"":""2026-08-07T23:59:59-04:00"",""offer"":""PG-TIDE-W27"",""wallet"":""5R1LR5xasiPHpJpZC4CCxAmy7MWtew9bzqRYo9MAiBL2""}",f408802470601110f302a83284e5bf60aace4d6d617f078d105c8150877c0189,1c06f96a6fc97127712b3248d99b25b77326ec8c8de4c085f841e17ee0e9441c
159,2026-08-06T11:27:16-04:00,2027,27,MTC_ISSUED,MTC-E87656A73102,"{""closes"":""2026-08-07T23:59:59-04:00"",""offer"":""PG-TIDE-W27"",""wallet"":""CAm92JjaBRKMgRtRRMiLRW64igqi6QxUETAQQXaCx5tq""}",1c06f96a6fc97127712b3248d99b25b77326ec8c8de4c085f841e17ee0e9441c,33dff075890cc3e86f70523b6dcf6fdddd5571b9a73b77dc51cf8c7f1b30315b
160,2026-08-06T11:27:16-04:00,2027,27,MTC_ISSUED,MTC-11B7328858A0,"{""closes"":""2026-08-07T23:59:59-04:00"",""offer"":""PG-TIDE-W27"",""wallet"":""6Z8MzAiyqJhbacXntZWSnCr2S7hZYdjXo6KdjTLxjJd1""}",33dff075890cc3e86f70523b6dcf6fdddd5571b9a73b77dc51cf8c7f1b30315b,0e27db93390a8d90dcb27949348f1810227f809e5fec54c132a1333498d7c7cc
161,2026-08-06T11:27:16-04:00,2027,27,MTC_ISSUED,MTC-6B87976F9A89,"{""closes"":""2026-08-07T23:59:59-04:00"",""offer"":""PG-TIDE-W27"",""wallet"":""TM7uNMpUMQNwcKRdNeWhHJASN8AVa6MVWYxP8v9xRzH""}",0e27db93390a8d90dcb27949348f1810227f809e5fec54c132a1333498d7c7cc,66c5afa64197b5336d1b44800ef0f682ba92642945601872cf39c341d51c1bbb
162,2026-08-06T11:27:16-04:00,2027,27,MTC_ISSUED,MTC-62DB7F74DAEC,"{""closes"":""2026-08-07T23:59:59-04:00"",""offer"":""PG-TIDE-W27"",""wallet"":""CXefVYWy6hcBJ3FTZV5bhzsQHK5QLFUuk8cpuP6VfXnd""}",66c5afa64197b5336d1b44800ef0f682ba92642945601872cf39c341d51c1bbb,f981a4c1ae9e110a87811527162d22be03d2096d7b5b184d4e7d7b1a07275113
163,2026-08-06T11:27:16-04:00,2027,27,MTC_ISSUED,MTC-6FCB490BAA0D,"{""closes"":""2026-08-07T23:59:59-04:00"",""offer"":""PG-TIDE-W27"",""wallet"":""8uA12kH5VHimeuMKCPusFgYVhX2hEWNZKqpQqBg7xAkF""}",f981a4c1ae9e110a87811527162d22be03d2096d7b5b184d4e7d7b1a07275113,17e528a7555a61fe7d91777466db0ca80c9ad2c011f196ba6c1291b7d94ba898
164,2026-08-06T11:27:16-04:00,2027,27,MTC_ISSUED,MTC-6F7CC84D3B1F,"{""closes"":""2026-08-07T23:59:59-04:00"",""offer"":""PG-TIDE-W27"",""wallet"":""8PiPhsYd1eVk5GeasMUrthEcfwMEx8JwDvY97AYVYQEc""}",17e528a7555a61fe7d91777466db0ca80c9ad2c011f196ba6c1291b7d94ba898,d31fefd401051b33492df7661e562b728f628e8c79e0050bcfe23415e2bbde2d
165,2026-08-06T11:27:16-04:00,2027,27,MTC_ISSUED,MTC-EFC016ACCE09,"{""closes"":""2026-08-07T23:59:59-04:00"",""offer"":""PG-TIDE-W27"",""wallet"":""3NSz6tW2YMmXurQuBtFSZxrkwuJ7muX1RELvA4wVdMAv""}",d31fefd401051b33492df7661e562b728f628e8c79e0050bcfe23415e2bbde2d,e80d91fad6a53e3624e2ad565ad658bc74b47f59b07566b424082f7169c2e672
166,2026-08-06T11:27:16-04:00,2027,27,MTC_ISSUED,MTC-DCCB21601108,"{""closes"":""2026-08-07T23:59:59-04:00"",""offer"":""PG-TIDE-W27"",""wallet"":""4KHzMZc75Gt1KaoTquFa8aETbz6mY6uJpjgKRoZ19nqQ""}",e80d91fad6a53e3624e2ad565ad658bc74b47f59b07566b424082f7169c2e672,ee40889676e26667763e8587822507796397e9eceff2fc031059c3b4db8d7a76
167,2026-08-06T11:27:16-04:00,2027,27,MTC_ISSUED,MTC-172BB8D03CC7,"{""closes"":""2026-08-07T23:59:59-04:00"",""offer"":""PG-TIDE-W27"",""wallet"":""2BFq8Eoc4CzVYGsuEsutX9zFyMJuAkFeDXWRBtx6f8DC""}",ee40889676e26667763e8587822507796397e9eceff2fc031059c3b4db8d7a76,7f7f4594622e9a1a09f4d0d3366ef6a88fa274af2d606f005982aee97e7f91cf
168,2026-08-06T11:27:16-04:00,2027,27,MTC_ISSUED,MTC-4881A2A7EF7B,"{""closes"":""2026-08-07T23:59:59-04:00"",""offer"":""PG-TIDE-W27"",""wallet"":""CFo5hxhtqFWT82iKEn5i5AXYH4NiuxpzSecRq4PxCN3B""}",7f7f4594622e9a1a09f4d0d3366ef6a88fa274af2d606f005982aee97e7f91cf,833cedec7696fe7fc214c5e46907e483b1af95cf1b39aaa8238fea6c151a7247
169,2026-08-06T11:27:16-04:00,2027,27,MTC_ISSUED,MTC-C998B89F2754,"{""closes"":""2026-08-07T23:59:59-04:00"",""offer"":""PG-TIDE-W27"",""wallet"":""EWLLyN8h8DvAC2PkvtcCW5NctuY9LxXUerAH9d4qLCzs""}",833cedec7696fe7fc214c5e46907e483b1af95cf1b39aaa8238fea6c151a7247,8490a3ec45bf637523915e438a33e655af0e8940f45c655e083e75b416a316fb
170,2026-08-06T11:27:16-04:00,2027,27,MTC_ISSUED,MTC-F640F41BACEA,"{""closes"":""2026-08-07T23:59:59-04:00"",""offer"":""PG-TIDE-W27"",""wallet"":""7nFH9dccGnsmY87VUb6WohmWgJfrHsZUtc82u8Lqmy81""}",8490a3ec45bf637523915e438a33e655af0e8940f45c655e083e75b416a316fb,001d2775cb27d9a9da13a8eb7eb56b2cd50c5fa8e03313d719a548c42444ac03
171,2026-08-06T11:27:16-04:00,2027,27,MTC_ISSUED,MTC-5FCC4AF7DCE0,"{""closes"":""2026-08-07T23:59:59-04:00"",""offer"":""PG-TIDE-W27"",""wallet"":""B5wJEKDLxzj5gNaXUBNHAc8rCihbsNhWpoS9vyjMAw3t""}",001d2775cb27d9a9da13a8eb7eb56b2cd50c5fa8e03313d719a548c42444ac03,645582746ef2a15bcedcfb165c61fccff5a062813771c531f670ca90368cdc10
172,2026-08-06T11:27:16-04:00,2027,27,MTC_ISSUED,MTC-6DC8C09F3865,"{""closes"":""2026-08-07T23:59:59-04:00"",""offer"":""PG-TIDE-W27"",""wallet"":""HSsSExpsSdvbjALoJFFNLme72sPeQGfGspA8swtSU2aJ""}",645582746ef2a15bcedcfb165c61fccff5a062813771c531f670ca90368cdc10,f440a22a04b60015327412ddc62d18dc2e4c51845bd07bc05d487e87c879d5dd
173,2026-08-06T11:27:16-04:00,2027,27,MTC_ISSUED,MTC-0FFF3869967A,"{""closes"":""2026-08-07T23:59:59-04:00"",""offer"":""PG-TIDE-W27"",""wallet"":""F9uMKF2VSgqgpivNYNeVccv3fHwTUonEG9MoMyL4FrUS""}",f440a22a04b60015327412ddc62d18dc2e4c51845bd07bc05d487e87c879d5dd,8fecf5d2c40a63ee8d52c2e4a41836089ea2cf24146b7c784f294bfbcd1778f9
174,2026-08-06T11:27:16-04:00,2027,27,MTC_ISSUED,MTC-E5E40F8F58D5,"{""closes"":""2026-08-07T23:59:59-04:00"",""offer"":""PG-TIDE-W27"",""wallet"":""GhJtUvxeEAxLTkoW1vMPG5DqRnf3HwEk8aGbQX2X9T2V""}",8fecf5d2c40a63ee8d52c2e4a41836089ea2cf24146b7c784f294bfbcd1778f9,962c3c27e6ac078c8fbad71e5004c7326e0fb26b525a43fc3eead47a07b45771
175,2026-08-06T11:27:16-04:00,2027,27,MTC_ISSUED,MTC-75DF952FCA85,"{""closes"":""2026-08-07T23:59:59-04:00"",""offer"":""PG-TIDE-W27"",""wallet"":""7we5YHPnsyXLSDKDdaKMedRb3bDrfncg3xddYcEBxAFw""}",962c3c27e6ac078c8fbad71e5004c7326e0fb26b525a43fc3eead47a07b45771,3a1c46def0c557e23d57b7db5d34f026522456e96f296de1cf79d72fdf9ccddb
176,2026-08-06T11:27:16-04:00,2027,27,MTC_ISSUED,MTC-699F475CC168,"{""closes"":""2026-08-07T23:59:59-04:00"",""offer"":""PG-TIDE-W27"",""wallet"":""8dqwupK5ChD6Lgrsiov1WeHqAyZh3N2RH896v27DCsNW""}",3a1c46def0c557e23d57b7db5d34f026522456e96f296de1cf79d72fdf9ccddb,fba9c9f04afa153dbc6ad73e79a22c30d93580e1c7a312bf7242686eb01b8036
177,2026-08-06T11:27:16-04:00,2027,27,MTC_ISSUED,MTC-CB88997BFAC0,"{""closes"":""2026-08-07T23:59:59-04:00"",""offer"":""PG-TIDE-W27"",""wallet"":""6toFgY5sJq3oPKcdjULZUEe3YPAw6BS7Q5oJAeR9Hy9j""}",fba9c9f04afa153dbc6ad73e79a22c30d93580e1c7a312bf7242686eb01b8036,eb2a3d0e0ad9d378def74d1b4668cebb6ee3b86377463ce8de4ed6095086e04f
178,2026-08-06T11:27:16-04:00,2027,27,MTC_ISSUED,MTC-F1739D34703C,"{""closes"":""2026-08-07T23:59:59-04:00"",""offer"":""PG-TIDE-W27"",""wallet"":""7qz39CfCiqEsmARgB4T4FRgGqWrsBYq7sm7pNQeJr9TK""}",eb2a3d0e0ad9d378def74d1b4668cebb6ee3b86377463ce8de4ed6095086e04f,3169f393b0a208879a03c32b008d9ca4f942825a8b9d4e801b3559be6eded05b
179,2026-08-06T11:27:16-04:00,2027,27,MTC_ISSUED,MTC-8944EFE7B037,"{""closes"":""2026-08-07T23:59:59-04:00"",""offer"":""PG-TIDE-W27"",""wallet"":""7TKums4vGoaQc1phcB5QMDTfMNXWobTUF5Gr1rEE4k7H""}",3169f393b0a208879a03c32b008d9ca4f942825a8b9d4e801b3559be6eded05b,54165bc2b0334fdf15a3639b4e57305ad44f86c1709492cbe1043d9139313071
180,2026-08-06T11:27:16-04:00,2027,27,MTC_ISSUED,MTC-66E406ADA356,"{""closes"":""2026-08-07T23:59:59-04:00"",""offer"":""PG-TIDE-W27"",""wallet"":""87AuYd9LamZ931HVcNnn9DtAs2xxSXwHXWqog6x172az""}",54165bc2b0334fdf15a3639b4e57305ad44f86c1709492cbe1043d9139313071,36dd27cf43ac090cc3dbee3263547c61e15495ca1bc4b1703de289fd006b7247
181,2026-08-06T11:27:16-04:00,2027,27,MTC_ISSUED,MTC-40E6EA0C08DE,"{""closes"":""2026-08-07T23:59:59-04:00"",""offer"":""PG-TIDE-W27"",""wallet"":""HibYwUNpjdcfWxrnW4J8Qi4DY8M8i6hgiRC3hh1SJxWX""}",36dd27cf43ac090cc3dbee3263547c61e15495ca1bc4b1703de289fd006b7247,2681d4e41c75cc2fd9fc3e2cf70fc08f46ce4fe100e1ba7b4c1974b8a72cd2d6
182,2026-08-06T11:27:16-04:00,2027,27,MTC_ISSUED,MTC-D1CE293A86A7,"{""closes"":""2026-08-07T23:59:59-04:00"",""offer"":""PG-TIDE-W27"",""wallet"":""DaAXo8y2ExhNWTDd73XqoR83CfGgCFfvfqiS5LifTswT""}",2681d4e41c75cc2fd9fc3e2cf70fc08f46ce4fe100e1ba7b4c1974b8a72cd2d6,8677c7821f259033e936fbcd5ec920ff24e0163d612d67c91ef1430b79f34fad
183,2026-08-06T11:27:16-04:00,2027,27,MTC_ISSUED,MTC-E0F9CC8145C5,"{""closes"":""2026-08-07T23:59:59-04:00"",""offer"":""PG-TIDE-W27"",""wallet"":""4bvMmpfXkKDPnXW8xwD6FC2ZLpnmk5EPeUmnB2T8T96H""}",8677c7821f259033e936fbcd5ec920ff24e0163d612d67c91ef1430b79f34fad,c9f9bfdf60f724860650f81d5accd4ff9ab795e0312285ce4ad9d8e3715ab977
184,2026-08-06T11:27:16-04:00,2027,27,MTC_ISSUED,MTC-F949F62EB63E,"{""closes"":""2026-08-07T23:59:59-04:00"",""offer"":""PG-TIDE-W27"",""wallet"":""9qDXcrtJWnMDvS5r1AtDUznLuTYvFCkKVjV2sX2KSSRE""}",c9f9bfdf60f724860650f81d5accd4ff9ab795e0312285ce4ad9d8e3715ab977,a04d121adbf17d2372f179387c18ad8675fab78ac9e95dd4060ee174c1f437b0
185,2026-08-06T11:27:16-04:00,2027,27,MTC_ISSUED,MTC-75A0AEBC85A6,"{""closes"":""2026-08-07T23:59:59-04:00"",""offer"":""PG-TIDE-W27"",""wallet"":""BiEMuLSMXh2Bo1knQg3fqw74YNv6HDh55kDSXGVjb55D""}",a04d121adbf17d2372f179387c18ad8675fab78ac9e95dd4060ee174c1f437b0,6f7165bec51ed31e80b7265ce4b6913e01ac80830721758dde7dac0510f8faee
186,2026-08-06T11:27:16-04:00,2027,27,MTC_ISSUED,MTC-83E56BE08E74,"{""closes"":""2026-08-07T23:59:59-04:00"",""offer"":""PG-TIDE-W27"",""wallet"":""9CrX2pffttGnJuL78i6z3qC1z6qRLuWQnuZxFo3rymR4""}",6f7165bec51ed31e80b7265ce4b6913e01ac80830721758dde7dac0510f8faee,65eea15ff228047cc7331994ec3fa121cc23c4b8e430b9b7ba0ec15eca73d5ac
187,2026-08-06T11:27:16-04:00,2027,27,MTC_ISSUED,MTC-568B03C1E271,"{""closes"":""2026-08-07T23:59:59-04:00"",""offer"":""PG-TIDE-W27"",""wallet"":""6SyjxZ42GNGWRMSSEpj7iyq9RfvmEW5kFjZCYhe1YEWJ""}",65eea15ff228047cc7331994ec3fa121cc23c4b8e430b9b7ba0ec15eca73d5ac,898fb6b402692985523545096958ff2f99924e7bc6ae05b585cf284ce0ef9540
188,2026-08-06T11:27:16-04:00,2027,27,MTC_ISSUED,MTC-F7AE1A69BD0B,"{""closes"":""2026-08-07T23:59:59-04:00"",""offer"":""PG-TIDE-W27"",""wallet"":""78DpoEoaLcKYqfXK1AETBgGhSFvM6rbSrXtC71hfzZPo""}",898fb6b402692985523545096958ff2f99924e7bc6ae05b585cf284ce0ef9540,8881b81e7556bcc3410c9d49c3da96b989a13eeb3b35e6f685c54b55a3538e47
189,2026-08-06T11:27:16-04:00,2027,27,MTC_ISSUED,MTC-100B028462AE,"{""closes"":""2026-08-07T23:59:59-04:00"",""offer"":""PG-TIDE-W27"",""wallet"":""9dGbkuJgG2h2x4bLzchUw44ShSxEJe9y3jVH26jPVXGV""}",8881b81e7556bcc3410c9d49c3da96b989a13eeb3b35e6f685c54b55a3538e47,9e0c202a8e133b13a7d22c61d5502e9b395bfa6e50f3ad66b6d77426cfd3086e
190,2026-08-06T11:27:16-04:00,2027,27,MTC_ISSUED,MTC-74BF8D3B4D2F,"{""closes"":""2026-08-07T23:59:59-04:00"",""offer"":""PG-TIDE-W27"",""wallet"":""dbbdLkAtaVJHVCmPFqGsEPZ1KQhCybchJc7XKVQgWhP""}",9e0c202a8e133b13a7d22c61d5502e9b395bfa6e50f3ad66b6d77426cfd3086e,5fa584a4b5def1a7c06c827dee2c97cf8748f258f2feee82a7debd888e6d50f2
191,2026-08-06T11:27:16-04:00,2027,27,MTC_ISSUED,MTC-B4E16021FF54,"{""closes"":""2026-08-07T23:59:59-04:00"",""offer"":""PG-TIDE-W27"",""wallet"":""8xzoySG4BPp5ugPBULsuXpskvABfmE8pZyS5sepZLDMk""}",5fa584a4b5def1a7c06c827dee2c97cf8748f258f2feee82a7debd888e6d50f2,93b3aef5114787044cf21f3c645c6b8859214fda1e2b7724cb89b61fdbb79c93
192,2026-08-06T11:27:16-04:00,2027,27,MTC_ISSUED,MTC-3E3FAE8879B9,"{""closes"":""2026-08-07T23:59:59-04:00"",""offer"":""PG-TIDE-W27"",""wallet"":""Hda4xrKYZH9QrdHvS43QoqYADz1Bdu5FqqbBm2j5uxmm""}",93b3aef5114787044cf21f3c645c6b8859214fda1e2b7724cb89b61fdbb79c93,75d8ad8f2f779dc5d7e09d395f0d6ba8fec810ae3600101a0efd4586276cd827
193,2026-08-06T11:27:16-04:00,2027,27,MTC_ISSUED,MTC-6F3879A90AB8,"{""closes"":""2026-08-07T23:59:59-04:00"",""offer"":""PG-TIDE-W27"",""wallet"":""2a75hgBgTq6uDJg3vvTePxUyvJurXzasDEqh4CyFp423""}",75d8ad8f2f779dc5d7e09d395f0d6ba8fec810ae3600101a0efd4586276cd827,01fe0d35ad651985860a42a294b3bc090673f58b2e0fbab6ab7776db6c2ee02e
194,2026-08-06T11:27:16-04:00,2027,27,MTC_ISSUED,MTC-ECC9C7DA1664,"{""closes"":""2026-08-07T23:59:59-04:00"",""offer"":""PG-TIDE-W27"",""wallet"":""GNvYRGUEZ6dPZKq8AHFScxrTmCDbpr17SCLmYTM131w4""}",01fe0d35ad651985860a42a294b3bc090673f58b2e0fbab6ab7776db6c2ee02e,6be904c456d2262f4ef42e3552d7ade2822cfe71e3f98c04ad9ca47f7f973004
195,2026-08-06T11:27:16-04:00,2027,27,MTC_ISSUED,MTC-C5B5C7DAE924,"{""closes"":""2026-08-07T23:59:59-04:00"",""offer"":""PG-TIDE-W27"",""wallet"":""EjTNxo62WJkt4rbX6VQ4u9ho5HYhkkp7NvRBmnZeHr63""}",6be904c456d2262f4ef42e3552d7ade2822cfe71e3f98c04ad9ca47f7f973004,606d06b21d9f7157b0eb767ac33836a8261a7113516f37d85f3f0a69e02d329b
196,2026-08-06T11:27:16-04:00,2027,27,MTC_ISSUED,MTC-04EC818FA48C,"{""closes"":""2026-08-07T23:59:59-04:00"",""offer"":""PG-TIDE-W27"",""wallet"":""CKVxTJP9BrcK83jbXKwbxKYsFeDtTHK521mpZzkxc8uF""}",606d06b21d9f7157b0eb767ac33836a8261a7113516f37d85f3f0a69e02d329b,32f9acea6e2a246e9c5a295cb8c5b20f86f9e8756de2e2ce86d11f204df25400
197,2026-08-06T11:27:16-04:00,2027,27,MTC_ISSUED,MTC-0E7DBCFFAF50,"{""closes"":""2026-08-07T23:59:59-04:00"",""offer"":""PG-TIDE-W27"",""wallet"":""FGCC32XCj6B3fM73JPALBSxp9GPV5drcz8NrjjupbDd""}",32f9acea6e2a246e9c5a295cb8c5b20f86f9e8756de2e2ce86d11f204df25400,8608039ee815e0b6362e213c2a974c4a44363920fc372a6e5073128d7fa70a27
198,2026-08-06T11:27:16-04:00,2027,27,MTC_ISSUED,MTC-1B23510DDF33,"{""closes"":""2026-08-07T23:59:59-04:00"",""offer"":""PG-TIDE-W27"",""wallet"":""98SBGRPaSKMf4c2qADPwsrAjG6UEFuVmZP9nf9EjHNMN""}",8608039ee815e0b6362e213c2a974c4a44363920fc372a6e5073128d7fa70a27,2d409bceaacde3766d11b5f82914e1b2ea9d1f25f9a254c905de8d8352eaea23
199,2026-08-06T11:27:16-04:00,2027,27,MTC_ISSUED,MTC-372C583F43F5,"{""closes"":""2026-08-07T23:59:59-04:00"",""offer"":""PG-TIDE-W27"",""wallet"":""2MWjV2Rqb6ge3KDU65wepU2pATbdn9c9929iEGsjP6J4""}",2d409bceaacde3766d11b5f82914e1b2ea9d1f25f9a254c905de8d8352eaea23,8e6189799822586e21fdd96bddcfb8204be8ad8bffa768ab5e8a44c0c50250d7
200,2026-08-06T11:27:16-04:00,2027,27,MTC_ISSUED,MTC-4195AD490F42,"{""closes"":""2026-08-07T23:59:59-04:00"",""offer"":""PG-TIDE-W27"",""wallet"":""Ceu33HjVKbhFvryGE8XpVXRojSHh3sboe4Szw2ZKwnYN""}",8e6189799822586e21fdd96bddcfb8204be8ad8bffa768ab5e8a44c0c50250d7,74876ed050e329e79845c2ba805e07fd23517577e0933b61ff4f1cedc25e5097
201,2026-08-06T11:27:16-04:00,2027,27,MTC_ISSUED,MTC-BCB12667E6C5,"{""closes"":""2026-08-07T23:59:59-04:00"",""offer"":""PG-TIDE-W27"",""wallet"":""D8dhDHpceYC3369gSksaq1zD4rfy1fGF1DkwKyh6DeJK""}",74876ed050e329e79845c2ba805e07fd23517577e0933b61ff4f1cedc25e5097,27542de577311549f2eef925ed03f8752e5cd695b79adbede2c0e9b544b7fed9
202,2026-08-06T11:27:16-04:00,2027,27,MTC_ISSUED,MTC-39D5CEEBC1B6,"{""closes"":""2026-08-07T23:59:59-04:00"",""offer"":""PG-TIDE-W27"",""wallet"":""CLo9PxYnfsipTMATAudNrzbBbo4tKqux7GyCHL6ACHsR""}",27542de577311549f2eef925ed03f8752e5cd695b79adbede2c0e9b544b7fed9,b6b705aa3e1048f3f925c96a51449d42f99100ad800f26dcccf7385bb9b00d40
203,2026-08-06T11:27:16-04:00,2027,27,MTC_ISSUED,MTC-F5B86A857CA7,"{""closes"":""2026-08-07T23:59:59-04:00"",""offer"":""PG-TIDE-W27"",""wallet"":""84MwrpayJyRRgzfGGLRXqQrPTwBJh9CSneVnMo5qwZUf""}",b6b705aa3e1048f3f925c96a51449d42f99100ad800f26dcccf7385bb9b00d40,ef3d7424ec3ab8c2e2113d1fbd7e98404111e3e32061f938217c2f14562bfa61
204,2026-08-06T11:27:16-04:00,2027,27,MTC_ISSUED,MTC-8DE9039699BC,"{""closes"":""2026-08-07T23:59:59-04:00"",""offer"":""PG-TIDE-W27"",""wallet"":""EPb1wesvCKnSN4npPHbiiXFrSV1mFgU4jr2HxCvBre2X""}",ef3d7424ec3ab8c2e2113d1fbd7e98404111e3e32061f938217c2f14562bfa61,e15892170c9b821cbfbc50256e1c19997c8ae4c51fd43ac9c972a1c98013a138
205,2026-08-06T11:27:16-04:00,2027,27,MTC_ISSUED,MTC-B03AC27F4A99,"{""closes"":""2026-08-07T23:59:59-04:00"",""offer"":""PG-TIDE-W27"",""wallet"":""Gty6ZHSp5G8hF7WzqZ1vRVg65kmTB45M2wzYo5ENwJZQ""}",e15892170c9b821cbfbc50256e1c19997c8ae4c51fd43ac9c972a1c98013a138,d1b33612c77443f241fcb271694652bd4d2ebf90c711ab9d6479f1422d8016a3
206,2026-08-06T11:27:16-04:00,2027,27,MTC_ISSUED,MTC-0183F16AEA8B,"{""closes"":""2026-08-07T23:59:59-04:00"",""offer"":""PG-TIDE-W27"",""wallet"":""3oMLPVQ7Twn7C2p8E55q4QDBmt9B83MrRyGcCgbmEjXh""}",d1b33612c77443f241fcb271694652bd4d2ebf90c711ab9d6479f1422d8016a3,b72cfb21ed08070a15559b2a4b839156511058b9f0d7fe3875ee9290a0e2c915
207,2026-08-06T11:27:16-04:00,2027,27,MTC_ISSUED,MTC-ACA97E8707B4,"{""closes"":""2026-08-07T23:59:59-04:00"",""offer"":""PG-TIDE-W27"",""wallet"":""4EGDsYnCTS6zmiyWqkAvEUihNKz4PmoF36naMfo69gg6""}",b72cfb21ed08070a15559b2a4b839156511058b9f0d7fe3875ee9290a0e2c915,9695eb9bdd45da1ceb37c1c9544c2fd8ad220c1aa10671603323b7f319c0f4ee
208,2026-08-06T11:27:16-04:00,2027,27,MTC_ISSUED,MTC-C43CA7F54C21,"{""closes"":""2026-08-07T23:59:59-04:00"",""offer"":""PG-TIDE-W27"",""wallet"":""6imMy1AsAzfKFcqdrH9DkxmbFS8soBMC8dToPeYaPskx""}",9695eb9bdd45da1ceb37c1c9544c2fd8ad220c1aa10671603323b7f319c0f4ee,1c0e96094066eee7cba3babcb87fb15eeca47ed7a050c46a868b744b04403e22
209,2026-08-06T11:27:16-04:00,2027,27,MTC_ISSUED,MTC-CE492DF67865,"{""closes"":""2026-08-07T23:59:59-04:00"",""offer"":""PG-TIDE-W27"",""wallet"":""2hGbr6XbUSgiJaA8mW6owtvcNd5DjYsoCeAXm45bA8cF""}",1c0e96094066eee7cba3babcb87fb15eeca47ed7a050c46a868b744b04403e22,377dd742aaf314a25a95b2d909a06dd3e4fd469e839478ee88c9076eae69076e
210,2026-08-06T11:27:16-04:00,2027,27,MTC_ISSUED,MTC-22C2C19B179D,"{""closes"":""2026-08-07T23:59:59-04:00"",""offer"":""PG-TIDE-W27"",""wallet"":""2Phbe4uG1XgxrRfMRC2tT8bV3T2jqQBPMgCtCtcUe6Mt""}",377dd742aaf314a25a95b2d909a06dd3e4fd469e839478ee88c9076eae69076e,4543f7a9379d176ac1f3a3df27d28cf55745e92aa9cff4ceffd38acb7a4733b7
211,2026-08-06T11:27:16-04:00,2027,27,MTC_ISSUED,MTC-80A916374AB6,"{""closes"":""2026-08-07T23:59:59-04:00"",""offer"":""PG-TIDE-W27"",""wallet"":""HKh6AbRPKodrMjo36EQVEUkVHXFFFdUzJWuMuP8asD8M""}",4543f7a9379d176ac1f3a3df27d28cf55745e92aa9cff4ceffd38acb7a4733b7,128bb182ac5092ff37eeb0102c5fa104377bc1af814b1d508c1e65928245e14e
212,2026-08-06T11:27:16-04:00,2027,27,MTC_ISSUED,MTC-D866AE2D53C5,"{""closes"":""2026-08-07T23:59:59-04:00"",""offer"":""PG-TIDE-W27"",""wallet"":""Bz5ozqhypRkcdq1Kcxi11xQYmwf3c5zodVXuF8xfTGcp""}",128bb182ac5092ff37eeb0102c5fa104377bc1af814b1d508c1e65928245e14e,8ad9a158e33eaf8fdbded257fa90feb3b6d0be9bd4b5bd95bf55c8bcd209161a
213,2026-08-06T11:27:16-04:00,2027,27,MTC_ISSUED,MTC-A52B9A7DDF95,"{""closes"":""2026-08-07T23:59:59-04:00"",""offer"":""PG-TIDE-W27"",""wallet"":""FVZcL2rnt6D984s2HhNsv3nbX7mNoDg1U56Uy9pFkmbJ""}",8ad9a158e33eaf8fdbded257fa90feb3b6d0be9bd4b5bd95bf55c8bcd209161a,58621678c04fbff8f8d18181ed18239061aa950a5b144fc11d7b9bed3d6dc54a
214,2026-08-06T11:27:16-04:00,2027,27,MTC_ISSUED,MTC-6A1E45DA6C7C,"{""closes"":""2026-08-07T23:59:59-04:00"",""offer"":""PG-TIDE-W27"",""wallet"":""96HRvyn2HxkrEHuyhSRHcYugbnTd9ShDc2BFwVSD7UVv""}",58621678c04fbff8f8d18181ed18239061aa950a5b144fc11d7b9bed3d6dc54a,ec75254cb5b9db65a83fec8f37b7f2fe0ce028da88cd29a1bcc6234cc15d29be
215,2026-08-06T11:27:16-04:00,2027,27,MTC_ISSUED,MTC-D6BBE2EFC0CD,"{""closes"":""2026-08-07T23:59:59-04:00"",""offer"":""PG-TIDE-W27"",""wallet"":""GxFyyFhg3YDdZu9VRuVwkrBgXhbamHb14VJ7j1bUsxkk""}",ec75254cb5b9db65a83fec8f37b7f2fe0ce028da88cd29a1bcc6234cc15d29be,2bad3eda286770d6c2603c17716cbb85fe255d5fc02bd9a3a12cbfbe98c2482a
216,2026-08-06T11:27:16-04:00,2027,27,MTC_ISSUED,MTC-B1D54F114B5A,"{""closes"":""2026-08-07T23:59:59-04:00"",""offer"":""PG-TIDE-W27"",""wallet"":""AcUbLjy67VWUjuNnjbR16m792X9qTDy2gHeLYaDXX5xS""}",2bad3eda286770d6c2603c17716cbb85fe255d5fc02bd9a3a12cbfbe98c2482a,01c8d87eb58201609a3d1c6a33618b57b5365068915d5ee317f006e057589249
217,2026-08-06T11:27:16-04:00,2027,27,MTC_ISSUED,MTC-6715250101A4,"{""closes"":""2026-08-07T23:59:59-04:00"",""offer"":""PG-TIDE-W27"",""wallet"":""H9a4S4HUpcsXegpm93hjwFyezSms1pBzvNsAhTsMVJRj""}",01c8d87eb58201609a3d1c6a33618b57b5365068915d5ee317f006e057589249,da2b6213bd02cb553a869821a913260ccec034f35f14ccd7714cf12dac28e549
218,2026-08-06T11:27:16-04:00,2027,27,MTC_ISSUED,MTC-4CB6558652C0,"{""closes"":""2026-08-07T23:59:59-04:00"",""offer"":""PG-TIDE-W27"",""wallet"":""GM7A9N6zJ7UDCyX5z69sUr8X5RXAwV7ntHZgHX7Dvf8o""}",da2b6213bd02cb553a869821a913260ccec034f35f14ccd7714cf12dac28e549,96e82cd920ecafe2edb5a4b8e3ae0c9703d37de7b98427e3f7f1ce8b75ea4516
219,2026-08-06T11:27:16-04:00,2027,27,MTC_ISSUED,MTC-77821D7158A7,"{""closes"":""2026-08-07T23:59:59-04:00"",""offer"":""PG-TIDE-W27"",""wallet"":""8RXDCQbXKX62Dxdc4oc6g5HTmh8SUNzAbjSASfVvTLyy""}",96e82cd920ecafe2edb5a4b8e3ae0c9703d37de7b98427e3f7f1ce8b75ea4516,dc197a535a924f2b6537305e03a306939dfcd0b2050d99ee3496bcc4889e7054
220,2026-08-06T11:27:16-04:00,2027,27,MTC_ISSUED,MTC-EE338C4854E3,"{""closes"":""2026-08-07T23:59:59-04:00"",""offer"":""PG-TIDE-W27"",""wallet"":""G9nBwvUuVSL88ZGcNCYoGUpcgcPczdeyai9NNsgR1c4R""}",dc197a535a924f2b6537305e03a306939dfcd0b2050d99ee3496bcc4889e7054,f0aae9e08461bb05bd90fd11178cd4d9f5bdabbd561e28c7fffc37cb398d24aa
221,2026-08-06T11:27:16-04:00,2027,27,MTC_ISSUED,MTC-73F2D3A26572,"{""closes"":""2026-08-07T23:59:59-04:00"",""offer"":""PG-TIDE-W27"",""wallet"":""2xqMZgRNNdF55WK9gGeDnH9WbMYiykHXDBczRzLNc8bR""}",f0aae9e08461bb05bd90fd11178cd4d9f5bdabbd561e28c7fffc37cb398d24aa,cad1893f70cb2aa99c899815bb846612160866c0f5e8a29e21d7259a477043d6
222,2026-08-06T11:27:16-04:00,2027,27,MTC_ISSUED,MTC-39CCC311B5D1,"{""closes"":""2026-08-07T23:59:59-04:00"",""offer"":""PG-TIDE-W27"",""wallet"":""DnkrMjZwWu6Nm85Ws8r37dDWkGem6QkwzJWfNeDaJqTE""}",cad1893f70cb2aa99c899815bb846612160866c0f5e8a29e21d7259a477043d6,abefba056d708289506bc994648235ea42aeff0806cbeaf25731caebec9a177e
223,2026-08-06T11:27:16-04:00,2027,27,MTC_ISSUED,MTC-81DB150F2FED,"{""closes"":""2026-08-07T23:59:59-04:00"",""offer"":""PG-TIDE-W27"",""wallet"":""DbcJaGohi1abrqeU2K2ohjB93ye9PGApbFgdVfEVzMh1""}",abefba056d708289506bc994648235ea42aeff0806cbeaf25731caebec9a177e,b83dde964befc622ba894e02d60ed3f4b3cc8bd07f2d88224583b69f25ab4282
224,2026-08-06T11:27:16-04:00,2027,27,MTC_ISSUED,MTC-460CA4F0B522,"{""closes"":""2026-08-07T23:59:59-04:00"",""offer"":""PG-TIDE-W27"",""wallet"":""CujhYJsaQLWbCSqFJaYywHNdYSsQ6JK1J8fHqJQNrUHY""}",b83dde964befc622ba894e02d60ed3f4b3cc8bd07f2d88224583b69f25ab4282,7f2aa7912f26bf054f652e5d935ad8c6623d51c58b62b02806e9eae96405c3a5
225,2026-08-06T11:27:16-04:00,2027,27,MTC_ISSUED,MTC-73D32D790BC9,"{""closes"":""2026-08-07T23:59:59-04:00"",""offer"":""PG-TIDE-W27"",""wallet"":""74wFRC2SnHJP4V3aaXJGrxfrwfstHQrPtBuKxXexC16G""}",7f2aa7912f26bf054f652e5d935ad8c6623d51c58b62b02806e9eae96405c3a5,efa13b247e84797d78acae2f440af22dc253b4cca39e88cf726562623122727d
226,2026-08-06T11:27:16-04:00,2027,27,MTC_ISSUED,MTC-05708593A99A,"{""closes"":""2026-08-07T23:59:59-04:00"",""offer"":""PG-TIDE-W27"",""wallet"":""F5pywztBXdkuQbV9oZTWfgrcr4KzYGNS9hDdGvDgtXGe""}",efa13b247e84797d78acae2f440af22dc253b4cca39e88cf726562623122727d,5fb9a1e6cef1e642c71f2aac3bd547d12b872f21f4fd6cfe715673999964f2ad
227,2026-08-06T11:27:16-04:00,2027,27,MTC_ISSUED,MTC-DC31AA72BA5D,"{""closes"":""2026-08-07T23:59:59-04:00"",""offer"":""PG-TIDE-W27"",""wallet"":""EgEqT3ZiDQJE6b4RnPHiS5Vgq7c4krjdZuLjE5PFLAS2""}",5fb9a1e6cef1e642c71f2aac3bd547d12b872f21f4fd6cfe715673999964f2ad,4143d907ab7ec8954006da4be72c896ccb338a8f308e671542527dc3e1103d0e
228,2026-08-06T11:27:16-04:00,2027,27,MTC_ISSUED,MTC-557CCA2440F6,"{""closes"":""2026-08-07T23:59:59-04:00"",""offer"":""PG-TIDE-W27"",""wallet"":""CPGcXzxPsLf7d7vrBSfQUzf6gYrqRpg9zUFqgyBno4pK""}",4143d907ab7ec8954006da4be72c896ccb338a8f308e671542527dc3e1103d0e,4726b37a071a4c613810c9c62f878d510ab9267f019199a30b2ef74f634effa2
229,2026-08-06T11:27:16-04:00,2027,27,MTC_ISSUED,MTC-7258390682DB,"{""closes"":""2026-08-07T23:59:59-04:00"",""offer"":""PG-TIDE-W27"",""wallet"":""AWz73jiqeFyFW4znYtMTD76upgFX98ctSGqqtVKJUTJD""}",4726b37a071a4c613810c9c62f878d510ab9267f019199a30b2ef74f634effa2,f69e59865edaef7c4d965d491490881be1afc9af652ffbb473264c3867711a4d
230,2026-08-06T11:27:16-04:00,2027,27,MTC_ISSUED,MTC-9472FCC32850,"{""closes"":""2026-08-07T23:59:59-04:00"",""offer"":""PG-TIDE-W27"",""wallet"":""3wbijfMwyVXNrN3jrEqrxbqhAzjZV6Ahu9znkoMF9ANu""}",f69e59865edaef7c4d965d491490881be1afc9af652ffbb473264c3867711a4d,1128928aabb4f0fc4c5376bb27ec21cd1b2500b856cd25797657872f9bd0b8fd
231,2026-08-06T11:27:16-04:00,2027,27,MTC_ISSUED,MTC-FE3F74608760,"{""closes"":""2026-08-07T23:59:59-04:00"",""offer"":""PG-TIDE-W27"",""wallet"":""DJ9Hn481wKT7vg4kePoqBvKUsdN8b4wXR5f7wbY8vwuD""}",1128928aabb4f0fc4c5376bb27ec21cd1b2500b856cd25797657872f9bd0b8fd,b03a9b1f3ca510dbba0bbc724d351492eaca1af203e3ffeeb0735b8900b441b4
232,2026-08-06T11:27:16-04:00,2027,27,MTC_ISSUED,MTC-A96AA357FAA2,"{""closes"":""2026-08-07T23:59:59-04:00"",""offer"":""PG-TIDE-W27"",""wallet"":""GYevuf1coPW6KHDzwAcNcJJqu9V7jotBWWT4kutEmfzT""}",b03a9b1f3ca510dbba0bbc724d351492eaca1af203e3ffeeb0735b8900b441b4,48247227ba2bfa5b88075d1284e1ba36ba3fd40656dfe42af879985b12d15f27
233,2026-08-06T11:27:16-04:00,2027,27,MTC_ISSUED,MTC-91CB1F674CA9,"{""closes"":""2026-08-07T23:59:59-04:00"",""offer"":""PG-TIDE-W27"",""wallet"":""9UacjvzKPr2Zr8PP1ZsJ2DRBGMtg7U3Dg36Ynbaa7QKE""}",48247227ba2bfa5b88075d1284e1ba36ba3fd40656dfe42af879985b12d15f27,a617e83181aa088ae57d58062884c53b3dd1a240293422fdd28ce33bb74af9ac
234,2026-08-06T11:27:16-04:00,2027,27,MTC_ISSUED,MTC-075E1D102B79,"{""closes"":""2026-08-07T23:59:59-04:00"",""offer"":""PG-TIDE-W27"",""wallet"":""C1htJvwCtDHQSvSqy3SLBLjs9bsFR9s9ZohrCV1k6DmB""}",a617e83181aa088ae57d58062884c53b3dd1a240293422fdd28ce33bb74af9ac,105c70ec6ae6a80595714448b1fe10e1b31d3646a88b160e70dc1f58da66ecfc
235,2026-08-06T11:27:16-04:00,2027,27,MTC_ISSUED,MTC-04120835828F,"{""closes"":""2026-08-07T23:59:59-04:00"",""offer"":""PG-TIDE-W27"",""wallet"":""ELmR6Jr1vX4sFeYCKZJ2Kb4XtG3Jj7xnLns1TzJ5f6ck""}",105c70ec6ae6a80595714448b1fe10e1b31d3646a88b160e70dc1f58da66ecfc,e738378684775b23ab78f94de1fa27f720ba2fc0c36b37e999179a2cf3ca2a1e
236,2026-08-06T11:27:16-04:00,2027,27,MTC_ISSUED,MTC-B1F3E199DC12,"{""closes"":""2026-08-07T23:59:59-04:00"",""offer"":""PG-TIDE-W27"",""wallet"":""38qHhtG3yCbPUpscVaUp6gdRDQKUpz7waw5VEUwoTapC""}",e738378684775b23ab78f94de1fa27f720ba2fc0c36b37e999179a2cf3ca2a1e,e53526a36157c41b42b541352bcef4d4ccabfd55e41eb89492dc6026e1944469
237,2026-08-06T11:27:16-04:00,2027,27,MTC_ISSUED,MTC-588BADC5EDE1,"{""closes"":""2026-08-07T23:59:59-04:00"",""offer"":""PG-TIDE-W27"",""wallet"":""CrGkasF4RduiqrQBU9tymwDPma81S2pdVY1eNpK59XZF""}",e53526a36157c41b42b541352bcef4d4ccabfd55e41eb89492dc6026e1944469,fba094cae6834d0fcde70e9481c929ba7eba3c9f1186f83e97e5283cfef39fd7
238,2026-08-06T11:27:16-04:00,2027,27,MTC_ISSUED,MTC-3D5D8E7EF99A,"{""closes"":""2026-08-07T23:59:59-04:00"",""offer"":""PG-TIDE-W27"",""wallet"":""Hq4wQCmHgAvqmr4w3Qv3JZd7ZsVByKkw8tuTQYUhgW1m""}",fba094cae6834d0fcde70e9481c929ba7eba3c9f1186f83e97e5283cfef39fd7,9c423504147bdaf0646e6fa478baedcbc31259886a340f1314718c2858454e8b
239,2026-08-06T11:27:16-04:00,2027,27,MTC_ISSUED,MTC-90C7AF6432D4,"{""closes"":""2026-08-07T23:59:59-04:00"",""offer"":""PG-TIDE-W27"",""wallet"":""CbmAaDcZQw5hcbLV5rhiALMwwNcjsWLisBg5rydMS8sD""}",9c423504147bdaf0646e6fa478baedcbc31259886a340f1314718c2858454e8b,10df18aa1346115eaa594090da32571abc4a42f5a52d9d5d7843a88976889f0c
240,2026-08-06T11:27:16-04:00,2027,27,MTC_ISSUED,MTC-8BCE0FE0C6A4,"{""closes"":""2026-08-07T23:59:59-04:00"",""offer"":""PG-TIDE-W27"",""wallet"":""E6uDSQiYSSakEgJkquz4C9ouCPWXow57u1vsv4Gxu6Jy""}",10df18aa1346115eaa594090da32571abc4a42f5a52d9d5d7843a88976889f0c,baf7673b310c897709b2f0758f744158a779e7f6541bf2ff6ef30ce40a6ca113
241,2026-08-06T11:27:16-04:00,2027,27,MTC_ISSUED,MTC-4A9EA549FE61,"{""closes"":""2026-08-07T23:59:59-04:00"",""offer"":""PG-TIDE-W27"",""wallet"":""6eawwTcxU8wtbURifzR1qX4oAhZiApVXWW5TB2JT26aE""}",baf7673b310c897709b2f0758f744158a779e7f6541bf2ff6ef30ce40a6ca113,694066a7ff46863332a32364a48038c328fb2c6e6176d447ec9b58a84e765df6
242,2026-08-06T11:27:16-04:00,2027,27,MTC_ISSUED,MTC-638049AEBBE4,"{""closes"":""2026-08-07T23:59:59-04:00"",""offer"":""PG-TIDE-W27"",""wallet"":""E2h7Xkzko2t6sbD4kHBoyr2hNkQZcAMeLPjP5RPUEWtE""}",694066a7ff46863332a32364a48038c328fb2c6e6176d447ec9b58a84e765df6,8e4ea2e2167d3783224e55081ebf10f24b787b7dcf0cfa3073c0c528f7e2d7be
243,2026-08-06T11:27:16-04:00,2027,27,MTC_ISSUED,MTC-540483CA1A8A,"{""closes"":""2026-08-07T23:59:59-04:00"",""offer"":""PG-TIDE-W27"",""wallet"":""HC6QAvJAka4kn1o13PrVgbR8gX87bJqhC9PF2nExGfPT""}",8e4ea2e2167d3783224e55081ebf10f24b787b7dcf0cfa3073c0c528f7e2d7be,4053d518db0845cbed2b90e3714d122e2c1a8e04b71210b82ece1531b5a31ef1
244,2026-08-06T11:27:16-04:00,2027,27,MTC_ISSUED,MTC-86877F60692F,"{""closes"":""2026-08-07T23:59:59-04:00"",""offer"":""PG-TIDE-W27"",""wallet"":""9wvmb8vWxmp4ufeUp5Bnz6RprKCHmWz7V76FC6UcFmsV""}",4053d518db0845cbed2b90e3714d122e2c1a8e04b71210b82ece1531b5a31ef1,95b58392b447f2d42ed4f8512bca09e8bcc6f2ee682ed61d615adc4dc6128d44
245,2026-08-06T11:27:16-04:00,2027,27,MTC_ISSUED,MTC-D47462E03505,"{""closes"":""2026-08-07T23:59:59-04:00"",""offer"":""PG-TIDE-W27"",""wallet"":""HeTKs5JczHeSgboekmg9JAW4XhJaqxZX5L83bjgdvers""}",95b58392b447f2d42ed4f8512bca09e8bcc6f2ee682ed61d615adc4dc6128d44,6c30ad517187b5f1a64316e04c6b3ab70f0251d1772475dd90e7776f5a758eeb
246,2026-08-06T11:27:16-04:00,2027,27,MTC_ISSUED,MTC-AF108475D811,"{""closes"":""2026-08-07T23:59:59-04:00"",""offer"":""PG-TIDE-W27"",""wallet"":""3BjWWprt8hoZpe8rUNwdUH3FVhgbvYFBQ5LSogMUPAzW""}",6c30ad517187b5f1a64316e04c6b3ab70f0251d1772475dd90e7776f5a758eeb,451d8d58fbce5e900740df42ca4d7245896543cf0f785a64bdba12513eaebdb1
247,2026-08-06T11:27:16-04:00,2027,27,MTC_ISSUED,MTC-EBD2C60ED1F4,"{""closes"":""2026-08-07T23:59:59-04:00"",""offer"":""PG-TIDE-W27"",""wallet"":""FcU4zgawN38GWxN3Gk7Fy7a6VDEj4ALxC2g94W6NtiMA""}",451d8d58fbce5e900740df42ca4d7245896543cf0f785a64bdba12513eaebdb1,f8fac7c2efd112d1e955c8b51093f16ec7d9e5329c043b3cde407e62a4e8a2b0
248,2026-08-06T11:27:16-04:00,2027,27,MTC_ISSUED,MTC-5C0FF8C182A5,"{""closes"":""2026-08-07T23:59:59-04:00"",""offer"":""PG-TIDE-W27"",""wallet"":""FM3L75Rfqp3CUAg5QiRgJHvRT67twEMbrYS8V8iu2eSz""}",f8fac7c2efd112d1e955c8b51093f16ec7d9e5329c043b3cde407e62a4e8a2b0,0e629628242f5f2c67eee92e097924a130f65664edb5e359b784fe06afce5384
249,2026-08-06T11:27:16-04:00,2027,27,MTC_ISSUED,MTC-3455313E429E,"{""closes"":""2026-08-14T23:59:59-04:00"",""offer"":""PG-DAWN-W27"",""wallet"":""G9nBwvUuVSL88ZGcNCYoGUpcgcPczdeyai9NNsgR1c4R""}",0e629628242f5f2c67eee92e097924a130f65664edb5e359b784fe06afce5384,125b348e84e97d4de2d26656e8bad6412302e8425c0fef97cdc068c585021f32
250,2026-08-06T11:27:16-04:00,2027,27,MTC_ISSUED,MTC-46123FE95768,"{""closes"":""2026-08-14T23:59:59-04:00"",""offer"":""PG-DAWN-W27"",""wallet"":""6SyjxZ42GNGWRMSSEpj7iyq9RfvmEW5kFjZCYhe1YEWJ""}",125b348e84e97d4de2d26656e8bad6412302e8425c0fef97cdc068c585021f32,fe9a9a0fa29b8d1cd3d89fca2c4000c0104ff8db91e81937d92a00888ea6427b
251,2026-08-06T11:27:16-04:00,2027,27,MTC_ISSUED,MTC-CE27F995DBC5,"{""closes"":""2026-08-14T23:59:59-04:00"",""offer"":""PG-DAWN-W27"",""wallet"":""HSsSExpsSdvbjALoJFFNLme72sPeQGfGspA8swtSU2aJ""}",fe9a9a0fa29b8d1cd3d89fca2c4000c0104ff8db91e81937d92a00888ea6427b,3cc69570a393cc64948fad51ba29a3707cd4567a6b433c4e3eaae371685f4fca
252,2026-08-06T11:27:16-04:00,2027,27,MTC_ISSUED,MTC-1DC2FBDFE3A2,"{""closes"":""2026-08-14T23:59:59-04:00"",""offer"":""PG-DAWN-W27"",""wallet"":""DbcJaGohi1abrqeU2K2ohjB93ye9PGApbFgdVfEVzMh1""}",3cc69570a393cc64948fad51ba29a3707cd4567a6b433c4e3eaae371685f4fca,bc1bd669578383bc554b820bce80d1520b3ac729adf14d20d6a399badc793dfe
253,2026-08-06T11:27:16-04:00,2027,27,MTC_ISSUED,MTC-3ABBAC7C8D28,"{""closes"":""2026-08-14T23:59:59-04:00"",""offer"":""PG-DAWN-W27"",""wallet"":""95awXutwKBBomRCUJB825gPN4LoLAfbtZaFFtxNrRG4F""}",bc1bd669578383bc554b820bce80d1520b3ac729adf14d20d6a399badc793dfe,995391b27278fc9b67c5b6d1634a0c29146f444cdd103ba8491a66852272f9fd
254,2026-08-06T11:27:16-04:00,2027,27,MTC_ISSUED,MTC-FA08DCF9CF30,"{""closes"":""2026-08-14T23:59:59-04:00"",""offer"":""PG-DAWN-W27"",""wallet"":""DgrhGLzpWbtLXL97YnLuguiB8KRFodnkySD8pKtNzfso""}",995391b27278fc9b67c5b6d1634a0c29146f444cdd103ba8491a66852272f9fd,68e2497688c2a8046dcc4eea6425e207aa0389ebbc75e5dad9b25b738adc8bd5
255,2026-08-06T11:27:16-04:00,2027,27,MTC_ISSUED,MTC-0B5A9ED4EAFE,"{""closes"":""2026-08-14T23:59:59-04:00"",""offer"":""PG-DAWN-W27"",""wallet"":""CrGkasF4RduiqrQBU9tymwDPma81S2pdVY1eNpK59XZF""}",68e2497688c2a8046dcc4eea6425e207aa0389ebbc75e5dad9b25b738adc8bd5,2984ed6848f68ac59dada52c12c068fc24c8540c5b08acd8e315debd637a2644
256,2026-08-06T11:27:16-04:00,2027,27,MTC_ISSUED,MTC-213EC78F6C68,"{""closes"":""2026-08-14T23:59:59-04:00"",""offer"":""PG-DAWN-W27"",""wallet"":""22a8upQjVmpgL9XthZr7x1sM5KUF3doKvyFKQfCQcfw8""}",2984ed6848f68ac59dada52c12c068fc24c8540c5b08acd8e315debd637a2644,2fd8915050aab97dc6159150e5b115a34c4fa092fc1eb0a6e71f241dd8d0f9ba
257,2026-08-06T11:27:16-04:00,2027,27,MTC_ISSUED,MTC-C3DDADEF91EE,"{""closes"":""2026-08-14T23:59:59-04:00"",""offer"":""PG-DAWN-W27"",""wallet"":""EjTNxo62WJkt4rbX6VQ4u9ho5HYhkkp7NvRBmnZeHr63""}",2fd8915050aab97dc6159150e5b115a34c4fa092fc1eb0a6e71f241dd8d0f9ba,4c0370bde5bd78793b196f6a90b57c14c0669be3309b0064596818e791915102
258,2026-08-06T11:27:16-04:00,2027,27,MTC_ISSUED,MTC-AD74609682B3,"{""closes"":""2026-08-14T23:59:59-04:00"",""offer"":""PG-DAWN-W27"",""wallet"":""9qDXcrtJWnMDvS5r1AtDUznLuTYvFCkKVjV2sX2KSSRE""}",4c0370bde5bd78793b196f6a90b57c14c0669be3309b0064596818e791915102,1febd1aa8da803bef1f6f699e83b3ab814d906528f54ff17a4597283e1a5ed7d
259,2026-08-06T11:27:16-04:00,2027,27,MTC_ISSUED,MTC-8F1CFEF48883,"{""closes"":""2026-08-14T23:59:59-04:00"",""offer"":""PG-DAWN-W27"",""wallet"":""2DqUnuNHyhkYFZpoWAqM7aXnhjUFkDc7QP4siCEFGwxZ""}",1febd1aa8da803bef1f6f699e83b3ab814d906528f54ff17a4597283e1a5ed7d,249ac78c450c06b4d462da53d19eab67e5c85c677cb12d7d565b6e0ee5f62a34
260,2026-08-06T11:27:16-04:00,2027,27,MTC_ISSUED,MTC-BDCFFF6DE794,"{""closes"":""2026-08-14T23:59:59-04:00"",""offer"":""PG-DAWN-W27"",""wallet"":""CPGcXzxPsLf7d7vrBSfQUzf6gYrqRpg9zUFqgyBno4pK""}",249ac78c450c06b4d462da53d19eab67e5c85c677cb12d7d565b6e0ee5f62a34,f15ce8857e83f0fda63556c3e554c1b443d377f506f39d64881aa7c24bb399a9
261,2026-08-06T11:27:16-04:00,2027,27,MTC_ISSUED,MTC-228DF64D0D57,"{""closes"":""2026-08-14T23:59:59-04:00"",""offer"":""PG-DAWN-W27"",""wallet"":""2MWjV2Rqb6ge3KDU65wepU2pATbdn9c9929iEGsjP6J4""}",f15ce8857e83f0fda63556c3e554c1b443d377f506f39d64881aa7c24bb399a9,b8c5809150fed550a53b1dcc29e468c1b4552730055850ae2a088e5c2bfb1def
262,2026-08-06T11:27:16-04:00,2027,27,MTC_ISSUED,MTC-E04B0D6E288E,"{""closes"":""2026-08-14T23:59:59-04:00"",""offer"":""PG-DAWN-W27"",""wallet"":""Hq4wQCmHgAvqmr4w3Qv3JZd7ZsVByKkw8tuTQYUhgW1m""}",b8c5809150fed550a53b1dcc29e468c1b4552730055850ae2a088e5c2bfb1def,91d7eec81ce16ca3fa5b108959816a0baa0b077bfc5d447a618a22dae3c5a0cf
263,2026-08-06T11:27:16-04:00,2027,27,MTC_ISSUED,MTC-5CC6BB8F09CD,"{""closes"":""2026-08-14T23:59:59-04:00"",""offer"":""PG-DAWN-W27"",""wallet"":""8dqwupK5ChD6Lgrsiov1WeHqAyZh3N2RH896v27DCsNW""}",91d7eec81ce16ca3fa5b108959816a0baa0b077bfc5d447a618a22dae3c5a0cf,216b3927d35b282262a0beda2fa1e1bdb51d630e45944b88c734a12a5264aff7
264,2026-08-06T11:27:16-04:00,2027,27,MTC_ISSUED,MTC-4B52E435A267,"{""closes"":""2026-08-14T23:59:59-04:00"",""offer"":""PG-DAWN-W27"",""wallet"":""Ceu33HjVKbhFvryGE8XpVXRojSHh3sboe4Szw2ZKwnYN""}",216b3927d35b282262a0beda2fa1e1bdb51d630e45944b88c734a12a5264aff7,bcaddc3179b60ced05b54a98d06e33c8332a769b72ef6f9523821d2d8c75e350
265,2026-08-06T11:27:16-04:00,2027,27,MTC_ISSUED,MTC-EB26D195421B,"{""closes"":""2026-08-14T23:59:59-04:00"",""offer"":""PG-DAWN-W27"",""wallet"":""HeTKs5JczHeSgboekmg9JAW4XhJaqxZX5L83bjgdvers""}",bcaddc3179b60ced05b54a98d06e33c8332a769b72ef6f9523821d2d8c75e350,2f3745bb322dbdca9f8b119ebb40b2d970b6ae01628f88cf9ccd5501042d88fc
266,2026-08-06T11:27:16-04:00,2027,27,MTC_ISSUED,MTC-7612560E3688,"{""closes"":""2026-08-14T23:59:59-04:00"",""offer"":""PG-DAWN-W27"",""wallet"":""2a75hgBgTq6uDJg3vvTePxUyvJurXzasDEqh4CyFp423""}",2f3745bb322dbdca9f8b119ebb40b2d970b6ae01628f88cf9ccd5501042d88fc,8eca94c60042ea3f62ec422d43f7ec9cddd922fa7019487f6490ff8b90f286bd
267,2026-08-06T11:27:16-04:00,2027,27,MTC_ISSUED,MTC-0DFDD7829B11,"{""closes"":""2026-08-14T23:59:59-04:00"",""offer"":""PG-DAWN-W27"",""wallet"":""DJ9Hn481wKT7vg4kePoqBvKUsdN8b4wXR5f7wbY8vwuD""}",8eca94c60042ea3f62ec422d43f7ec9cddd922fa7019487f6490ff8b90f286bd,c8b4b3603b6d788a925c8c08eefeae8f9f583125f8dcca2d7db0d910d2de9a1b
268,2026-08-06T11:27:16-04:00,2027,27,MTC_ISSUED,MTC-16F18FC3F475,"{""closes"":""2026-08-14T23:59:59-04:00"",""offer"":""PG-DAWN-W27"",""wallet"":""GxFyyFhg3YDdZu9VRuVwkrBgXhbamHb14VJ7j1bUsxkk""}",c8b4b3603b6d788a925c8c08eefeae8f9f583125f8dcca2d7db0d910d2de9a1b,f99ac973126b9c755475f5c28cc39c29b221f626fda3bd49fdffd3316d34c6bb
269,2026-08-06T11:27:16-04:00,2027,27,MTC_ISSUED,MTC-B425970A85C5,"{""closes"":""2026-08-14T23:59:59-04:00"",""offer"":""PG-DAWN-W27"",""wallet"":""4KHzMZc75Gt1KaoTquFa8aETbz6mY6uJpjgKRoZ19nqQ""}",f99ac973126b9c755475f5c28cc39c29b221f626fda3bd49fdffd3316d34c6bb,4fc7d6dee280688053e01d1c6f01c822288a3ed763d122f6e3de09c32d8c6a70
270,2026-08-06T11:27:16-04:00,2027,27,MTC_ISSUED,MTC-C5EB39CB88AB,"{""closes"":""2026-08-14T23:59:59-04:00"",""offer"":""PG-DAWN-W27"",""wallet"":""FM3L75Rfqp3CUAg5QiRgJHvRT67twEMbrYS8V8iu2eSz""}",4fc7d6dee280688053e01d1c6f01c822288a3ed763d122f6e3de09c32d8c6a70,110687f9d43e097ce8f5b4d726ee14593dd8f6b8d4b1ed83f498ee2ae6d3c06a
271,2026-08-06T11:27:16-04:00,2027,27,MTC_ISSUED,MTC-2BD973C780A3,"{""closes"":""2026-08-14T23:59:59-04:00"",""offer"":""PG-DAWN-W27"",""wallet"":""7g64R8XVxs2YKvqi68D9VwfBei84FvqriqqXxqXVxDmK""}",110687f9d43e097ce8f5b4d726ee14593dd8f6b8d4b1ed83f498ee2ae6d3c06a,850f5cc29fe27d8c2eaf92afa0f7d4f88f8c3b61acaa15cfcba3cde11f945b41
272,2026-08-06T11:27:16-04:00,2027,27,MTC_ISSUED,MTC-FD553EFA8283,"{""closes"":""2026-08-14T23:59:59-04:00"",""offer"":""PG-DAWN-W27"",""wallet"":""98SBGRPaSKMf4c2qADPwsrAjG6UEFuVmZP9nf9EjHNMN""}",850f5cc29fe27d8c2eaf92afa0f7d4f88f8c3b61acaa15cfcba3cde11f945b41,37ebde55d655f43f9781ca03182773ea2da8d9e3e2a4696aecd141526ab840c4
273,2026-08-06T11:27:16-04:00,2027,27,MTC_ISSUED,MTC-5E0519BB6D9C,"{""closes"":""2026-08-14T23:59:59-04:00"",""offer"":""PG-DAWN-W27"",""wallet"":""GNvYRGUEZ6dPZKq8AHFScxrTmCDbpr17SCLmYTM131w4""}",37ebde55d655f43f9781ca03182773ea2da8d9e3e2a4696aecd141526ab840c4,e14e037efd28e3d8da8687ab11d7d3995b6511eb3ff1094b8851706fa989c032
274,2026-08-06T11:27:16-04:00,2027,27,MTC_ISSUED,MTC-4364DF4EE394,"{""closes"":""2026-08-14T23:59:59-04:00"",""offer"":""PG-DAWN-W27"",""wallet"":""GhJtUvxeEAxLTkoW1vMPG5DqRnf3HwEk8aGbQX2X9T2V""}",e14e037efd28e3d8da8687ab11d7d3995b6511eb3ff1094b8851706fa989c032,4685471d4292e5cfa5396ddb792385e82bfc28520ece9e381c3eec9354adf27b
275,2026-08-06T11:27:16-04:00,2027,27,MTC_ISSUED,MTC-3DE62DD4FFAB,"{""closes"":""2026-08-14T23:59:59-04:00"",""offer"":""PG-DAWN-W27"",""wallet"":""HibYwUNpjdcfWxrnW4J8Qi4DY8M8i6hgiRC3hh1SJxWX""}",4685471d4292e5cfa5396ddb792385e82bfc28520ece9e381c3eec9354adf27b,f4624d7eb15490a033050dedbc7467c75a174532d803f68222e7aec8d19f4527
276,2026-08-06T11:27:16-04:00,2027,27,MTC_ISSUED,MTC-139B5C7906F9,"{""closes"":""2026-08-14T23:59:59-04:00"",""offer"":""PG-DAWN-W27"",""wallet"":""D8dhDHpceYC3369gSksaq1zD4rfy1fGF1DkwKyh6DeJK""}",f4624d7eb15490a033050dedbc7467c75a174532d803f68222e7aec8d19f4527,b02a9f5ba92258980b2d260348aeab5708612aba52ea403f5f6f05f6299a8999
277,2026-08-06T11:27:16-04:00,2027,27,MTC_ISSUED,MTC-81AEEC258B5A,"{""closes"":""2026-08-14T23:59:59-04:00"",""offer"":""PG-DAWN-W27"",""wallet"":""8uA12kH5VHimeuMKCPusFgYVhX2hEWNZKqpQqBg7xAkF""}",b02a9f5ba92258980b2d260348aeab5708612aba52ea403f5f6f05f6299a8999,67cda66536fe6221069e6bb6c5b42c792b7850bc7275732ab8d2b89b6d122864
278,2026-08-06T11:27:16-04:00,2027,27,MTC_ISSUED,MTC-DE9805F62393,"{""closes"":""2026-08-14T23:59:59-04:00"",""offer"":""PG-DAWN-W27"",""wallet"":""7qz39CfCiqEsmARgB4T4FRgGqWrsBYq7sm7pNQeJr9TK""}",67cda66536fe6221069e6bb6c5b42c792b7850bc7275732ab8d2b89b6d122864,68ff33a587f0a6ca567748e890936c865f0801afe9e42d8f4439ebaac7e79d41
279,2026-08-06T11:27:16-04:00,2027,27,MTC_ISSUED,MTC-C5904CE1EE8A,"{""closes"":""2026-08-14T23:59:59-04:00"",""offer"":""PG-DAWN-W27"",""wallet"":""HKh6AbRPKodrMjo36EQVEUkVHXFFFdUzJWuMuP8asD8M""}",68ff33a587f0a6ca567748e890936c865f0801afe9e42d8f4439ebaac7e79d41,eeefa21d6ead86153c3a06dc89ef4a429b9daa885faed0a67d894cf892da6820
280,2026-08-06T11:27:16-04:00,2027,27,MTC_ISSUED,MTC-1D3A56890732,"{""closes"":""2026-08-14T23:59:59-04:00"",""offer"":""PG-DAWN-W27"",""wallet"":""FVZcL2rnt6D984s2HhNsv3nbX7mNoDg1U56Uy9pFkmbJ""}",eeefa21d6ead86153c3a06dc89ef4a429b9daa885faed0a67d894cf892da6820,e0e47088ee0c18ea791ce8b947dec4ca4ba485e51123365b2eb89f18c6a3ed3a
281,2026-08-06T11:27:16-04:00,2027,27,MTC_ISSUED,MTC-8C2203003448,"{""closes"":""2026-08-14T23:59:59-04:00"",""offer"":""PG-DAWN-W27"",""wallet"":""EWLLyN8h8DvAC2PkvtcCW5NctuY9LxXUerAH9d4qLCzs""}",e0e47088ee0c18ea791ce8b947dec4ca4ba485e51123365b2eb89f18c6a3ed3a,97c21c9f3ebef01ba03fd393256f8d9ebc3a5e246b66b57dbf32d9b79ca9d9b1
282,2026-08-06T11:27:16-04:00,2027,27,MTC_ISSUED,MTC-292BAFCB211E,"{""closes"":""2026-08-14T23:59:59-04:00"",""offer"":""PG-DAWN-W27"",""wallet"":""3SJNhUXCGmr5moD3YrxD5F43aJSYpzoq9mEovg9BuARg""}",97c21c9f3ebef01ba03fd393256f8d9ebc3a5e246b66b57dbf32d9b79ca9d9b1,5597cb959413b757f0bb84a79a2e6e41360e011999a6b77064fdd373e38af5f0
283,2026-08-06T11:27:16-04:00,2027,27,MTC_ISSUED,MTC-58A52C619D04,"{""closes"":""2026-08-14T23:59:59-04:00"",""offer"":""PG-DAWN-W27"",""wallet"":""2Phbe4uG1XgxrRfMRC2tT8bV3T2jqQBPMgCtCtcUe6Mt""}",5597cb959413b757f0bb84a79a2e6e41360e011999a6b77064fdd373e38af5f0,f02a396122ecb77fcad92c9a6940514796e3f39709e23f01138f393a2f2ba0c0
284,2026-08-06T11:27:16-04:00,2027,27,MTC_ISSUED,MTC-7425F0BE1550,"{""closes"":""2026-08-14T23:59:59-04:00"",""offer"":""PG-DAWN-W27"",""wallet"":""Hbp1wG9fqxwm2WJ7Muk7XNsUwsNKJmhc6C6tjva9QHw""}",f02a396122ecb77fcad92c9a6940514796e3f39709e23f01138f393a2f2ba0c0,8fc8a59301f9df624e8b743bfbf8b452cadf4313e64fa3d9891c23c1058ca45c
285,2026-08-06T11:27:16-04:00,2027,27,MTC_ISSUED,MTC-AD2BB5A4F8AD,"{""closes"":""2026-08-14T23:59:59-04:00"",""offer"":""PG-DAWN-W27"",""wallet"":""B8V1hNG7smErKbc1NGv9M9zxFwQdjkPaDkwPRwqHsD7g""}",8fc8a59301f9df624e8b743bfbf8b452cadf4313e64fa3d9891c23c1058ca45c,86b810c45981beb2d1596b270ccf5656d6fca917f1ca214d0af35fbcd5947195
286,2026-08-06T11:27:16-04:00,2027,27,MTC_ISSUED,MTC-B3EAB47DE1E4,"{""closes"":""2026-08-14T23:59:59-04:00"",""offer"":""PG-DAWN-W27"",""wallet"":""8uNFKV6jSHhq4p8cStzHub8oAHqki4Ly8crVKHu6mHSw""}",86b810c45981beb2d1596b270ccf5656d6fca917f1ca214d0af35fbcd5947195,b95de4379f2bd48979431009e7dd7bbe951d1da86160bf2443cc87396633310d
287,2026-08-06T11:27:16-04:00,2027,27,MTC_ISSUED,MTC-249A9A8F3085,"{""closes"":""2026-08-14T23:59:59-04:00"",""offer"":""PG-DAWN-W27"",""wallet"":""9CrX2pffttGnJuL78i6z3qC1z6qRLuWQnuZxFo3rymR4""}",b95de4379f2bd48979431009e7dd7bbe951d1da86160bf2443cc87396633310d,c7acbd1db645168f4c16fcf4a5e401b67144908fb1570f893802787892e39bf6
288,2026-08-06T11:27:16-04:00,2027,27,MTC_ISSUED,MTC-47836430D4D6,"{""closes"":""2026-08-14T23:59:59-04:00"",""offer"":""PG-DAWN-W27"",""wallet"":""DnkrMjZwWu6Nm85Ws8r37dDWkGem6QkwzJWfNeDaJqTE""}",c7acbd1db645168f4c16fcf4a5e401b67144908fb1570f893802787892e39bf6,a578c2ee7d04f31231ac37faafd1eb3a86b543832f4099035817daaaf80055fc
289,2026-08-06T11:27:16-04:00,2027,27,MTC_ISSUED,MTC-D85D91F0BE5C,"{""closes"":""2026-08-14T23:59:59-04:00"",""offer"":""PG-DAWN-W27"",""wallet"":""CYJCqQbPGq5c1udDUMm2BveYnPeWUjFSJyCdntwmD28M""}",a578c2ee7d04f31231ac37faafd1eb3a86b543832f4099035817daaaf80055fc,ed3ae4e1f6a0799cda8c1d47aa6f8b4cb433d0f497476c89e52bd001da5757f5
290,2026-08-06T11:27:16-04:00,2027,27,MTC_ISSUED,MTC-ABE2415CF862,"{""closes"":""2026-08-14T23:59:59-04:00"",""offer"":""PG-DAWN-W27"",""wallet"":""AgGJHfUTpzBX121j4eTvWxavzth8Dgshk7ijLyrQ3TrF""}",ed3ae4e1f6a0799cda8c1d47aa6f8b4cb433d0f497476c89e52bd001da5757f5,f984e3f549d0d0f0761f346887d1ebc3ba2cad5027613232fa3d3a08ce42ff7c
291,2026-08-06T11:27:16-04:00,2027,27,MTC_ISSUED,MTC-4C04ACD65023,"{""closes"":""2026-08-14T23:59:59-04:00"",""offer"":""PG-DAWN-W27"",""wallet"":""9wvmb8vWxmp4ufeUp5Bnz6RprKCHmWz7V76FC6UcFmsV""}",f984e3f549d0d0f0761f346887d1ebc3ba2cad5027613232fa3d3a08ce42ff7c,ce514deacc50b5145ce302c51dfa2d85d75aff5897f96811aac2e9f282cc645b
292,2026-08-06T11:27:16-04:00,2027,27,MTC_ISSUED,MTC-678079193734,"{""closes"":""2026-08-14T23:59:59-04:00"",""offer"":""PG-DAWN-W27"",""wallet"":""8Z8BkXuLtFsqQwSn4oBuDoWwcM7VvJYzmmX62HGyPuA4""}",ce514deacc50b5145ce302c51dfa2d85d75aff5897f96811aac2e9f282cc645b,d1b3fd095c8044742128b8ce73560b0a13b33ba52b8a65ba81fceb35c616a103
293,2026-08-06T11:27:16-04:00,2027,27,MTC_ISSUED,MTC-6B202243ADB9,"{""closes"":""2026-08-14T23:59:59-04:00"",""offer"":""PG-DAWN-W27"",""wallet"":""2xqMZgRNNdF55WK9gGeDnH9WbMYiykHXDBczRzLNc8bR""}",d1b3fd095c8044742128b8ce73560b0a13b33ba52b8a65ba81fceb35c616a103,47a16edd238476a2e33b7dc38d7aeb8530d1bd53219d016ff7ca2e8d4f7a0c4c
294,2026-08-06T11:27:16-04:00,2027,27,MTC_ISSUED,MTC-E5A84A4A0AF2,"{""closes"":""2026-08-14T23:59:59-04:00"",""offer"":""PG-DAWN-W27"",""wallet"":""CXefVYWy6hcBJ3FTZV5bhzsQHK5QLFUuk8cpuP6VfXnd""}",47a16edd238476a2e33b7dc38d7aeb8530d1bd53219d016ff7ca2e8d4f7a0c4c,a4a4b3abc9f259b65167e257854dae2f7fa3c57738bc9c7b33cea24f9b5d813b
295,2026-08-06T11:27:16-04:00,2027,27,MTC_ISSUED,MTC-D37843690916,"{""closes"":""2026-08-14T23:59:59-04:00"",""offer"":""PG-DAWN-W27"",""wallet"":""5QUKgzNAMprZCW6BZMKJzr1eMo2XJ4zek1AczjvRPmaZ""}",a4a4b3abc9f259b65167e257854dae2f7fa3c57738bc9c7b33cea24f9b5d813b,43746a7ed39a21acb81f5b820531802c7dfd3eb9d440a7818bada2eaa6199665
296,2026-08-06T11:27:16-04:00,2027,27,MTC_ISSUED,MTC-3503320C6E32,"{""closes"":""2026-08-14T23:59:59-04:00"",""offer"":""PG-DAWN-W27"",""wallet"":""FGCC32XCj6B3fM73JPALBSxp9GPV5drcz8NrjjupbDd""}",43746a7ed39a21acb81f5b820531802c7dfd3eb9d440a7818bada2eaa6199665,a564ab6da55048031de391455d13196914d85e16f6337debc425a5f886e11167
297,2026-08-06T11:27:16-04:00,2027,27,MTC_ISSUED,MTC-5F18E43BED38,"{""closes"":""2026-08-14T23:59:59-04:00"",""offer"":""PG-DAWN-W27"",""wallet"":""HC6QAvJAka4kn1o13PrVgbR8gX87bJqhC9PF2nExGfPT""}",a564ab6da55048031de391455d13196914d85e16f6337debc425a5f886e11167,2ddbc8cf99064058e5de71d790b165b49b188c2fe192a9c0efc523c11a6d0d95
298,2026-08-06T11:27:16-04:00,2027,27,MTC_ISSUED,MTC-4C2EF974FB82,"{""closes"":""2026-08-14T23:59:59-04:00"",""offer"":""PG-DAWN-W27"",""wallet"":""74wFRC2SnHJP4V3aaXJGrxfrwfstHQrPtBuKxXexC16G""}",2ddbc8cf99064058e5de71d790b165b49b188c2fe192a9c0efc523c11a6d0d95,cdf4e2f8c04a81988b4af4565eea658630cc97ad6bd30011b07d176aed92fd93
299,2026-08-06T11:27:16-04:00,2027,27,MTC_ISSUED,MTC-7816FBC84B68,"{""closes"":""2026-08-14T23:59:59-04:00"",""offer"":""PG-DAWN-W27"",""wallet"":""5ypfcPRUpZqPZousnMsP1wS4g6bG1dgR4XT4ffG1BBH1""}",cdf4e2f8c04a81988b4af4565eea658630cc97ad6bd30011b07d176aed92fd93,bb01e13704d82497f5983efd925356282bba8d152d64ce94d30573a7dd3369ae
300,2026-08-06T11:27:16-04:00,2027,27,MTC_ISSUED,MTC-E0A0FCCC4E12,"{""closes"":""2026-08-14T23:59:59-04:00"",""offer"":""PG-DAWN-W27"",""wallet"":""6imMy1AsAzfKFcqdrH9DkxmbFS8soBMC8dToPeYaPskx""}",bb01e13704d82497f5983efd925356282bba8d152d64ce94d30573a7dd3369ae,b723e524333b54c8fcef91cb1eae854453a4453a33afff82e9e18c78a1fb3f0a
301,2026-08-06T11:27:16-04:00,2027,27,MTC_ISSUED,MTC-B26F302063AE,"{""closes"":""2026-08-14T23:59:59-04:00"",""offer"":""PG-DAWN-W27"",""wallet"":""5FZZCsBoxDcSimRnfSs66uWnWx47SEsXpZiYc3btfs68""}",b723e524333b54c8fcef91cb1eae854453a4453a33afff82e9e18c78a1fb3f0a,0f7cfabf483f5006dee953584685c64b6a7fdf921f5662ca08129e9ed24b4aac
302,2026-08-06T11:27:16-04:00,2027,27,MTC_ISSUED,MTC-8733E06ABB67,"{""closes"":""2026-08-14T23:59:59-04:00"",""offer"":""PG-DAWN-W27"",""wallet"":""4tM3pn6nHZTV35QcpEaAPLo3nFohj3QTwrcKRbcxQRaN""}",0f7cfabf483f5006dee953584685c64b6a7fdf921f5662ca08129e9ed24b4aac,586fb8b369fe67d63e9545c2d6524f40a383799efcdda079f4c9ba39ac8ad166
303,2026-08-06T11:27:16-04:00,2027,27,MTC_ISSUED,MTC-4763496B2732,"{""closes"":""2026-08-14T23:59:59-04:00"",""offer"":""PG-DAWN-W27"",""wallet"":""B5wJEKDLxzj5gNaXUBNHAc8rCihbsNhWpoS9vyjMAw3t""}",586fb8b369fe67d63e9545c2d6524f40a383799efcdda079f4c9ba39ac8ad166,6a945178c746d31813ab31c6d33a7974af598f2972021c4cbda36113c7a2c3e5
304,2026-08-06T11:27:16-04:00,2027,27,MTC_ISSUED,MTC-15281757F8BB,"{""closes"":""2026-08-14T23:59:59-04:00"",""offer"":""PG-DAWN-W27"",""wallet"":""EgEqT3ZiDQJE6b4RnPHiS5Vgq7c4krjdZuLjE5PFLAS2""}",6a945178c746d31813ab31c6d33a7974af598f2972021c4cbda36113c7a2c3e5,2e9f760258524a1ff088d652a5f28279c1e419caff580bfa9282385757fe6b1f
305,2026-08-06T11:27:16-04:00,2027,27,MTC_ISSUED,MTC-EFAE1B18C456,"{""closes"":""2026-08-14T23:59:59-04:00"",""offer"":""PG-DAWN-W27"",""wallet"":""2BFq8Eoc4CzVYGsuEsutX9zFyMJuAkFeDXWRBtx6f8DC""}",2e9f760258524a1ff088d652a5f28279c1e419caff580bfa9282385757fe6b1f,bcd23bee6befeca466f63e8e6816a29813071d2ab7e1c90c4bbd40d94b7e5c6a
306,2026-08-06T11:27:16-04:00,2027,27,MTC_ISSUED,MTC-DE6CBB5E9456,"{""closes"":""2026-08-14T23:59:59-04:00"",""offer"":""PG-DAWN-W27"",""wallet"":""5jT3dhW3jwf7LUba3tafV5ArYXuSDW8tfycqPqQZ1VEr""}",bcd23bee6befeca466f63e8e6816a29813071d2ab7e1c90c4bbd40d94b7e5c6a,6d79ca283841e5beae801394e579120ff857b657c3529373aaba53fbae4f675d
307,2026-08-06T11:27:16-04:00,2027,27,MTC_ISSUED,MTC-80AF14448E3C,"{""closes"":""2026-08-14T23:59:59-04:00"",""offer"":""PG-DAWN-W27"",""wallet"":""TM7uNMpUMQNwcKRdNeWhHJASN8AVa6MVWYxP8v9xRzH""}",6d79ca283841e5beae801394e579120ff857b657c3529373aaba53fbae4f675d,f3db5e4c3063dbb5a917e008b79367c85bc72e8762eeea469c8ed657fdfd8593
308,2026-08-06T11:27:16-04:00,2027,27,MTC_ISSUED,MTC-86776282646F,"{""closes"":""2026-08-14T23:59:59-04:00"",""offer"":""PG-DAWN-W27"",""wallet"":""EPb1wesvCKnSN4npPHbiiXFrSV1mFgU4jr2HxCvBre2X""}",f3db5e4c3063dbb5a917e008b79367c85bc72e8762eeea469c8ed657fdfd8593,e3f27a9bb4334cc616bc7df9f18bdfce61f855cfa5191c35f87d800996458018
309,2026-08-06T11:27:16-04:00,2027,27,MTC_ISSUED,MTC-F91071E7F621,"{""closes"":""2026-08-14T23:59:59-04:00"",""offer"":""PG-DAWN-W27"",""wallet"":""CbmAaDcZQw5hcbLV5rhiALMwwNcjsWLisBg5rydMS8sD""}",e3f27a9bb4334cc616bc7df9f18bdfce61f855cfa5191c35f87d800996458018,1864071a39819b184352f56153d86cbddec258a469e87db397cfce613a54cbd2
310,2026-08-06T11:27:16-04:00,2027,27,MTC_ISSUED,MTC-951E0EF44C0D,"{""closes"":""2026-08-14T23:59:59-04:00"",""offer"":""PG-DAWN-W27"",""wallet"":""F9uMKF2VSgqgpivNYNeVccv3fHwTUonEG9MoMyL4FrUS""}",1864071a39819b184352f56153d86cbddec258a469e87db397cfce613a54cbd2,41a31402710a08396bcac482009415b4d075a587a842a2dabe1fe8e06ea35967
311,2026-08-06T11:27:17-04:00,2027,27,MTC_ISSUED,MTC-F58E70D345E5,"{""closes"":""2026-08-14T23:59:59-04:00"",""offer"":""PG-DAWN-W27"",""wallet"":""2SepzM945cTyBDcn1GE9iLvwyGdBXcDDGphfESVbWR1N""}",41a31402710a08396bcac482009415b4d075a587a842a2dabe1fe8e06ea35967,c5c9321bb16413ee857b291103b7dfedcadb3ee088d2fe1e85c984f3e4ece79d
312,2026-08-06T11:27:17-04:00,2027,27,MTC_ISSUED,MTC-8F8B6CDDE295,"{""closes"":""2026-08-14T23:59:59-04:00"",""offer"":""PG-DAWN-W27"",""wallet"":""8PdtfCUnEmJmHwBPRf64g9qcvb5Qa7fZhXKma7X8UqPX""}",c5c9321bb16413ee857b291103b7dfedcadb3ee088d2fe1e85c984f3e4ece79d,fb8ab5d16f2cd048e623e8092b5a3b9b2907e86c2820d3c029a47d518d8ce285
313,2026-08-06T11:27:17-04:00,2027,27,MTC_ISSUED,MTC-BEED28EBDCF8,"{""closes"":""2026-08-14T23:59:59-04:00"",""offer"":""PG-DAWN-W27"",""wallet"":""GFCHhwyJghPFSEoBRJ8pGpgkH2nn7v73Ak2miKwKUsSP""}",fb8ab5d16f2cd048e623e8092b5a3b9b2907e86c2820d3c029a47d518d8ce285,086679cfadc5cf8f8772e8723516a068f9da83554f93a25938274a9229e4f22a
314,2026-08-06T11:27:17-04:00,2027,27,MTC_ISSUED,MTC-FC06A93DBA1D,"{""closes"":""2026-08-14T23:59:59-04:00"",""offer"":""PG-DAWN-W27"",""wallet"":""78DpoEoaLcKYqfXK1AETBgGhSFvM6rbSrXtC71hfzZPo""}",086679cfadc5cf8f8772e8723516a068f9da83554f93a25938274a9229e4f22a,f6ec970fb0d922f6869c9c8d9db6754e9492d644da299bfebb4518e7d40c8925
315,2026-08-06T11:27:17-04:00,2027,27,MTC_ISSUED,MTC-DE770F8F8CCE,"{""closes"":""2026-08-14T23:59:59-04:00"",""offer"":""PG-DAWN-W27"",""wallet"":""AovTqGPup81aS7Btfikc8HdyDnXfeY1P2g94fQHjmkj4""}",f6ec970fb0d922f6869c9c8d9db6754e9492d644da299bfebb4518e7d40c8925,1042aaea1a9a29203943a0cdf713dc577825366c6540aa4a8c57f4f6b08c0210
316,2026-08-06T11:27:17-04:00,2027,27,MTC_ISSUED,MTC-6EDA2C57C663,"{""closes"":""2026-08-14T23:59:59-04:00"",""offer"":""PG-DAWN-W27"",""wallet"":""7nFH9dccGnsmY87VUb6WohmWgJfrHsZUtc82u8Lqmy81""}",1042aaea1a9a29203943a0cdf713dc577825366c6540aa4a8c57f4f6b08c0210,212df64478db6f0707fafac87e3eb71496694cb8bebdad545e93302c89d2842d
317,2026-08-06T11:27:17-04:00,2027,27,MTC_ISSUED,MTC-77164A105D06,"{""closes"":""2026-08-14T23:59:59-04:00"",""offer"":""PG-DAWN-W27"",""wallet"":""3wbijfMwyVXNrN3jrEqrxbqhAzjZV6Ahu9znkoMF9ANu""}",212df64478db6f0707fafac87e3eb71496694cb8bebdad545e93302c89d2842d,b0874d23125d91bffb88f12b34855267046432e2c91449d803b9e3dc1e145a9d
318,2026-08-06T11:27:17-04:00,2027,27,MTC_ISSUED,MTC-56786FA0FBBF,"{""closes"":""2026-08-14T23:59:59-04:00"",""offer"":""PG-DAWN-W27"",""wallet"":""CujhYJsaQLWbCSqFJaYywHNdYSsQ6JK1J8fHqJQNrUHY""}",b0874d23125d91bffb88f12b34855267046432e2c91449d803b9e3dc1e145a9d,d4fbe798d0a3e5a7922dc229dd680fc9b79f68536e5003917a77cf3e8bff7d14
319,2026-08-06T11:27:17-04:00,2027,27,MTC_ISSUED,MTC-23337DD4572D,"{""closes"":""2026-08-14T23:59:59-04:00"",""offer"":""PG-DAWN-W27"",""wallet"":""CFo5hxhtqFWT82iKEn5i5AXYH4NiuxpzSecRq4PxCN3B""}",d4fbe798d0a3e5a7922dc229dd680fc9b79f68536e5003917a77cf3e8bff7d14,8495cc18b46e1e372e65ca01d0cd830b0f09627d6fb37d717e7c8de87bbb1cf1
320,2026-08-06T11:27:17-04:00,2027,27,MTC_ISSUED,MTC-7D4E65ED609B,"{""closes"":""2026-08-14T23:59:59-04:00"",""offer"":""PG-DAWN-W27"",""wallet"":""3oMLPVQ7Twn7C2p8E55q4QDBmt9B83MrRyGcCgbmEjXh""}",8495cc18b46e1e372e65ca01d0cd830b0f09627d6fb37d717e7c8de87bbb1cf1,4e606ef400ea7b65df77ea247158de82d73450c517fa8af422bcb2b7addb3b34
321,2026-08-06T11:27:17-04:00,2027,27,MTC_ISSUED,MTC-A6EA86B1DB4E,"{""closes"":""2026-08-14T23:59:59-04:00"",""offer"":""PG-DAWN-W27"",""wallet"":""84MwrpayJyRRgzfGGLRXqQrPTwBJh9CSneVnMo5qwZUf""}",4e606ef400ea7b65df77ea247158de82d73450c517fa8af422bcb2b7addb3b34,0014bd3eae8b1a06638f080ff0b3c0843fd906fae44a6bc84991e957971a039a
322,2026-08-06T11:27:17-04:00,2027,27,MTC_ISSUED,MTC-AD4BAA123A36,"{""closes"":""2026-08-14T23:59:59-04:00"",""offer"":""PG-DAWN-W27"",""wallet"":""2c2Eqsuju3ZewJq4FoRmTxaA1Z37zZoGWcuwGwMsmikc""}",0014bd3eae8b1a06638f080ff0b3c0843fd906fae44a6bc84991e957971a039a,7a053b07a85b7a2011a2ed1b0c0844701860ea6088153fe2b2d3552a2d3f141e
323,2026-08-06T11:27:17-04:00,2027,27,MTC_ISSUED,MTC-280A5CA5BDC5,"{""closes"":""2026-08-14T23:59:59-04:00"",""offer"":""PG-DAWN-W27"",""wallet"":""3V2VWjvmr6ecRJhoy369AqqmqzC4xxD5WCuny5LFQEd8""}",7a053b07a85b7a2011a2ed1b0c0844701860ea6088153fe2b2d3552a2d3f141e,ee370b179d4bf3badaffbe271780f8ab05cabe63f6e8b7027658b4ad1f1abc14
324,2026-08-06T11:27:17-04:00,2027,27,MTC_ISSUED,MTC-BBB41468E769,"{""closes"":""2026-08-14T23:59:59-04:00"",""offer"":""PG-DAWN-W27"",""wallet"":""8M32dnRRXwf4YUm46zNKNuNn8DNUUzk5rGJWGVf4Kurr""}",ee370b179d4bf3badaffbe271780f8ab05cabe63f6e8b7027658b4ad1f1abc14,4a4b1d630d36bb99e68f034a50a6fb0d06ca4ace9f76ceef468cc6c18eceb45f
325,2026-08-06T11:27:17-04:00,2027,27,MTC_ISSUED,MTC-C3B28A399D9B,"{""closes"":""2026-08-14T23:59:59-04:00"",""offer"":""PG-DAWN-W27"",""wallet"":""38qHhtG3yCbPUpscVaUp6gdRDQKUpz7waw5VEUwoTapC""}",4a4b1d630d36bb99e68f034a50a6fb0d06ca4ace9f76ceef468cc6c18eceb45f,4ce6fd43dfb0fc74e9be2f08f7025c6a254564001ce8a83f467f409fd5a528b9
326,2026-08-06T11:27:17-04:00,2027,27,MTC_ISSUED,MTC-E846A8EEBF05,"{""closes"":""2026-08-14T23:59:59-04:00"",""offer"":""PG-DAWN-W27"",""wallet"":""HiTfKwLBRFqmkrNRLziwrWuXd9fA1Mjsoz3hrBFLwLqs""}",4ce6fd43dfb0fc74e9be2f08f7025c6a254564001ce8a83f467f409fd5a528b9,7cc0bb44b5a1d6a4f97ca1e48b392b1faecbfa082c1ee50c24db86f6a4e7129e
327,2026-08-06T11:27:17-04:00,2027,27,MTC_ISSUED,MTC-F78DCE57D94D,"{""closes"":""2026-08-14T23:59:59-04:00"",""offer"":""PG-DAWN-W27"",""wallet"":""9uCQPZwhBbTxqRZtridv4v2AJejHpDx26iczPzkxxSvN""}",7cc0bb44b5a1d6a4f97ca1e48b392b1faecbfa082c1ee50c24db86f6a4e7129e,1100cf5ddc3f538acd0ff023971b022ef3c196e456a304aeaede40aeafb9f128
328,2026-08-06T11:27:17-04:00,2027,27,MTC_ISSUED,MTC-1A2281D8DEEC,"{""closes"":""2026-08-14T23:59:59-04:00"",""offer"":""PG-DAWN-W27"",""wallet"":""E2h7Xkzko2t6sbD4kHBoyr2hNkQZcAMeLPjP5RPUEWtE""}",1100cf5ddc3f538acd0ff023971b022ef3c196e456a304aeaede40aeafb9f128,51a05675ae9c5d3df8314b5ebf586e176f6805d438ac019f37d27123ddde4c59
329,2026-08-06T11:27:17-04:00,2027,27,MTC_ISSUED,MTC-042751672312,"{""closes"":""2026-08-14T23:59:59-04:00"",""offer"":""PG-DAWN-W27"",""wallet"":""rx5t3nA5RVQsczcMJHEkA8wHKkAey8MGcJLDymkWKpa""}",51a05675ae9c5d3df8314b5ebf586e176f6805d438ac019f37d27123ddde4c59,e7ad5add723d87d4ae80656509a335d4964cd2a1ec93d3e4f576b46e4234a2d9
330,2026-08-06T11:27:17-04:00,2027,27,MTC_ISSUED,MTC-C20F082049E1,"{""closes"":""2026-08-14T23:59:59-04:00"",""offer"":""PG-DAWN-W27"",""wallet"":""6eLsAwxqL2nB7ywK5zG9aoZSKtYXeEB7RjtdpdbeqsQF""}",e7ad5add723d87d4ae80656509a335d4964cd2a1ec93d3e4f576b46e4234a2d9,9ce6055da6453a9fc89575357460ee8ef6069c2bbbf7f6e043a8c020541d7078
331,2026-08-06T11:27:17-04:00,2027,27,MTC_ISSUED,MTC-7DAC0E71F73A,"{""closes"":""2026-08-14T23:59:59-04:00"",""offer"":""PG-DAWN-W27"",""wallet"":""9UacjvzKPr2Zr8PP1ZsJ2DRBGMtg7U3Dg36Ynbaa7QKE""}",9ce6055da6453a9fc89575357460ee8ef6069c2bbbf7f6e043a8c020541d7078,c99c3aaf4fe3e5c75ba12a0cb4b220ef0bb62fb190ffcd7d4c0e0606bf220638
332,2026-08-06T11:27:17-04:00,2027,27,MTC_ISSUED,MTC-51E3F521CD4B,"{""closes"":""2026-08-28T23:59:59-04:00"",""offer"":""PG-CHRM-W27"",""wallet"":""2Phbe4uG1XgxrRfMRC2tT8bV3T2jqQBPMgCtCtcUe6Mt""}",c99c3aaf4fe3e5c75ba12a0cb4b220ef0bb62fb190ffcd7d4c0e0606bf220638,90a321e6b51e82ebdb4070b0a434a8172f5f589d293b2fd1b3a86f922be1beb0
333,2026-08-06T11:27:17-04:00,2027,27,MTC_ISSUED,MTC-B16C4F6A2333,"{""closes"":""2026-08-28T23:59:59-04:00"",""offer"":""PG-CHRM-W27"",""wallet"":""CKVxTJP9BrcK83jbXKwbxKYsFeDtTHK521mpZzkxc8uF""}",90a321e6b51e82ebdb4070b0a434a8172f5f589d293b2fd1b3a86f922be1beb0,d7a30f2e1add66aeabc2b9367fe1c07ef73c317f34032c6914476d2f381bb239
334,2026-08-06T11:27:17-04:00,2027,27,MTC_ISSUED,MTC-F6A584AC7D8F,"{""closes"":""2026-08-28T23:59:59-04:00"",""offer"":""PG-CHRM-W27"",""wallet"":""7qz39CfCiqEsmARgB4T4FRgGqWrsBYq7sm7pNQeJr9TK""}",d7a30f2e1add66aeabc2b9367fe1c07ef73c317f34032c6914476d2f381bb239,c2fded32a85624f56025febe4ad113951c2a49666eb92804f7e396277cc8f759
335,2026-08-06T11:27:17-04:00,2027,27,MTC_ISSUED,MTC-C6AE52CB6CC8,"{""closes"":""2026-08-28T23:59:59-04:00"",""offer"":""PG-CHRM-W27"",""wallet"":""2BNH2NZcd1edNW1gc2Wpc8MYGZ4Yx7fpYwCYTykAMBxA""}",c2fded32a85624f56025febe4ad113951c2a49666eb92804f7e396277cc8f759,de3187d75e0484f38d9ee009a7832e58eb5d1d3ef9f8a4da5556f470f413c542
336,2026-08-06T11:27:17-04:00,2027,27,MTC_ISSUED,MTC-7D35FA83767D,"{""closes"":""2026-08-28T23:59:59-04:00"",""offer"":""PG-CHRM-W27"",""wallet"":""7nFH9dccGnsmY87VUb6WohmWgJfrHsZUtc82u8Lqmy81""}",de3187d75e0484f38d9ee009a7832e58eb5d1d3ef9f8a4da5556f470f413c542,224f413d66efee0c02891d7a72670d8d3da2f0f24a8e7e55f4d4c26a1493d237
337,2026-08-06T11:27:17-04:00,2027,27,MTC_ISSUED,MTC-4F44518A17A9,"{""closes"":""2026-08-28T23:59:59-04:00"",""offer"":""PG-CHRM-W27"",""wallet"":""FM3L75Rfqp3CUAg5QiRgJHvRT67twEMbrYS8V8iu2eSz""}",224f413d66efee0c02891d7a72670d8d3da2f0f24a8e7e55f4d4c26a1493d237,f4fd5ad9ce2e354005257d9338213107c400ed6b9fa1e6a2f278dd6925cb8b70
338,2026-08-06T11:27:17-04:00,2027,27,MTC_ISSUED,MTC-3858A1474D58,"{""closes"":""2026-08-28T23:59:59-04:00"",""offer"":""PG-CHRM-W27"",""wallet"":""HC6QAvJAka4kn1o13PrVgbR8gX87bJqhC9PF2nExGfPT""}",f4fd5ad9ce2e354005257d9338213107c400ed6b9fa1e6a2f278dd6925cb8b70,b3ca4e356a60acf3c4265acd0450278f87b97f02d22808374fc0fb21480797e7
339,2026-08-06T11:27:17-04:00,2027,27,MTC_ISSUED,MTC-8810EC9C9444,"{""closes"":""2026-08-28T23:59:59-04:00"",""offer"":""PG-CHRM-W27"",""wallet"":""C1htJvwCtDHQSvSqy3SLBLjs9bsFR9s9ZohrCV1k6DmB""}",b3ca4e356a60acf3c4265acd0450278f87b97f02d22808374fc0fb21480797e7,4e28fc47b8307074f8ec7650f75e837984d4cd15c7c97435600e9a829b7b3ff3
340,2026-08-06T11:27:17-04:00,2027,27,MTC_ISSUED,MTC-C1079C7A76AF,"{""closes"":""2026-08-28T23:59:59-04:00"",""offer"":""PG-CHRM-W27"",""wallet"":""2MWjV2Rqb6ge3KDU65wepU2pATbdn9c9929iEGsjP6J4""}",4e28fc47b8307074f8ec7650f75e837984d4cd15c7c97435600e9a829b7b3ff3,47adf9a4eee9c0d3d94725f95eb97ecb7b540da3918bb2980b49d137fa5abe36
341,2026-08-06T11:27:17-04:00,2027,27,MTC_ISSUED,MTC-4FBBDEE390AB,"{""closes"":""2026-08-28T23:59:59-04:00"",""offer"":""PG-CHRM-W27"",""wallet"":""84MwrpayJyRRgzfGGLRXqQrPTwBJh9CSneVnMo5qwZUf""}",47adf9a4eee9c0d3d94725f95eb97ecb7b540da3918bb2980b49d137fa5abe36,db8cd4c96535c2b9a685ec64f87f1b50c4d4fa20ba35b6ecd1e718fee2f1f19b
342,2026-08-06T11:27:17-04:00,2027,27,MTC_ISSUED,MTC-F01B29B9C67F,"{""closes"":""2026-08-28T23:59:59-04:00"",""offer"":""PG-CHRM-W27"",""wallet"":""5jT3dhW3jwf7LUba3tafV5ArYXuSDW8tfycqPqQZ1VEr""}",db8cd4c96535c2b9a685ec64f87f1b50c4d4fa20ba35b6ecd1e718fee2f1f19b,aa4b7916612ceb109c04bb1708d1eff5cb7c3d45c8837d4285d836545a9e55fa
343,2026-08-06T11:27:17-04:00,2027,27,MTC_ISSUED,MTC-5A2B95857FFB,"{""closes"":""2026-08-28T23:59:59-04:00"",""offer"":""PG-CHRM-W27"",""wallet"":""BiEMuLSMXh2Bo1knQg3fqw74YNv6HDh55kDSXGVjb55D""}",aa4b7916612ceb109c04bb1708d1eff5cb7c3d45c8837d4285d836545a9e55fa,0e761086ee217a2bc9cb6699d8f8bfa51a229d2674362e3e22c14f744ff3611a
344,2026-08-06T11:27:17-04:00,2027,27,MTC_ISSUED,MTC-D95EFBE117C0,"{""closes"":""2026-08-28T23:59:59-04:00"",""offer"":""PG-CHRM-W27"",""wallet"":""H9a4S4HUpcsXegpm93hjwFyezSms1pBzvNsAhTsMVJRj""}",0e761086ee217a2bc9cb6699d8f8bfa51a229d2674362e3e22c14f744ff3611a,f03964c8fd69146873204e783412a185811580781f9c229a6cd04d00a7354ed6
345,2026-08-06T11:27:17-04:00,2027,27,MTC_ISSUED,MTC-DFA70FA2DF0C,"{""closes"":""2026-08-28T23:59:59-04:00"",""offer"":""PG-CHRM-W27"",""wallet"":""CNhb3RV47iRKs22bcrdHztqH6sbom5crws9bpsruih3c""}",f03964c8fd69146873204e783412a185811580781f9c229a6cd04d00a7354ed6,2f7b6717fb113652d4f39ebb3765cc2870b44228a4cd63f7c997bfb2a84be288
346,2026-08-06T11:27:17-04:00,2027,27,MTC_ISSUED,MTC-7D13BF4A71D2,"{""closes"":""2026-08-28T23:59:59-04:00"",""offer"":""PG-CHRM-W27"",""wallet"":""DgrhGLzpWbtLXL97YnLuguiB8KRFodnkySD8pKtNzfso""}",2f7b6717fb113652d4f39ebb3765cc2870b44228a4cd63f7c997bfb2a84be288,a6f08c6ac8f79e2d2b05640b16aa3c2eebc8f838f7fe3b4c1aee1a12c38cb9a3
347,2026-08-06T11:27:17-04:00,2027,27,MTC_ISSUED,MTC-75A2C21F0294,"{""closes"":""2026-08-28T23:59:59-04:00"",""offer"":""PG-CHRM-W27"",""wallet"":""D8dhDHpceYC3369gSksaq1zD4rfy1fGF1DkwKyh6DeJK""}",a6f08c6ac8f79e2d2b05640b16aa3c2eebc8f838f7fe3b4c1aee1a12c38cb9a3,01baf540b71092cb59bcaa249ba7c90bec7a9be016e08d9beb0a62f04ec6dec7
348,2026-08-06T11:27:17-04:00,2027,27,MTC_ISSUED,MTC-2C6B9D48E112,"{""closes"":""2026-08-28T23:59:59-04:00"",""offer"":""PG-CHRM-W27"",""wallet"":""9CrX2pffttGnJuL78i6z3qC1z6qRLuWQnuZxFo3rymR4""}",01baf540b71092cb59bcaa249ba7c90bec7a9be016e08d9beb0a62f04ec6dec7,65515a3a5056901fe5f07ac4fc1f3dad799784a148f9568b2a2ba06bd6a6e343
349,2026-08-06T11:27:17-04:00,2027,27,MTC_ISSUED,MTC-B38A56BB80E9,"{""closes"":""2026-08-28T23:59:59-04:00"",""offer"":""PG-CHRM-W27"",""wallet"":""Hda4xrKYZH9QrdHvS43QoqYADz1Bdu5FqqbBm2j5uxmm""}",65515a3a5056901fe5f07ac4fc1f3dad799784a148f9568b2a2ba06bd6a6e343,edbf6b4eb9ac5ac9f2faa1f112ce63cb0b1e31d5672237396c396276349373ce
350,2026-08-06T11:27:17-04:00,2027,27,MTC_ISSUED,MTC-B73E8F353088,"{""closes"":""2026-08-28T23:59:59-04:00"",""offer"":""PG-CHRM-W27"",""wallet"":""6imMy1AsAzfKFcqdrH9DkxmbFS8soBMC8dToPeYaPskx""}",edbf6b4eb9ac5ac9f2faa1f112ce63cb0b1e31d5672237396c396276349373ce,a8227375c51517e54b7f30ba1372bb5ed93ef89571626600c8a110734a044dbb
351,2026-08-06T11:27:17-04:00,2027,27,MTC_ISSUED,MTC-1731DEFBA8F7,"{""closes"":""2026-08-28T23:59:59-04:00"",""offer"":""PG-CHRM-W27"",""wallet"":""EgEqT3ZiDQJE6b4RnPHiS5Vgq7c4krjdZuLjE5PFLAS2""}",a8227375c51517e54b7f30ba1372bb5ed93ef89571626600c8a110734a044dbb,17dd034de3d790f435234ae5dfbfe603f05216a98b9ba8fc11ed45bcb84fa71d
352,2026-08-06T11:27:17-04:00,2027,27,MTC_ISSUED,MTC-A336E4430CF3,"{""closes"":""2026-08-28T23:59:59-04:00"",""offer"":""PG-CHRM-W27"",""wallet"":""2a75hgBgTq6uDJg3vvTePxUyvJurXzasDEqh4CyFp423""}",17dd034de3d790f435234ae5dfbfe603f05216a98b9ba8fc11ed45bcb84fa71d,e0826fa22375892be174fa72540169a96d37e9d1795c6b3066893f26563d94e9
353,2026-08-06T11:27:17-04:00,2027,27,MTC_ISSUED,MTC-DA07F8D638D2,"{""closes"":""2026-08-28T23:59:59-04:00"",""offer"":""PG-CHRM-W27"",""wallet"":""7g64R8XVxs2YKvqi68D9VwfBei84FvqriqqXxqXVxDmK""}",e0826fa22375892be174fa72540169a96d37e9d1795c6b3066893f26563d94e9,0592bb3bfd9b49a2f8e6429f21ec28fbe27e3abc9921097a69e74754db9c6845
354,2026-08-06T11:27:17-04:00,2027,27,MTC_ISSUED,MTC-F3C544E9C70E,"{""closes"":""2026-08-28T23:59:59-04:00"",""offer"":""PG-CHRM-W27"",""wallet"":""FCj1uBpAQ3xJb7hMmPX8BLVhFuDH9XJe8n1toqTeGc7H""}",0592bb3bfd9b49a2f8e6429f21ec28fbe27e3abc9921097a69e74754db9c6845,3ffbfe6d5c86e3a657e590ee887d87e37600611678465e51fe1455c14e99e357
355,2026-08-06T11:27:17-04:00,2027,27,MTC_ISSUED,MTC-CAF45F0D5F8D,"{""closes"":""2026-08-28T23:59:59-04:00"",""offer"":""PG-CHRM-W27"",""wallet"":""DJ9Hn481wKT7vg4kePoqBvKUsdN8b4wXR5f7wbY8vwuD""}",3ffbfe6d5c86e3a657e590ee887d87e37600611678465e51fe1455c14e99e357,2be987b8b46bc860bcde06eb825b3e3d3c271ccecfecb66bef573a8718897f5e
356,2026-08-06T11:27:17-04:00,2027,27,MTC_ISSUED,MTC-A2E20E67D175,"{""closes"":""2026-08-28T23:59:59-04:00"",""offer"":""PG-CHRM-W27"",""wallet"":""Gty6ZHSp5G8hF7WzqZ1vRVg65kmTB45M2wzYo5ENwJZQ""}",2be987b8b46bc860bcde06eb825b3e3d3c271ccecfecb66bef573a8718897f5e,5a8a8bb40430c84f1038b3ff894d68532c06a6174970abdaa2d2ac8e5ad95da8
357,2026-08-06T11:27:17-04:00,2027,27,MTC_ISSUED,MTC-7B940766CCC9,"{""closes"":""2026-08-28T23:59:59-04:00"",""offer"":""PG-CHRM-W27"",""wallet"":""GhJtUvxeEAxLTkoW1vMPG5DqRnf3HwEk8aGbQX2X9T2V""}",5a8a8bb40430c84f1038b3ff894d68532c06a6174970abdaa2d2ac8e5ad95da8,aa74acb525749a9fc0fe66d228eb07c34a3b2a67f3d96d61d5a82b746ef15963
358,2026-08-06T11:27:17-04:00,2027,27,MTC_ISSUED,MTC-D29AC4D5D9FA,"{""closes"":""2026-08-28T23:59:59-04:00"",""offer"":""PG-CHRM-W27"",""wallet"":""5QUKgzNAMprZCW6BZMKJzr1eMo2XJ4zek1AczjvRPmaZ""}",aa74acb525749a9fc0fe66d228eb07c34a3b2a67f3d96d61d5a82b746ef15963,9d660a0100dfeda54204f24e97c22ace7166b9d13270606dee96ad34b937ff61
359,2026-08-06T11:27:17-04:00,2027,27,MTC_ISSUED,MTC-233ABA318C96,"{""closes"":""2026-08-28T23:59:59-04:00"",""offer"":""PG-CHRM-W27"",""wallet"":""DbcJaGohi1abrqeU2K2ohjB93ye9PGApbFgdVfEVzMh1""}",9d660a0100dfeda54204f24e97c22ace7166b9d13270606dee96ad34b937ff61,34b291b5b5338913158946199e0b29bcea8982c909e1312bdeb1883469331a90
360,2026-08-06T11:27:17-04:00,2027,27,MTC_ISSUED,MTC-5982E2FFD7F3,"{""closes"":""2026-08-28T23:59:59-04:00"",""offer"":""PG-CHRM-W27"",""wallet"":""8784MbPSnho6KxbeUFQuJn3p2cNrQojXBombpjU68YfD""}",34b291b5b5338913158946199e0b29bcea8982c909e1312bdeb1883469331a90,8e75a01cc16676b68754957a9c3e845a487cab0a81b0135c2eb488d4b1d3f776
361,2026-08-06T11:27:17-04:00,2027,27,MTC_ISSUED,MTC-AE2930FF9129,"{""closes"":""2026-08-28T23:59:59-04:00"",""offer"":""PG-CHRM-W27"",""wallet"":""3BjWWprt8hoZpe8rUNwdUH3FVhgbvYFBQ5LSogMUPAzW""}",8e75a01cc16676b68754957a9c3e845a487cab0a81b0135c2eb488d4b1d3f776,1a181be1b23fc82eaffa04f0748fb4a41f2dae5ebea44ddadd920ae41f5f9a07
362,2026-08-06T11:27:17-04:00,2027,27,MTC_ISSUED,MTC-E6941DB7D3CE,"{""closes"":""2026-08-28T23:59:59-04:00"",""offer"":""PG-CHRM-W27"",""wallet"":""8M32dnRRXwf4YUm46zNKNuNn8DNUUzk5rGJWGVf4Kurr""}",1a181be1b23fc82eaffa04f0748fb4a41f2dae5ebea44ddadd920ae41f5f9a07,dd2aa0082d0d3c263f122df2c19650b5d20aff2878a1b5eef3d558e6dd2c905f
363,2026-08-06T11:27:17-04:00,2027,27,MTC_ISSUED,MTC-EEBB65A031E0,"{""closes"":""2026-08-28T23:59:59-04:00"",""offer"":""PG-CHRM-W27"",""wallet"":""78DpoEoaLcKYqfXK1AETBgGhSFvM6rbSrXtC71hfzZPo""}",dd2aa0082d0d3c263f122df2c19650b5d20aff2878a1b5eef3d558e6dd2c905f,edd3158a392bcbebd480ababb2ebe2b86c93793c20b1a3339e303605eb7f626f
364,2026-08-06T11:27:17-04:00,2027,27,MTC_ISSUED,MTC-30D9B2F4DA29,"{""closes"":""2026-08-28T23:59:59-04:00"",""offer"":""PG-CHRM-W27"",""wallet"":""7we5YHPnsyXLSDKDdaKMedRb3bDrfncg3xddYcEBxAFw""}",edd3158a392bcbebd480ababb2ebe2b86c93793c20b1a3339e303605eb7f626f,28ecec4d0599626a83e2ecf9e2b0e55a11bf4279ef0a022ae50740dac32dc4e3
365,2026-08-06T11:27:17-04:00,2027,27,MTC_ISSUED,MTC-709EE4865AED,"{""closes"":""2026-08-28T23:59:59-04:00"",""offer"":""PG-CHRM-W27"",""wallet"":""FGCC32XCj6B3fM73JPALBSxp9GPV5drcz8NrjjupbDd""}",28ecec4d0599626a83e2ecf9e2b0e55a11bf4279ef0a022ae50740dac32dc4e3,9b234ed8547a6442def213d38b1ca1421a106c11e3a47362a5c0b9bb6541551a
366,2026-08-06T11:27:17-04:00,2027,27,MTC_ISSUED,MTC-5517B50D3276,"{""closes"":""2026-08-28T23:59:59-04:00"",""offer"":""PG-CHRM-W27"",""wallet"":""AMVtvQizNYAHsMhhdrv8PRWkUWxxhG5tYsSFjckc2Zwu""}",9b234ed8547a6442def213d38b1ca1421a106c11e3a47362a5c0b9bb6541551a,67f55287eb5c232aa38db44e5d9dc769e31bc98a99d0acccafb727fbf192a261
367,2026-08-06T11:27:17-04:00,2027,27,MTC_ISSUED,MTC-56F94CDC0472,"{""closes"":""2026-08-28T23:59:59-04:00"",""offer"":""PG-CHRM-W27"",""wallet"":""7JXFatjzY3KE1HVY1qBReCLP86Qytc7QSJckgaPjqtXs""}",67f55287eb5c232aa38db44e5d9dc769e31bc98a99d0acccafb727fbf192a261,289662ee9b25fc95d387b0eb16b021a999cc538528725ef59fd67e170e7d4d5c
368,2026-08-06T11:27:17-04:00,2027,27,MTC_ISSUED,MTC-9AA08F315D28,"{""closes"":""2026-08-28T23:59:59-04:00"",""offer"":""PG-CHRM-W27"",""wallet"":""CLo9PxYnfsipTMATAudNrzbBbo4tKqux7GyCHL6ACHsR""}",289662ee9b25fc95d387b0eb16b021a999cc538528725ef59fd67e170e7d4d5c,837ac81eda7cc2627b0c49b4d4b8821a2a88ee2bbfd9478ba5f5df77c4584b5f
369,2026-08-06T11:27:17-04:00,2027,27,MTC_ISSUED,MTC-94E10CF465DE,"{""closes"":""2026-08-28T23:59:59-04:00"",""offer"":""PG-CHRM-W27"",""wallet"":""8RXDCQbXKX62Dxdc4oc6g5HTmh8SUNzAbjSASfVvTLyy""}",837ac81eda7cc2627b0c49b4d4b8821a2a88ee2bbfd9478ba5f5df77c4584b5f,5b8b6ba532b33bfbf430ffd0d18499c589244799792ca72a9c8ecf4d284b192b
370,2026-08-06T11:27:17-04:00,2027,27,MTC_ISSUED,MTC-4AB86C46171D,"{""closes"":""2026-08-28T23:59:59-04:00"",""offer"":""PG-CHRM-W27"",""wallet"":""5R1LR5xasiPHpJpZC4CCxAmy7MWtew9bzqRYo9MAiBL2""}",5b8b6ba532b33bfbf430ffd0d18499c589244799792ca72a9c8ecf4d284b192b,9ee205dced18214d327019f69416cbcbc7961f08d1ee6aac2d79eeffa3cd8232
371,2026-08-06T11:27:17-04:00,2027,27,MTC_ISSUED,MTC-14E07EF12103,"{""closes"":""2026-08-28T23:59:59-04:00"",""offer"":""PG-CHRM-W27"",""wallet"":""B3jmEApjEmcprB2G4EyicbM838ACDnnq1zoUjk976y8p""}",9ee205dced18214d327019f69416cbcbc7961f08d1ee6aac2d79eeffa3cd8232,df03555ae38484d6a53597363cbb4d0de38f1ccd560ff9a36135f4ba160e4ced
372,2026-08-06T11:27:17-04:00,2027,27,MTC_ISSUED,MTC-8121956C8ED1,"{""closes"":""2026-08-28T23:59:59-04:00"",""offer"":""PG-CHRM-W27"",""wallet"":""3oMLPVQ7Twn7C2p8E55q4QDBmt9B83MrRyGcCgbmEjXh""}",df03555ae38484d6a53597363cbb4d0de38f1ccd560ff9a36135f4ba160e4ced,82ae1b9309413faea408afcbfcb50a47148b792128acd310ddc83d08ddfb2284
373,2026-08-06T11:27:17-04:00,2027,27,MTC_ISSUED,MTC-46C6C19C9037,"{""closes"":""2026-08-28T23:59:59-04:00"",""offer"":""PG-CHRM-W27"",""wallet"":""2SepzM945cTyBDcn1GE9iLvwyGdBXcDDGphfESVbWR1N""}",82ae1b9309413faea408afcbfcb50a47148b792128acd310ddc83d08ddfb2284,9bc067fdbe808f39eb780dc07a3839e12512d31fe7d62b997c1ac1a657f4cf23
374,2026-08-06T11:27:17-04:00,2027,27,MTC_ISSUED,MTC-6EEB4F96EB5C,"{""closes"":""2026-08-28T23:59:59-04:00"",""offer"":""PG-CHRM-W27"",""wallet"":""2xqMZgRNNdF55WK9gGeDnH9WbMYiykHXDBczRzLNc8bR""}",9bc067fdbe808f39eb780dc07a3839e12512d31fe7d62b997c1ac1a657f4cf23,dee03006fae61345d8241702f684fae4fbe00871c66a2ca21d7eb2403f1fcc8e
375,2026-08-06T11:27:17-04:00,2027,27,MTC_ISSUED,MTC-9DDFEA5A027C,"{""closes"":""2026-08-28T23:59:59-04:00"",""offer"":""PG-CHRM-W27"",""wallet"":""H3FcoPEgjobnHMruS8tXsSdjjej9xbZhCcqNfBw6SRT7""}",dee03006fae61345d8241702f684fae4fbe00871c66a2ca21d7eb2403f1fcc8e,3743ffc0cbc09ebed87aaad94d8296659c884f642c769cd4a2e33a14f613d9ff
376,2026-08-06T11:27:17-04:00,2027,27,MTC_ISSUED,MTC-350866CB6410,"{""closes"":""2026-08-28T23:59:59-04:00"",""offer"":""PG-CHRM-W27"",""wallet"":""HSsSExpsSdvbjALoJFFNLme72sPeQGfGspA8swtSU2aJ""}",3743ffc0cbc09ebed87aaad94d8296659c884f642c769cd4a2e33a14f613d9ff,f7a7c4b37494c5bd4f481340265d150f667ec6c4a1db40fbfde3e0e53b50bd10
377,2026-08-06T11:27:17-04:00,2027,27,MTC_ISSUED,MTC-8CD76EA5E5FF,"{""closes"":""2026-08-28T23:59:59-04:00"",""offer"":""PG-CHRM-W27"",""wallet"":""9uCQPZwhBbTxqRZtridv4v2AJejHpDx26iczPzkxxSvN""}",f7a7c4b37494c5bd4f481340265d150f667ec6c4a1db40fbfde3e0e53b50bd10,cedbf105476e1b79987afbd90f99b8a12af18ada8c1e974d4c80173b17b2fc03
378,2026-08-06T11:27:17-04:00,2027,27,MTC_ISSUED,MTC-9421B6B0710D,"{""closes"":""2026-08-28T23:59:59-04:00"",""offer"":""PG-CHRM-W27"",""wallet"":""B9hrBWsytE1Mh2w4ArXwhCUTSNncQjhWRfh4cztwPZ3P""}",cedbf105476e1b79987afbd90f99b8a12af18ada8c1e974d4c80173b17b2fc03,75e0c336f7d30fc9217cd88824b130f9475837d7345d647224329c086c0949fc
379,2026-08-06T11:27:17-04:00,2027,27,MTC_ISSUED,MTC-85B0A99ABEFC,"{""closes"":""2026-08-28T23:59:59-04:00"",""offer"":""PG-CHRM-W27"",""wallet"":""9UacjvzKPr2Zr8PP1ZsJ2DRBGMtg7U3Dg36Ynbaa7QKE""}",75e0c336f7d30fc9217cd88824b130f9475837d7345d647224329c086c0949fc,1e7673c59e722648da0db660f56297e699f6c83b868a2ddcbe9d4cc226d185a2
380,2026-08-06T11:27:17-04:00,2027,27,MTC_ISSUED,MTC-58FCA69DFE49,"{""closes"":""2026-08-28T23:59:59-04:00"",""offer"":""PG-CHRM-W27"",""wallet"":""CujhYJsaQLWbCSqFJaYywHNdYSsQ6JK1J8fHqJQNrUHY""}",1e7673c59e722648da0db660f56297e699f6c83b868a2ddcbe9d4cc226d185a2,b9f99e3bf5f42a139088c0ab631e523d321be8d16d727f81dbb34104e7215a56
381,2026-08-06T11:27:17-04:00,2027,27,MTC_ISSUED,MTC-4EEB4424AE72,"{""closes"":""2026-08-28T23:59:59-04:00"",""offer"":""PG-CHRM-W27"",""wallet"":""38qHhtG3yCbPUpscVaUp6gdRDQKUpz7waw5VEUwoTapC""}",b9f99e3bf5f42a139088c0ab631e523d321be8d16d727f81dbb34104e7215a56,a0d25b70179227e2f40edbf289fca7853e13a6f3a1c39f863163843bcc20b80b
382,2026-08-06T11:27:17-04:00,2027,27,MTC_ISSUED,MTC-3B2608650385,"{""closes"":""2026-08-28T23:59:59-04:00"",""offer"":""PG-CHRM-W27"",""wallet"":""6Z8MzAiyqJhbacXntZWSnCr2S7hZYdjXo6KdjTLxjJd1""}",a0d25b70179227e2f40edbf289fca7853e13a6f3a1c39f863163843bcc20b80b,e1626391262c9f7486c908d1b9ff9b21fafc68fc3424a67e5e76263b2e899da4
383,2026-08-06T11:27:17-04:00,2027,27,MTC_ISSUED,MTC-5F596FE51075,"{""closes"":""2026-08-28T23:59:59-04:00"",""offer"":""PG-CHRM-W27"",""wallet"":""4KHzMZc75Gt1KaoTquFa8aETbz6mY6uJpjgKRoZ19nqQ""}",e1626391262c9f7486c908d1b9ff9b21fafc68fc3424a67e5e76263b2e899da4,4053d051fdc8c7d65bb344c8b39461da4abfdb9c468523990adf33cdf1f2d92f
384,2026-08-06T11:27:17-04:00,2027,27,MTC_ISSUED,MTC-D8E428074C57,"{""closes"":""2026-08-28T23:59:59-04:00"",""offer"":""PG-CHRM-W27"",""wallet"":""FVZcL2rnt6D984s2HhNsv3nbX7mNoDg1U56Uy9pFkmbJ""}",4053d051fdc8c7d65bb344c8b39461da4abfdb9c468523990adf33cdf1f2d92f,1f2430108f5ec6aa82eb8160c99b0310b462af0795e14c86355571efc4589bd6
385,2026-08-06T11:27:17-04:00,2027,27,MTC_ISSUED,MTC-E10C8F14DF95,"{""closes"":""2026-08-28T23:59:59-04:00"",""offer"":""PG-CHRM-W27"",""wallet"":""rx5t3nA5RVQsczcMJHEkA8wHKkAey8MGcJLDymkWKpa""}",1f2430108f5ec6aa82eb8160c99b0310b462af0795e14c86355571efc4589bd6,3f21da32eb168ffb6cc1dde34e6b42ee17d5b2bd9fd484d32180bc8a859381c8
386,2026-08-06T11:27:17-04:00,2027,27,MTC_ISSUED,MTC-A3712158FACB,"{""closes"":""2026-08-28T23:59:59-04:00"",""offer"":""PG-CHRM-W27"",""wallet"":""H9Q1Gt8ER5cHc5SsKV58zRvo9XiVZ4hciRsoZeQ42TQk""}",3f21da32eb168ffb6cc1dde34e6b42ee17d5b2bd9fd484d32180bc8a859381c8,60ae1330af2d21998c50ee6cd340c618231070028f9feaab2a64af9154c97a6f
387,2026-08-06T11:27:17-04:00,2027,27,MTC_ISSUED,MTC-92E74DEF6A82,"{""closes"":""2026-08-28T23:59:59-04:00"",""offer"":""PG-CHRM-W27"",""wallet"":""6p4XRCa6cX7Sayp1V2zdKFDXqkppHLfCZqqQTKZaRGXx""}",60ae1330af2d21998c50ee6cd340c618231070028f9feaab2a64af9154c97a6f,36fcdef031788ee6e6ab24738e61bb00eb34abec39a46d4303070806064ece83
388,2026-08-06T11:27:17-04:00,2027,27,MTC_ISSUED,MTC-3C5EC76176E7,"{""closes"":""2026-08-28T23:59:59-04:00"",""offer"":""PG-CHRM-W27"",""wallet"":""3NSz6tW2YMmXurQuBtFSZxrkwuJ7muX1RELvA4wVdMAv""}",36fcdef031788ee6e6ab24738e61bb00eb34abec39a46d4303070806064ece83,3dd67d972f082a1c11d996f63bdbc0f4bb47735de5507ae65d2b9be93a0ad7b3
389,2026-08-06T11:27:17-04:00,2027,27,MTC_ISSUED,MTC-D11FE46F0181,"{""closes"":""2026-08-28T23:59:59-04:00"",""offer"":""PG-CHRM-W27"",""wallet"":""9VMbZTpFwQeLV44J3P6U5PHkCjStJaLbszC8yCBJPrXE""}",3dd67d972f082a1c11d996f63bdbc0f4bb47735de5507ae65d2b9be93a0ad7b3,7515eeae20bbc685e150afa6ea1fec21711d03661bd58f74b3868415f271ffc8
390,2026-08-06T11:27:17-04:00,2027,27,MTC_ISSUED,MTC-55A923E2A6AE,"{""closes"":""2026-08-28T23:59:59-04:00"",""offer"":""PG-CHRM-W27"",""wallet"":""CrGkasF4RduiqrQBU9tymwDPma81S2pdVY1eNpK59XZF""}",7515eeae20bbc685e150afa6ea1fec21711d03661bd58f74b3868415f271ffc8,a68e15f5c418bd524c9154804c96825d2639e49b9a3839de911e553ee1f13e32
391,2026-08-06T11:27:17-04:00,2027,27,MTC_ISSUED,MTC-CFDDB02796D8,"{""closes"":""2026-08-28T23:59:59-04:00"",""offer"":""PG-CHRM-W27"",""wallet"":""9wvmb8vWxmp4ufeUp5Bnz6RprKCHmWz7V76FC6UcFmsV""}",a68e15f5c418bd524c9154804c96825d2639e49b9a3839de911e553ee1f13e32,c9e9bf2ee0d76940c2aff0182634a457a5cc3419b6b34b114b06cfd7045d2492
392,2026-08-06T11:27:17-04:00,2027,27,MTC_ISSUED,MTC-D9442A8E593F,"{""closes"":""2026-08-28T23:59:59-04:00"",""offer"":""PG-CHRM-W27"",""wallet"":""dbbdLkAtaVJHVCmPFqGsEPZ1KQhCybchJc7XKVQgWhP""}",c9e9bf2ee0d76940c2aff0182634a457a5cc3419b6b34b114b06cfd7045d2492,a10491f8b1842d8a41dd93ff5dfda28ac1e57f58d79df423033ca35e7f5bacb7
393,2026-08-06T11:27:17-04:00,2027,27,MTC_ISSUED,MTC-B259AC1A384C,"{""closes"":""2026-08-28T23:59:59-04:00"",""offer"":""PG-CHRM-W27"",""wallet"":""5ypfcPRUpZqPZousnMsP1wS4g6bG1dgR4XT4ffG1BBH1""}",a10491f8b1842d8a41dd93ff5dfda28ac1e57f58d79df423033ca35e7f5bacb7,76d1950fa2d3472d4936da53dc36b368c4c6134cde942735f517f52056386579
394,2026-08-06T11:27:17-04:00,2027,27,MTC_ISSUED,MTC-E67B71EDDDDD,"{""closes"":""2026-08-28T23:59:59-04:00"",""offer"":""PG-CHRM-W27"",""wallet"":""98SBGRPaSKMf4c2qADPwsrAjG6UEFuVmZP9nf9EjHNMN""}",76d1950fa2d3472d4936da53dc36b368c4c6134cde942735f517f52056386579,e97a495cf1bcb90d9c3b07f70b3d8e1aef203e62393c9446ee5df88546c2e539
395,2026-08-06T11:27:17-04:00,2027,27,MTC_ISSUED,MTC-AC65A4FA048E,"{""closes"":""2026-08-28T23:59:59-04:00"",""offer"":""PG-CHRM-W27"",""wallet"":""4tM3pn6nHZTV35QcpEaAPLo3nFohj3QTwrcKRbcxQRaN""}",e97a495cf1bcb90d9c3b07f70b3d8e1aef203e62393c9446ee5df88546c2e539,1617a3fcefb9e29b4e276164b9b44f53f2431543af6485cec642aee0b9839b78
396,2026-08-06T11:27:17-04:00,2027,27,MTC_ISSUED,MTC-D24FBB083869,"{""closes"":""2026-08-28T23:59:59-04:00"",""offer"":""PG-CHRM-W27"",""wallet"":""8Z8BkXuLtFsqQwSn4oBuDoWwcM7VvJYzmmX62HGyPuA4""}",1617a3fcefb9e29b4e276164b9b44f53f2431543af6485cec642aee0b9839b78,4ebb99c6d19020cfb273e8a19a0b36bd32b924e27464945dce025e2f0f838b60
397,2026-08-06T11:27:17-04:00,2027,27,MTC_ISSUED,MTC-6C128A3FEDE0,"{""closes"":""2026-08-28T23:59:59-04:00"",""offer"":""PG-CHRM-W27"",""wallet"":""B8V1hNG7smErKbc1NGv9M9zxFwQdjkPaDkwPRwqHsD7g""}",4ebb99c6d19020cfb273e8a19a0b36bd32b924e27464945dce025e2f0f838b60,ad5695fa8a96fe9db9d501def5a7a4aaa56cc997e2da1fb22eb37de4b508125a
398,2026-08-06T11:27:17-04:00,2027,27,MTC_ISSUED,MTC-C241CFE83F57,"{""closes"":""2026-10-30T23:59:59-04:00"",""offer"":""PG-GILL-W27"",""wallet"":""38qHhtG3yCbPUpscVaUp6gdRDQKUpz7waw5VEUwoTapC""}",ad5695fa8a96fe9db9d501def5a7a4aaa56cc997e2da1fb22eb37de4b508125a,0688c3b72ea57b8b20fe493cf051f735d244fc59d4337df803e19a2faae261a1
399,2026-08-06T11:27:17-04:00,2027,27,MTC_ISSUED,MTC-5BF8E75E3F7A,"{""closes"":""2026-10-30T23:59:59-04:00"",""offer"":""PG-GILL-W27"",""wallet"":""DgrhGLzpWbtLXL97YnLuguiB8KRFodnkySD8pKtNzfso""}",0688c3b72ea57b8b20fe493cf051f735d244fc59d4337df803e19a2faae261a1,a1fc23d3dbb3a3830e7a6c401f9e1517bd87406aaba77f9380792890b8a3daee
400,2026-08-06T11:27:17-04:00,2027,27,MTC_ISSUED,MTC-BD3023468BEB,"{""closes"":""2026-10-30T23:59:59-04:00"",""offer"":""PG-GILL-W27"",""wallet"":""CFo5hxhtqFWT82iKEn5i5AXYH4NiuxpzSecRq4PxCN3B""}",a1fc23d3dbb3a3830e7a6c401f9e1517bd87406aaba77f9380792890b8a3daee,98d65fc8a8c7c10c74f6f63a92c952afd7c5d4a3a374e918f19e2c3ddeb1e22e
401,2026-08-06T11:27:17-04:00,2027,27,MTC_ISSUED,MTC-2411FC33BBA3,"{""closes"":""2026-10-30T23:59:59-04:00"",""offer"":""PG-GILL-W27"",""wallet"":""F5pywztBXdkuQbV9oZTWfgrcr4KzYGNS9hDdGvDgtXGe""}",98d65fc8a8c7c10c74f6f63a92c952afd7c5d4a3a374e918f19e2c3ddeb1e22e,71ba1acabc963fa2edcf33dc6c935ce40f8ea134331e59f8a4f3a76bc532dac1
402,2026-08-06T11:27:17-04:00,2027,27,MTC_ISSUED,MTC-5CCE21E1B22C,"{""closes"":""2026-10-30T23:59:59-04:00"",""offer"":""PG-GILL-W27"",""wallet"":""9qDXcrtJWnMDvS5r1AtDUznLuTYvFCkKVjV2sX2KSSRE""}",71ba1acabc963fa2edcf33dc6c935ce40f8ea134331e59f8a4f3a76bc532dac1,ccfd32f37ffa1f0d39f14f8b6cf891f04d447517ae1e59e881c7793f286dae7b
403,2026-08-06T11:27:17-04:00,2027,27,MTC_ISSUED,MTC-8D06731F0BB9,"{""closes"":""2026-10-30T23:59:59-04:00"",""offer"":""PG-GILL-W27"",""wallet"":""Hda4xrKYZH9QrdHvS43QoqYADz1Bdu5FqqbBm2j5uxmm""}",ccfd32f37ffa1f0d39f14f8b6cf891f04d447517ae1e59e881c7793f286dae7b,d65bdedbb9b87ebbed73a3c0f976a5d4ac5bf497f5886ab1c30509f98398fc03
404,2026-08-06T11:27:17-04:00,2027,27,MTC_ISSUED,MTC-C51147F90043,"{""closes"":""2026-10-30T23:59:59-04:00"",""offer"":""PG-GILL-W27"",""wallet"":""8PiPhsYd1eVk5GeasMUrthEcfwMEx8JwDvY97AYVYQEc""}",d65bdedbb9b87ebbed73a3c0f976a5d4ac5bf497f5886ab1c30509f98398fc03,5edf8cc33c03e94b63cfd78402591c6c27b3478477ab617485d5f6d5f4a43b0d
405,2026-08-06T11:27:17-04:00,2027,27,MTC_ISSUED,MTC-C73F9533151F,"{""closes"":""2026-10-30T23:59:59-04:00"",""offer"":""PG-GILL-W27"",""wallet"":""8xzoySG4BPp5ugPBULsuXpskvABfmE8pZyS5sepZLDMk""}",5edf8cc33c03e94b63cfd78402591c6c27b3478477ab617485d5f6d5f4a43b0d,55f14e13b64605d9fa1a0cb0a5d9d4f7a92115241c2b225dee0b316ab834daaf
406,2026-08-06T11:27:17-04:00,2027,27,MTC_ISSUED,MTC-3F8AE5E817A9,"{""closes"":""2026-10-30T23:59:59-04:00"",""offer"":""PG-GILL-W27"",""wallet"":""5cQU7suzwadX4CEM8fF9Jeq7J3N2boNoaCZG3hdqYxu9""}",55f14e13b64605d9fa1a0cb0a5d9d4f7a92115241c2b225dee0b316ab834daaf,ad55bc1e2c259d2f576b8899f3a92193dd36080000b492c28715e81a556d6d51
407,2026-08-06T11:27:17-04:00,2027,27,MTC_ISSUED,MTC-24140F916F99,"{""closes"":""2026-10-30T23:59:59-04:00"",""offer"":""PG-GILL-W27"",""wallet"":""GxFyyFhg3YDdZu9VRuVwkrBgXhbamHb14VJ7j1bUsxkk""}",ad55bc1e2c259d2f576b8899f3a92193dd36080000b492c28715e81a556d6d51,dc3eb6348994ade0e4655cfa1985e5aa06828292781edeb21641715bc897f956
408,2026-08-06T11:27:17-04:00,2027,27,MTC_ISSUED,MTC-B612BE0F67D8,"{""closes"":""2026-10-30T23:59:59-04:00"",""offer"":""PG-GILL-W27"",""wallet"":""9UacjvzKPr2Zr8PP1ZsJ2DRBGMtg7U3Dg36Ynbaa7QKE""}",dc3eb6348994ade0e4655cfa1985e5aa06828292781edeb21641715bc897f956,765ae76c0d120084b0c6313a4ce4d9b145aad839b65e1fc11a46d9282b0f215c
409,2026-08-06T11:27:17-04:00,2027,27,MTC_ISSUED,MTC-9B2077ADA5E7,"{""closes"":""2026-10-30T23:59:59-04:00"",""offer"":""PG-GILL-W27"",""wallet"":""AovTqGPup81aS7Btfikc8HdyDnXfeY1P2g94fQHjmkj4""}",765ae76c0d120084b0c6313a4ce4d9b145aad839b65e1fc11a46d9282b0f215c,3a397f8e2bb889db2c2b7d517b984f084c7c4ba2ec3d4f3d513f88869ebc9687
410,2026-08-06T11:27:17-04:00,2027,27,MTC_ISSUED,MTC-33D147FD7D27,"{""closes"":""2026-10-30T23:59:59-04:00"",""offer"":""PG-GILL-W27"",""wallet"":""2hGbr6XbUSgiJaA8mW6owtvcNd5DjYsoCeAXm45bA8cF""}",3a397f8e2bb889db2c2b7d517b984f084c7c4ba2ec3d4f3d513f88869ebc9687,b7771f17cc5d52ced2d66478fdafcc5e125b72061862b45234167d638c10b79b
411,2026-08-06T11:27:17-04:00,2027,27,MTC_ISSUED,MTC-A786D3085B19,"{""closes"":""2026-10-30T23:59:59-04:00"",""offer"":""PG-GILL-W27"",""wallet"":""DbcJaGohi1abrqeU2K2ohjB93ye9PGApbFgdVfEVzMh1""}",b7771f17cc5d52ced2d66478fdafcc5e125b72061862b45234167d638c10b79b,6e62b2fbffa7b950e6c594bde076ea682460eaba9d3730b5d8ded9c21ab38479
412,2026-08-06T11:27:17-04:00,2027,27,MTC_ISSUED,MTC-F3A2D0FB2B3D,"{""closes"":""2026-10-30T23:59:59-04:00"",""offer"":""PG-GILL-W27"",""wallet"":""96HRvyn2HxkrEHuyhSRHcYugbnTd9ShDc2BFwVSD7UVv""}",6e62b2fbffa7b950e6c594bde076ea682460eaba9d3730b5d8ded9c21ab38479,26284980b2ae5217b2d88fde328cfbc73913c090175d85fcffe312f518c64744
413,2026-08-06T11:27:17-04:00,2027,27,MTC_ISSUED,MTC-D6F24530B4EF,"{""closes"":""2026-10-30T23:59:59-04:00"",""offer"":""PG-GILL-W27"",""wallet"":""FcU4zgawN38GWxN3Gk7Fy7a6VDEj4ALxC2g94W6NtiMA""}",26284980b2ae5217b2d88fde328cfbc73913c090175d85fcffe312f518c64744,e5ff0ff288ef980f8f75a9ffb748961f428d03ed657ee289cc0a0d37e5e05252
414,2026-08-06T11:27:17-04:00,2027,27,MTC_ISSUED,MTC-47FB8E86AE60,"{""closes"":""2026-10-30T23:59:59-04:00"",""offer"":""PG-GILL-W27"",""wallet"":""6toFgY5sJq3oPKcdjULZUEe3YPAw6BS7Q5oJAeR9Hy9j""}",e5ff0ff288ef980f8f75a9ffb748961f428d03ed657ee289cc0a0d37e5e05252,9644392e4695f2479b1c7f4b90dc85aaf195e44b101f0b1cafcb4860d971efde
415,2026-08-06T11:27:17-04:00,2027,27,MTC_ISSUED,MTC-6E8E5A5DA1DC,"{""closes"":""2026-10-30T23:59:59-04:00"",""offer"":""PG-GILL-W27"",""wallet"":""9dGbkuJgG2h2x4bLzchUw44ShSxEJe9y3jVH26jPVXGV""}",9644392e4695f2479b1c7f4b90dc85aaf195e44b101f0b1cafcb4860d971efde,d0c7a16d1dc8864fb26f1b5c5fc556e3c53a530ee322c1507d8420dadb86c856
416,2026-08-06T11:27:17-04:00,2027,27,MTC_ISSUED,MTC-0725FF09A4E2,"{""closes"":""2026-10-30T23:59:59-04:00"",""offer"":""PG-GILL-W27"",""wallet"":""DaAXo8y2ExhNWTDd73XqoR83CfGgCFfvfqiS5LifTswT""}",d0c7a16d1dc8864fb26f1b5c5fc556e3c53a530ee322c1507d8420dadb86c856,ed1b65f39c6726bdca0d025c3a2e1179c1591afec5a5a9ab5ba93464f49ead9a
417,2026-08-06T11:27:18-04:00,2027,27,MTC_ISSUED,MTC-7DE2CEC9DB42,"{""closes"":""2026-10-30T23:59:59-04:00"",""offer"":""PG-GILL-W27"",""wallet"":""HC6QAvJAka4kn1o13PrVgbR8gX87bJqhC9PF2nExGfPT""}",ed1b65f39c6726bdca0d025c3a2e1179c1591afec5a5a9ab5ba93464f49ead9a,5fa9f399953ffd2316a9dbf674a295f93bdf6095116505b39a919875ba94aa04
418,2026-08-06T11:27:18-04:00,2027,27,MTC_ISSUED,MTC-CCA4BCA8C1C8,"{""closes"":""2026-10-30T23:59:59-04:00"",""offer"":""PG-GILL-W27"",""wallet"":""F9uMKF2VSgqgpivNYNeVccv3fHwTUonEG9MoMyL4FrUS""}",5fa9f399953ffd2316a9dbf674a295f93bdf6095116505b39a919875ba94aa04,b6e96ebc16d8e22da018f9f7d8c77fedcd21b93916001deb359c1dc070eb72d2
419,2026-08-06T11:27:18-04:00,2027,27,MTC_ISSUED,MTC-4346433C26C1,"{""closes"":""2026-10-30T23:59:59-04:00"",""offer"":""PG-GILL-W27"",""wallet"":""2DqUnuNHyhkYFZpoWAqM7aXnhjUFkDc7QP4siCEFGwxZ""}",b6e96ebc16d8e22da018f9f7d8c77fedcd21b93916001deb359c1dc070eb72d2,10b25da5081513e04605b7fad8e1328f0f8fe11927356fe8c360272c6f2aeb86
420,2026-08-06T11:27:18-04:00,2027,27,MTC_ISSUED,MTC-A10108703776,"{""closes"":""2026-10-30T23:59:59-04:00"",""offer"":""PG-GILL-W27"",""wallet"":""87AuYd9LamZ931HVcNnn9DtAs2xxSXwHXWqog6x172az""}",10b25da5081513e04605b7fad8e1328f0f8fe11927356fe8c360272c6f2aeb86,f6fb671f8746e470278c4ef7cc0f5a31e7d43f959ae0d5462e30a1ba832688cc
421,2026-08-06T11:27:18-04:00,2027,27,MTC_ISSUED,MTC-8F08E764F260,"{""closes"":""2026-10-30T23:59:59-04:00"",""offer"":""PG-GILL-W27"",""wallet"":""98SBGRPaSKMf4c2qADPwsrAjG6UEFuVmZP9nf9EjHNMN""}",f6fb671f8746e470278c4ef7cc0f5a31e7d43f959ae0d5462e30a1ba832688cc,7f218e6ae7bfa7c590e59a53d384e78a12b0cabc1a67ce89558878903dbf4210
422,2026-08-06T11:27:18-04:00,2027,27,MTC_ISSUED,MTC-ECE9E8C2F5E6,"{""closes"":""2026-10-30T23:59:59-04:00"",""offer"":""PG-GILL-W27"",""wallet"":""Hsr82DuuyPH3eXv42GPaH1su7jmakybrgN84YcLgKomt""}",7f218e6ae7bfa7c590e59a53d384e78a12b0cabc1a67ce89558878903dbf4210,1effbdf8435fc29d0cc47308833303afb76bb58cbe346bc7ebf93e1259816d24
423,2026-08-06T11:27:18-04:00,2027,27,MTC_ISSUED,MTC-792754D2EFE8,"{""closes"":""2026-10-30T23:59:59-04:00"",""offer"":""PG-GILL-W27"",""wallet"":""8uA12kH5VHimeuMKCPusFgYVhX2hEWNZKqpQqBg7xAkF""}",1effbdf8435fc29d0cc47308833303afb76bb58cbe346bc7ebf93e1259816d24,50b682647323cb72520ea03addb98555821b9ec9bdf0e72e94c53be798e8c46e
424,2026-08-06T11:27:18-04:00,2027,27,MTC_ISSUED,MTC-029EB2191123,"{""closes"":""2026-10-30T23:59:59-04:00"",""offer"":""PG-GILL-W27"",""wallet"":""8uNFKV6jSHhq4p8cStzHub8oAHqki4Ly8crVKHu6mHSw""}",50b682647323cb72520ea03addb98555821b9ec9bdf0e72e94c53be798e8c46e,f54a5bb335f510cb496cafa21e7fa5b643756c5ad9db54f83d3c4587b864e37b
425,2026-08-06T11:27:18-04:00,2027,27,MTC_ISSUED,MTC-5C67553D5AB8,"{""closes"":""2026-10-30T23:59:59-04:00"",""offer"":""PG-GILL-W27"",""wallet"":""FM3L75Rfqp3CUAg5QiRgJHvRT67twEMbrYS8V8iu2eSz""}",f54a5bb335f510cb496cafa21e7fa5b643756c5ad9db54f83d3c4587b864e37b,ed20704d608958b3fc83fe5b23ee9f39994636ef73bb61a82b5eb02d149bc84f
426,2026-08-06T11:27:18-04:00,2027,27,MTC_ISSUED,MTC-D7F4009C3C08,"{""closes"":""2026-10-30T23:59:59-04:00"",""offer"":""PG-GILL-W27"",""wallet"":""3wbijfMwyVXNrN3jrEqrxbqhAzjZV6Ahu9znkoMF9ANu""}",ed20704d608958b3fc83fe5b23ee9f39994636ef73bb61a82b5eb02d149bc84f,858c46fe82491fc395d58e3e53f293a3e71def8211805a76530ce1721bea0611
427,2026-08-06T11:27:18-04:00,2027,27,MTC_ISSUED,MTC-05C244899785,"{""closes"":""2026-10-30T23:59:59-04:00"",""offer"":""PG-GILL-W27"",""wallet"":""74wFRC2SnHJP4V3aaXJGrxfrwfstHQrPtBuKxXexC16G""}",858c46fe82491fc395d58e3e53f293a3e71def8211805a76530ce1721bea0611,e8cb1efc0a65f72e65e0550bba51d42656ef84a0380977c99cfd1381bd9f4843
428,2026-08-06T11:27:18-04:00,2027,27,MTC_ISSUED,MTC-A410658A761F,"{""closes"":""2026-10-30T23:59:59-04:00"",""offer"":""PG-GILL-W27"",""wallet"":""8M32dnRRXwf4YUm46zNKNuNn8DNUUzk5rGJWGVf4Kurr""}",e8cb1efc0a65f72e65e0550bba51d42656ef84a0380977c99cfd1381bd9f4843,549c430786b1bf0db4058c0f410aee254b4c92a50eb0764f4d22a6ba994aab36
429,2026-08-06T11:27:18-04:00,2027,27,MTC_ISSUED,MTC-AF3A4C76DC40,"{""closes"":""2026-10-30T23:59:59-04:00"",""offer"":""PG-GILL-W27"",""wallet"":""2a75hgBgTq6uDJg3vvTePxUyvJurXzasDEqh4CyFp423""}",549c430786b1bf0db4058c0f410aee254b4c92a50eb0764f4d22a6ba994aab36,9424441daef858a711c1aa3f721cc3e3fa33125bb9450d7f2ac8e787a167d065
430,2026-08-06T11:27:18-04:00,2027,27,MTC_ISSUED,MTC-FE4B4B883E0E,"{""closes"":""2026-10-30T23:59:59-04:00"",""offer"":""PG-GILL-W27"",""wallet"":""5R1LR5xasiPHpJpZC4CCxAmy7MWtew9bzqRYo9MAiBL2""}",9424441daef858a711c1aa3f721cc3e3fa33125bb9450d7f2ac8e787a167d065,d1e7634af91f24c5117bd811bc9cd2152aa2e539a1fef812a2b08521e45293f8
431,2026-08-06T11:27:18-04:00,2027,27,MTC_ISSUED,MTC-AFDFEC844EC7,"{""closes"":""2026-10-30T23:59:59-04:00"",""offer"":""PG-GILL-W27"",""wallet"":""7we5YHPnsyXLSDKDdaKMedRb3bDrfncg3xddYcEBxAFw""}",d1e7634af91f24c5117bd811bc9cd2152aa2e539a1fef812a2b08521e45293f8,27c3754dcaa2aa6343574b9fbd3402674380270f5c700c6ad220ac6bdd06131d
432,2026-08-06T11:27:18-04:00,2027,27,MTC_ISSUED,MTC-A594021A6399,"{""closes"":""2026-10-30T23:59:59-04:00"",""offer"":""PG-GILL-W27"",""wallet"":""95awXutwKBBomRCUJB825gPN4LoLAfbtZaFFtxNrRG4F""}",27c3754dcaa2aa6343574b9fbd3402674380270f5c700c6ad220ac6bdd06131d,f9afc54ef2dd68b9a6ffa0d9510a6442a9ae55fda1b5812325e62556193abfdb
433,2026-08-06T11:27:18-04:00,2027,27,MTC_ISSUED,MTC-9FE889DAC12D,"{""closes"":""2026-10-30T23:59:59-04:00"",""offer"":""PG-GILL-W27"",""wallet"":""CAm92JjaBRKMgRtRRMiLRW64igqi6QxUETAQQXaCx5tq""}",f9afc54ef2dd68b9a6ffa0d9510a6442a9ae55fda1b5812325e62556193abfdb,6136ec70df38773eb8ec1dd3d76304c8ccf4f3db024a1b1eddd5758fedc42b47
434,2026-08-06T11:27:18-04:00,2027,27,MTC_ISSUED,MTC-FCCBFACBA575,"{""closes"":""2026-10-30T23:59:59-04:00"",""offer"":""PG-GILL-W27"",""wallet"":""E6uDSQiYSSakEgJkquz4C9ouCPWXow57u1vsv4Gxu6Jy""}",6136ec70df38773eb8ec1dd3d76304c8ccf4f3db024a1b1eddd5758fedc42b47,9d3127454afa424c8aed84a0a1333cbb202c31495b5bdf5ab603dfd4000044bd
435,2026-08-06T11:27:18-04:00,2027,27,MTC_ISSUED,MTC-C78F5E6A77C0,"{""closes"":""2026-10-30T23:59:59-04:00"",""offer"":""PG-GILL-W27"",""wallet"":""4EGDsYnCTS6zmiyWqkAvEUihNKz4PmoF36naMfo69gg6""}",9d3127454afa424c8aed84a0a1333cbb202c31495b5bdf5ab603dfd4000044bd,478f6b43b084b141a899a32b931f9b2a4db1449135c590f6d1e66d512b27b7ca
436,2026-08-06T11:27:18-04:00,2027,27,MTC_ISSUED,MTC-CB239CCF933D,"{""closes"":""2026-10-30T23:59:59-04:00"",""offer"":""PG-GILL-W27"",""wallet"":""dbbdLkAtaVJHVCmPFqGsEPZ1KQhCybchJc7XKVQgWhP""}",478f6b43b084b141a899a32b931f9b2a4db1449135c590f6d1e66d512b27b7ca,bcb6f8f71e540dbd565dc5dbd4cf5ff998686d0e5e597161c5ded9f69432b169
437,2026-08-06T11:27:18-04:00,2027,27,MTC_ISSUED,MTC-F2909B9BFDFA,"{""closes"":""2026-10-30T23:59:59-04:00"",""offer"":""PG-GILL-W27"",""wallet"":""HKh6AbRPKodrMjo36EQVEUkVHXFFFdUzJWuMuP8asD8M""}",bcb6f8f71e540dbd565dc5dbd4cf5ff998686d0e5e597161c5ded9f69432b169,cd09f1eb6ff3d6dba4e54168fb32fbe98525c8e2bf436bfbe200279bdbaf7578
438,2026-08-06T11:27:18-04:00,2027,27,MTC_ISSUED,MTC-C8DEB8C4CAE3,"{""closes"":""2026-10-30T23:59:59-04:00"",""offer"":""PG-GILL-W27"",""wallet"":""AWz73jiqeFyFW4znYtMTD76upgFX98ctSGqqtVKJUTJD""}",cd09f1eb6ff3d6dba4e54168fb32fbe98525c8e2bf436bfbe200279bdbaf7578,f30d450beda67e607a9472f054af577099374852dd23c694b19b40396925e39b
439,2026-08-06T11:27:18-04:00,2027,27,MTC_ISSUED,MTC-FE96BA859F60,"{""closes"":""2026-10-30T23:59:59-04:00"",""offer"":""PG-GILL-W27"",""wallet"":""AgGJHfUTpzBX121j4eTvWxavzth8Dgshk7ijLyrQ3TrF""}",f30d450beda67e607a9472f054af577099374852dd23c694b19b40396925e39b,11b17d235b9d31e6ec005913f442a38eaf0474238cb3270985380b70bdd19691
440,2026-08-06T11:27:18-04:00,2027,27,MTC_ISSUED,MTC-75B562EC2BF2,"{""closes"":""2026-10-30T23:59:59-04:00"",""offer"":""PG-GILL-W27"",""wallet"":""8Z8BkXuLtFsqQwSn4oBuDoWwcM7VvJYzmmX62HGyPuA4""}",11b17d235b9d31e6ec005913f442a38eaf0474238cb3270985380b70bdd19691,f38f61ec77923b9738f04aa78eb3f3aab6b8c612ca458e268f6736fcd137b91a
441,2026-08-06T11:27:18-04:00,2027,27,MTC_ISSUED,MTC-6D2CF7F0B615,"{""closes"":""2026-10-30T23:59:59-04:00"",""offer"":""PG-GILL-W27"",""wallet"":""8PdtfCUnEmJmHwBPRf64g9qcvb5Qa7fZhXKma7X8UqPX""}",f38f61ec77923b9738f04aa78eb3f3aab6b8c612ca458e268f6736fcd137b91a,85f3abec2ca22cbbd6b8eedcf2256b48dccc65b81aa7dce5d8764a4368b35f7b
442,2026-08-06T11:27:18-04:00,2027,27,MTC_ISSUED,MTC-5E514126F61A,"{""closes"":""2026-10-30T23:59:59-04:00"",""offer"":""PG-GILL-W27"",""wallet"":""ELmR6Jr1vX4sFeYCKZJ2Kb4XtG3Jj7xnLns1TzJ5f6ck""}",85f3abec2ca22cbbd6b8eedcf2256b48dccc65b81aa7dce5d8764a4368b35f7b,84123c01724fe377c3abc9c95278a48483f75f6722a3dacd18b2ada1566ed6a0
443,2026-08-06T11:27:18-04:00,2027,27,MTC_ISSUED,MTC-B7B09190FAC1,"{""closes"":""2026-10-30T23:59:59-04:00"",""offer"":""PG-GILL-W27"",""wallet"":""GhJtUvxeEAxLTkoW1vMPG5DqRnf3HwEk8aGbQX2X9T2V""}",84123c01724fe377c3abc9c95278a48483f75f6722a3dacd18b2ada1566ed6a0,0385bb1a8ce96b9ee84eca21373d47faa46562caf77237a6663508cabeb0087d
444,2026-08-06T11:27:18-04:00,2027,27,MTC_ISSUED,MTC-A4D0DA82E50A,"{""closes"":""2026-10-30T23:59:59-04:00"",""offer"":""PG-GILL-W27"",""wallet"":""2BFq8Eoc4CzVYGsuEsutX9zFyMJuAkFeDXWRBtx6f8DC""}",0385bb1a8ce96b9ee84eca21373d47faa46562caf77237a6663508cabeb0087d,b7dfe52ff8686b305ebfee61bda45b363e5a1eb44768e1c458b6400f346f5450
445,2026-08-06T11:27:18-04:00,2027,27,MTC_ISSUED,MTC-FD930B7A6C9D,"{""closes"":""2026-10-30T23:59:59-04:00"",""offer"":""PG-GILL-W27"",""wallet"":""9CrX2pffttGnJuL78i6z3qC1z6qRLuWQnuZxFo3rymR4""}",b7dfe52ff8686b305ebfee61bda45b363e5a1eb44768e1c458b6400f346f5450,f7344cb3209ed72183d5023284ea983cd214e3b7428797fc8dcb10187646b093
446,2026-08-06T11:27:18-04:00,2027,27,MTC_ISSUED,MTC-F7F35164417C,"{""closes"":""2026-10-30T23:59:59-04:00"",""offer"":""PG-GILL-W27"",""wallet"":""6Z8MzAiyqJhbacXntZWSnCr2S7hZYdjXo6KdjTLxjJd1""}",f7344cb3209ed72183d5023284ea983cd214e3b7428797fc8dcb10187646b093,95c452f9fe27b6ea2433e3045644caf0e1ec384bc06235e73b8f35a303552a0b
447,2026-08-06T11:27:18-04:00,2027,27,MTC_ISSUED,MTC-17ECF40CF2D2,"{""closes"":""2026-10-30T23:59:59-04:00"",""offer"":""PG-GILL-W27"",""wallet"":""CDrCd5NJjnF2i5DiM8PLjd5ry46sR9ahQgkFXp6GYLXf""}",95c452f9fe27b6ea2433e3045644caf0e1ec384bc06235e73b8f35a303552a0b,b9e69c21c184d31d26ef83f30c670279cf8f22584975391335b19f04374c293a
448,2026-08-06T11:27:18-04:00,2027,27,MTC_ISSUED,MTC-31F19EDA6906,"{""closes"":""2027-07-30T23:59:59-04:00"",""offer"":""PG-OLAY-W27"",""wallet"":""7TKums4vGoaQc1phcB5QMDTfMNXWobTUF5Gr1rEE4k7H""}",b9e69c21c184d31d26ef83f30c670279cf8f22584975391335b19f04374c293a,9bc2cc80d3fa1f45600219e92b1f5b60590d35c2b5ce8942adf0c77503dd8354
449,2026-08-06T11:27:18-04:00,2027,27,MTC_ISSUED,MTC-59F4FBA3A59A,"{""closes"":""2027-07-30T23:59:59-04:00"",""offer"":""PG-OLAY-W27"",""wallet"":""FVZcL2rnt6D984s2HhNsv3nbX7mNoDg1U56Uy9pFkmbJ""}",9bc2cc80d3fa1f45600219e92b1f5b60590d35c2b5ce8942adf0c77503dd8354,4ec728c7e9175db718e6b9743dcfa6b626a46ec23d1371f58b1132b95e5814be
450,2026-08-06T11:27:18-04:00,2027,27,MTC_ISSUED,MTC-E53369D876BA,"{""closes"":""2027-07-30T23:59:59-04:00"",""offer"":""PG-OLAY-W27"",""wallet"":""EjTNxo62WJkt4rbX6VQ4u9ho5HYhkkp7NvRBmnZeHr63""}",4ec728c7e9175db718e6b9743dcfa6b626a46ec23d1371f58b1132b95e5814be,9bc74da29cd9852af6f720775045bfcc09cca9e49362d80cfb00281423dc8639
451,2026-08-06T11:27:18-04:00,2027,27,MTC_ISSUED,MTC-037C0763D662,"{""closes"":""2027-07-30T23:59:59-04:00"",""offer"":""PG-OLAY-W27"",""wallet"":""GM7A9N6zJ7UDCyX5z69sUr8X5RXAwV7ntHZgHX7Dvf8o""}",9bc74da29cd9852af6f720775045bfcc09cca9e49362d80cfb00281423dc8639,8483cd82482cf84b45a18b7d436ba71e073286ab52d1aebec7bf959dcc6b947d
452,2026-08-06T11:27:18-04:00,2027,27,MTC_ISSUED,MTC-638977394A4D,"{""closes"":""2027-07-30T23:59:59-04:00"",""offer"":""PG-OLAY-W27"",""wallet"":""96HRvyn2HxkrEHuyhSRHcYugbnTd9ShDc2BFwVSD7UVv""}",8483cd82482cf84b45a18b7d436ba71e073286ab52d1aebec7bf959dcc6b947d,4ef6fd20309dc747203479064d180fc065c1a44ca4e06e32148a14517fd68be1
453,2026-08-06T11:27:18-04:00,2027,27,MTC_ISSUED,MTC-7FAED73F541E,"{""closes"":""2027-07-30T23:59:59-04:00"",""offer"":""PG-OLAY-W27"",""wallet"":""H9Q1Gt8ER5cHc5SsKV58zRvo9XiVZ4hciRsoZeQ42TQk""}",4ef6fd20309dc747203479064d180fc065c1a44ca4e06e32148a14517fd68be1,44cd19223606c030f2d37e263e512929c0f90a0dc44011aa522fa6e268c7e127
454,2026-08-06T11:27:18-04:00,2027,27,MTC_ISSUED,MTC-A026D5C38AC2,"{""closes"":""2027-07-30T23:59:59-04:00"",""offer"":""PG-OLAY-W27"",""wallet"":""4KHzMZc75Gt1KaoTquFa8aETbz6mY6uJpjgKRoZ19nqQ""}",44cd19223606c030f2d37e263e512929c0f90a0dc44011aa522fa6e268c7e127,37a50e5509ea16078d273146c0b4be81eaaef7fe83784eb40535b41b159a8445
455,2026-08-06T11:27:18-04:00,2027,27,MTC_ISSUED,MTC-416CB77DDD4A,"{""closes"":""2027-07-30T23:59:59-04:00"",""offer"":""PG-OLAY-W27"",""wallet"":""2DqUnuNHyhkYFZpoWAqM7aXnhjUFkDc7QP4siCEFGwxZ""}",37a50e5509ea16078d273146c0b4be81eaaef7fe83784eb40535b41b159a8445,898d353442e2cfa6d68fe499293881adf23db1a86336921a1ec76adea1d4db01
456,2026-08-06T11:27:18-04:00,2027,27,MTC_ISSUED,MTC-F23011C957BC,"{""closes"":""2027-07-30T23:59:59-04:00"",""offer"":""PG-OLAY-W27"",""wallet"":""8dqwupK5ChD6Lgrsiov1WeHqAyZh3N2RH896v27DCsNW""}",898d353442e2cfa6d68fe499293881adf23db1a86336921a1ec76adea1d4db01,264841256abd94d1645e1d78cc7f0cdcdfd00ecee0d23db6af8a96fcfb3a8104
457,2026-08-06T11:27:18-04:00,2027,27,MTC_ISSUED,MTC-91E96B18A142,"{""closes"":""2027-07-30T23:59:59-04:00"",""offer"":""PG-OLAY-W27"",""wallet"":""DbcJaGohi1abrqeU2K2ohjB93ye9PGApbFgdVfEVzMh1""}",264841256abd94d1645e1d78cc7f0cdcdfd00ecee0d23db6af8a96fcfb3a8104,62979b4242c7265a3d4b7a875db8ab6821b42663779f011ea30a25b86fc6cf98
458,2026-08-06T11:27:18-04:00,2027,27,MTC_ISSUED,MTC-45F445287C03,"{""closes"":""2027-07-30T23:59:59-04:00"",""offer"":""PG-OLAY-W27"",""wallet"":""AMVtvQizNYAHsMhhdrv8PRWkUWxxhG5tYsSFjckc2Zwu""}",62979b4242c7265a3d4b7a875db8ab6821b42663779f011ea30a25b86fc6cf98,20d34905a3aab186518cd51c65c9dad4226e6e93cdc462ea7eec8e8a686143d6
459,2026-08-06T11:27:18-04:00,2027,27,MTC_ISSUED,MTC-DBF8AE259663,"{""closes"":""2027-07-30T23:59:59-04:00"",""offer"":""PG-OLAY-W27"",""wallet"":""DJ9Hn481wKT7vg4kePoqBvKUsdN8b4wXR5f7wbY8vwuD""}",20d34905a3aab186518cd51c65c9dad4226e6e93cdc462ea7eec8e8a686143d6,399f8a72611b776f46ae37abef9ae43cb7494c85bca2b7805b761945d60cc064
460,2026-08-06T11:27:18-04:00,2027,27,MTC_ISSUED,MTC-8830F493A012,"{""closes"":""2027-07-30T23:59:59-04:00"",""offer"":""PG-OLAY-W27"",""wallet"":""8PdtfCUnEmJmHwBPRf64g9qcvb5Qa7fZhXKma7X8UqPX""}",399f8a72611b776f46ae37abef9ae43cb7494c85bca2b7805b761945d60cc064,4e7c879489a32694200c199372f5e133330b66c21be086e288ebbd4c87519c0a
461,2026-08-06T11:27:18-04:00,2027,27,MTC_ISSUED,MTC-2673100C0FEF,"{""closes"":""2027-07-30T23:59:59-04:00"",""offer"":""PG-OLAY-W27"",""wallet"":""9dGbkuJgG2h2x4bLzchUw44ShSxEJe9y3jVH26jPVXGV""}",4e7c879489a32694200c199372f5e133330b66c21be086e288ebbd4c87519c0a,e1b68d1280a931b48e6d132d180601a7925c18cfadbfc01f8b8686c8c0043f37
462,2026-08-06T11:27:18-04:00,2027,27,MTC_ISSUED,MTC-2C72848A3F93,"{""closes"":""2027-07-30T23:59:59-04:00"",""offer"":""PG-OLAY-W27"",""wallet"":""HSsSExpsSdvbjALoJFFNLme72sPeQGfGspA8swtSU2aJ""}",e1b68d1280a931b48e6d132d180601a7925c18cfadbfc01f8b8686c8c0043f37,e51c366272c98c74d65255cd63c331ca1d6e20216719ad435cc2f60de76364a1
463,2026-08-06T11:27:18-04:00,2027,27,MTC_ISSUED,MTC-733D75E16DB2,"{""closes"":""2027-07-30T23:59:59-04:00"",""offer"":""PG-OLAY-W27"",""wallet"":""5FZZCsBoxDcSimRnfSs66uWnWx47SEsXpZiYc3btfs68""}",e51c366272c98c74d65255cd63c331ca1d6e20216719ad435cc2f60de76364a1,7514e509b3766cc3e6f7d2da9960b88a1251882b87713828d3cc9fb3bde48d19
464,2026-08-06T11:27:18-04:00,2027,27,MTC_ISSUED,MTC-9E2EB95982D2,"{""closes"":""2027-07-30T23:59:59-04:00"",""offer"":""PG-OLAY-W27"",""wallet"":""2Phbe4uG1XgxrRfMRC2tT8bV3T2jqQBPMgCtCtcUe6Mt""}",7514e509b3766cc3e6f7d2da9960b88a1251882b87713828d3cc9fb3bde48d19,0a3f2584ac64a99cfbe04289fe8bf766fce8d5373289819b8ce614a990ef41d2
465,2026-08-06T11:27:18-04:00,2027,27,MTC_ISSUED,MTC-4E159C5EA665,"{""closes"":""2027-07-30T23:59:59-04:00"",""offer"":""PG-OLAY-W27"",""wallet"":""H3FcoPEgjobnHMruS8tXsSdjjej9xbZhCcqNfBw6SRT7""}",0a3f2584ac64a99cfbe04289fe8bf766fce8d5373289819b8ce614a990ef41d2,6ad203b337f68153fa0f0cd5734fd04727b3bc89d7d21c8cd40e848b251d574e
466,2026-08-06T11:27:18-04:00,2027,27,MTC_ISSUED,MTC-3976D46F7A8F,"{""closes"":""2027-07-30T23:59:59-04:00"",""offer"":""PG-OLAY-W27"",""wallet"":""7qz39CfCiqEsmARgB4T4FRgGqWrsBYq7sm7pNQeJr9TK""}",6ad203b337f68153fa0f0cd5734fd04727b3bc89d7d21c8cd40e848b251d574e,aa99ea493764029e19e8c6d1438f3da3eb5cebd12a3708d311b2f8d426ab4fbc
467,2026-08-06T11:27:18-04:00,2027,27,MTC_ISSUED,MTC-2EDBCA5039F9,"{""closes"":""2027-07-30T23:59:59-04:00"",""offer"":""PG-OLAY-W27"",""wallet"":""2c2Eqsuju3ZewJq4FoRmTxaA1Z37zZoGWcuwGwMsmikc""}",aa99ea493764029e19e8c6d1438f3da3eb5cebd12a3708d311b2f8d426ab4fbc,7b78b132dc1d8c9449277de69fd42164522eab2c119734396a5f4e8223f31a30
468,2026-08-06T11:27:18-04:00,2027,27,MTC_ISSUED,MTC-3563615E3F68,"{""closes"":""2027-07-30T23:59:59-04:00"",""offer"":""PG-OLAY-W27"",""wallet"":""5R1LR5xasiPHpJpZC4CCxAmy7MWtew9bzqRYo9MAiBL2""}",7b78b132dc1d8c9449277de69fd42164522eab2c119734396a5f4e8223f31a30,b38c255b488c88b5d2e6c8e141382e0e8ab5ed8978261f3cf24623e0db702ac7
469,2026-08-06T11:27:18-04:00,2027,27,MTC_ISSUED,MTC-418ECC313EEC,"{""closes"":""2027-07-30T23:59:59-04:00"",""offer"":""PG-OLAY-W27"",""wallet"":""B3jmEApjEmcprB2G4EyicbM838ACDnnq1zoUjk976y8p""}",b38c255b488c88b5d2e6c8e141382e0e8ab5ed8978261f3cf24623e0db702ac7,c6aadb6cdca3f7ef5b1d0b52d4c0b693d4a7c905312947aa3ede42cc809672b6
470,2026-08-06T11:27:18-04:00,2027,27,MTC_ISSUED,MTC-4D128C09FA81,"{""closes"":""2027-07-30T23:59:59-04:00"",""offer"":""PG-OLAY-W27"",""wallet"":""56FcL5g84CsqqsSEzH9qDEgrCz4XS899JqXNR6XjaUtA""}",c6aadb6cdca3f7ef5b1d0b52d4c0b693d4a7c905312947aa3ede42cc809672b6,c5ab06662d525435c501c01dd867f3171c4a406a7e612256addeab818e229559
471,2026-08-06T11:27:18-04:00,2027,27,MTC_ISSUED,MTC-9E342A7B6258,"{""closes"":""2027-07-30T23:59:59-04:00"",""offer"":""PG-OLAY-W27"",""wallet"":""Hda4xrKYZH9QrdHvS43QoqYADz1Bdu5FqqbBm2j5uxmm""}",c5ab06662d525435c501c01dd867f3171c4a406a7e612256addeab818e229559,f4d3898236675923abcef5bf5283400a5fd3ed094c958fa6e4d254d4ba947768
472,2026-08-06T11:27:18-04:00,2027,27,MTC_ISSUED,MTC-23B86BC62A24,"{""closes"":""2027-07-30T23:59:59-04:00"",""offer"":""PG-OLAY-W27"",""wallet"":""HibYwUNpjdcfWxrnW4J8Qi4DY8M8i6hgiRC3hh1SJxWX""}",f4d3898236675923abcef5bf5283400a5fd3ed094c958fa6e4d254d4ba947768,24976c3dd29c7780c9e73d900c56556062272ce263ec2e26cd697af02bb368a5
473,2026-08-06T11:27:18-04:00,2027,27,MTC_ISSUED,MTC-4093EDDB125F,"{""closes"":""2027-07-30T23:59:59-04:00"",""offer"":""PG-OLAY-W27"",""wallet"":""GYevuf1coPW6KHDzwAcNcJJqu9V7jotBWWT4kutEmfzT""}",24976c3dd29c7780c9e73d900c56556062272ce263ec2e26cd697af02bb368a5,2d21b7019c4cb4b021c0bb76d54f0e5603b316d99a74abbf2b0b2509b15d8311
474,2026-08-06T11:27:18-04:00,2027,27,MTC_ISSUED,MTC-0565D579F5CD,"{""closes"":""2027-07-30T23:59:59-04:00"",""offer"":""PG-OLAY-W27"",""wallet"":""EPCUWL3KwDw5FUGdRMfUZnTUwp4gGGpTNvhgD5kQZswb""}",2d21b7019c4cb4b021c0bb76d54f0e5603b316d99a74abbf2b0b2509b15d8311,169010079a40869a5339433c670329333b7127f8c5ff1a5a3e8c93aecde58007
475,2026-08-06T11:27:18-04:00,2027,27,MTC_ISSUED,MTC-9520A9A117FE,"{""closes"":""2027-07-30T23:59:59-04:00"",""offer"":""PG-OLAY-W27"",""wallet"":""8RXDCQbXKX62Dxdc4oc6g5HTmh8SUNzAbjSASfVvTLyy""}",169010079a40869a5339433c670329333b7127f8c5ff1a5a3e8c93aecde58007,5dbb1c58d23efb678710f2442fe4efde69308ef06fbcfc3923a9cf58b4552a58
476,2026-08-06T11:27:18-04:00,2027,27,MTC_ISSUED,MTC-302B885AE0F8,"{""closes"":""2027-07-30T23:59:59-04:00"",""offer"":""PG-OLAY-W27"",""wallet"":""84MwrpayJyRRgzfGGLRXqQrPTwBJh9CSneVnMo5qwZUf""}",5dbb1c58d23efb678710f2442fe4efde69308ef06fbcfc3923a9cf58b4552a58,822356ed9115b05665c542fd6d0c6beab40f5d1d41283693620a0cfaf3824f21
477,2026-08-06T11:27:18-04:00,2027,27,MTC_ISSUED,MTC-7F1AB96C928E,"{""closes"":""2027-07-30T23:59:59-04:00"",""offer"":""PG-OLAY-W27"",""wallet"":""78DpoEoaLcKYqfXK1AETBgGhSFvM6rbSrXtC71hfzZPo""}",822356ed9115b05665c542fd6d0c6beab40f5d1d41283693620a0cfaf3824f21,a3245d38eb60acae3a7a0ddb9316a75dded424ebe7de7c69ee05ccdf79333aad
478,2026-08-06T11:27:18-04:00,2027,27,MTC_ISSUED,MTC-765A91E493B3,"{""closes"":""2027-07-30T23:59:59-04:00"",""offer"":""PG-OLAY-W27"",""wallet"":""8M32dnRRXwf4YUm46zNKNuNn8DNUUzk5rGJWGVf4Kurr""}",a3245d38eb60acae3a7a0ddb9316a75dded424ebe7de7c69ee05ccdf79333aad,6653502b3c147f7f55054e897e1d7eabe34c71aa5e39110d291645701469621e
479,2026-08-06T11:27:18-04:00,2027,27,MTC_ISSUED,MTC-C5D81727D17A,"{""closes"":""2027-07-30T23:59:59-04:00"",""offer"":""PG-OLAY-W27"",""wallet"":""HiTfKwLBRFqmkrNRLziwrWuXd9fA1Mjsoz3hrBFLwLqs""}",6653502b3c147f7f55054e897e1d7eabe34c71aa5e39110d291645701469621e,25fc8da685a0dbec9daa1a99b680467c3aadb37fb1b1c3ba4e2020f1d1edef82
480,2026-08-06T11:27:18-04:00,2027,27,MTC_ISSUED,MTC-4A513A62DAAA,"{""closes"":""2027-07-30T23:59:59-04:00"",""offer"":""PG-OLAY-W27"",""wallet"":""8Z8BkXuLtFsqQwSn4oBuDoWwcM7VvJYzmmX62HGyPuA4""}",25fc8da685a0dbec9daa1a99b680467c3aadb37fb1b1c3ba4e2020f1d1edef82,9837aa856c8c43189e34cc3c7d08678e756c063b34cacad7ecda10ebef922082
481,2026-08-06T11:27:18-04:00,2027,27,MTC_REDEEMED,MTC-AE2930FF9129,"{""item"":""Charmin Ultra 12mega"",""offer"":""PG-CHRM-W27"",""offline"":false,""reader"":""ARC-DAYTON-01"",""wallet"":""3BjWWprt8hoZpe8rUNwdUH3FVhgbvYFBQ5LSogMUPAzW""}",9837aa856c8c43189e34cc3c7d08678e756c063b34cacad7ecda10ebef922082,cba0f439104576fd5e7f2197d652ffd1e2c4e9018ba271e55d7d2679821f0b01
482,2026-08-06T11:27:18-04:00,2027,27,MTC_REDEEMED,MTC-C998B89F2754,"{""item"":""Tide Pods 42ct"",""offer"":""PG-TIDE-W27"",""offline"":false,""reader"":""ARC-DAYTON-01"",""wallet"":""EWLLyN8h8DvAC2PkvtcCW5NctuY9LxXUerAH9d4qLCzs""}",cba0f439104576fd5e7f2197d652ffd1e2c4e9018ba271e55d7d2679821f0b01,bd98abf8a203a77261cd9d0cdb4f0da421c294e67e1284545450402439825cba
483,2026-08-06T11:27:18-04:00,2027,27,MTC_REDEEMED,MTC-F58E70D345E5,"{""item"":""Dawn Powerwash 16oz"",""offer"":""PG-DAWN-W27"",""offline"":false,""reader"":""ARC-CINCY-01"",""wallet"":""2SepzM945cTyBDcn1GE9iLvwyGdBXcDDGphfESVbWR1N""}",bd98abf8a203a77261cd9d0cdb4f0da421c294e67e1284545450402439825cba,00bdfb5f74f6fe63536b2a810b8080ab770455fdcac4bf2a38feb62f5ec822e2
484,2026-08-06T11:27:18-04:00,2027,27,MTC_REDEEMED,MTC-557CCA2440F6,"{""item"":""Tide Pods 42ct"",""offer"":""PG-TIDE-W27"",""offline"":false,""reader"":""ARC-DAYTON-01"",""wallet"":""CPGcXzxPsLf7d7vrBSfQUzf6gYrqRpg9zUFqgyBno4pK""}",00bdfb5f74f6fe63536b2a810b8080ab770455fdcac4bf2a38feb62f5ec822e2,94e6db35c000c95d5b1dcaada92c6e390e30c34c01cb1e0edc820602a0229abb
485,2026-08-06T11:27:18-04:00,2027,27,MTC_REDEEMED,MTC-4A9EA549FE61,"{""item"":""Tide Pods 42ct"",""offer"":""PG-TIDE-W27"",""offline"":false,""reader"":""ARC-CINCY-01"",""wallet"":""6eawwTcxU8wtbURifzR1qX4oAhZiApVXWW5TB2JT26aE""}",94e6db35c000c95d5b1dcaada92c6e390e30c34c01cb1e0edc820602a0229abb,72177c2ed0bc804bf81b2514f4db368b5051bb60ce2c06980b17f2a68de3caf7
486,2026-08-06T11:27:18-04:00,2027,27,MTC_REDEEMED,MTC-037C0763D662,"{""item"":""Olay Regenerist 1.7oz"",""offer"":""PG-OLAY-W27"",""offline"":false,""reader"":""ARC-DAYTON-01"",""wallet"":""GM7A9N6zJ7UDCyX5z69sUr8X5RXAwV7ntHZgHX7Dvf8o""}",72177c2ed0bc804bf81b2514f4db368b5051bb60ce2c06980b17f2a68de3caf7,ff9de286a78581784a4a95edf1736e72ef75c6b88797381075b1ac1a1da7071f
487,2026-08-06T11:27:18-04:00,2027,27,MTC_REDEEMED,MTC-4195AD490F42,"{""item"":""Tide Pods 42ct"",""offer"":""PG-TIDE-W27"",""offline"":false,""reader"":""ARC-COLUMBUS-01"",""wallet"":""Ceu33HjVKbhFvryGE8XpVXRojSHh3sboe4Szw2ZKwnYN""}",ff9de286a78581784a4a95edf1736e72ef75c6b88797381075b1ac1a1da7071f,9ebc69be9c0cc7325f3d10ac001873e49b13b4ac550d2d599c7cfb5c3b014bec
488,2026-08-06T11:27:18-04:00,2027,27,MTC_REDEEMED,MTC-75B562EC2BF2,"{""item"":""Gillette Labs Razor"",""offer"":""PG-GILL-W27"",""offline"":false,""reader"":""ARC-COLUMBUS-01"",""wallet"":""8Z8BkXuLtFsqQwSn4oBuDoWwcM7VvJYzmmX62HGyPuA4""}",9ebc69be9c0cc7325f3d10ac001873e49b13b4ac550d2d599c7cfb5c3b014bec,67aa8fa45951803cf339821cce68af3ae1427b10208cb95c20142221a3b09fc0
489,2026-08-06T11:27:18-04:00,2027,27,MTC_REDEEMED,MTC-05708593A99A,"{""item"":""Tide Pods 42ct"",""offer"":""PG-TIDE-W27"",""offline"":false,""reader"":""ARC-DAYTON-01"",""wallet"":""F5pywztBXdkuQbV9oZTWfgrcr4KzYGNS9hDdGvDgtXGe""}",67aa8fa45951803cf339821cce68af3ae1427b10208cb95c20142221a3b09fc0,b118633a9156925c7e81d19127f0604de929964a252d1e43eb65212a80be729f
490,2026-08-06T11:27:18-04:00,2027,27,MTC_REDEEMED,MTC-9E2EB95982D2,"{""item"":""Olay Regenerist 1.7oz"",""offer"":""PG-OLAY-W27"",""offline"":false,""reader"":""ARC-COLUMBUS-01"",""wallet"":""2Phbe4uG1XgxrRfMRC2tT8bV3T2jqQBPMgCtCtcUe6Mt""}",b118633a9156925c7e81d19127f0604de929964a252d1e43eb65212a80be729f,e1a3063aa94961205d1701e5460084b94f9aff3252aab2911e311520c0fe8a9b
491,2026-08-06T11:27:18-04:00,2027,27,MTC_REDEEMED,MTC-47FB8E86AE60,"{""item"":""Gillette Labs Razor"",""offer"":""PG-GILL-W27"",""offline"":false,""reader"":""ARC-DAYTON-01"",""wallet"":""6toFgY5sJq3oPKcdjULZUEe3YPAw6BS7Q5oJAeR9Hy9j""}",e1a3063aa94961205d1701e5460084b94f9aff3252aab2911e311520c0fe8a9b,00c852ec1a513dbf012dc208970bf52fa3b8ecf273ef9b62ddd68ead5fa094f2
492,2026-08-06T11:27:18-04:00,2027,27,MTC_REDEEMED,MTC-80AF14448E3C,"{""item"":""Dawn Powerwash 16oz"",""offer"":""PG-DAWN-W27"",""offline"":false,""reader"":""ARC-CINCY-01"",""wallet"":""TM7uNMpUMQNwcKRdNeWhHJASN8AVa6MVWYxP8v9xRzH""}",00c852ec1a513dbf012dc208970bf52fa3b8ecf273ef9b62ddd68ead5fa094f2,5c5d2fe781515d6361901f91c9d2628fae11e514745cc13a5f0c90af1f3ba68a
493,2026-08-06T11:27:18-04:00,2027,27,MTC_REDEEMED,MTC-6EDA2C57C663,"{""item"":""Dawn Powerwash 16oz"",""offer"":""PG-DAWN-W27"",""offline"":false,""reader"":""ARC-COLUMBUS-01"",""wallet"":""7nFH9dccGnsmY87VUb6WohmWgJfrHsZUtc82u8Lqmy81""}",5c5d2fe781515d6361901f91c9d2628fae11e514745cc13a5f0c90af1f3ba68a,83534a81776e071da627ea49b79fd7576ad896e43b124c7fe0466de01dd5d0fe
494,2026-08-06T11:27:18-04:00,2027,27,MTC_REDEEMED,MTC-6F7CC84D3B1F,"{""item"":""Tide Pods 42ct"",""offer"":""PG-TIDE-W27"",""offline"":false,""reader"":""ARC-COLUMBUS-01"",""wallet"":""8PiPhsYd1eVk5GeasMUrthEcfwMEx8JwDvY97AYVYQEc""}",83534a81776e071da627ea49b79fd7576ad896e43b124c7fe0466de01dd5d0fe,a533e8c70ba5195e284f366700976f1041058fb61ab2d0f534da27b3222e71ce
495,2026-08-06T11:27:18-04:00,2027,27,MTC_REDEEMED,MTC-A96AA357FAA2,"{""item"":""Tide Pods 42ct"",""offer"":""PG-TIDE-W27"",""offline"":false,""reader"":""ARC-COLUMBUS-01"",""wallet"":""GYevuf1coPW6KHDzwAcNcJJqu9V7jotBWWT4kutEmfzT""}",a533e8c70ba5195e284f366700976f1041058fb61ab2d0f534da27b3222e71ce,0960882b408fab31ed5b9ef794664d6681fedd6f1794f460d2979fae93940d11
496,2026-08-06T11:27:18-04:00,2027,27,MTC_REDEEMED,MTC-100B028462AE,"{""item"":""Tide Pods 42ct"",""offer"":""PG-TIDE-W27"",""offline"":false,""reader"":""ARC-COLUMBUS-01"",""wallet"":""9dGbkuJgG2h2x4bLzchUw44ShSxEJe9y3jVH26jPVXGV""}",0960882b408fab31ed5b9ef794664d6681fedd6f1794f460d2979fae93940d11,3d4a3f1efb06f368280992dbd9785ad72de6bd8c2a8fd9a167b512054c13d51d
497,2026-08-06T11:27:18-04:00,2027,27,MTC_REDEEMED,MTC-7612560E3688,"{""item"":""Dawn Powerwash 16oz"",""offer"":""PG-DAWN-W27"",""offline"":false,""reader"":""ARC-DAYTON-01"",""wallet"":""2a75hgBgTq6uDJg3vvTePxUyvJurXzasDEqh4CyFp423""}",3d4a3f1efb06f368280992dbd9785ad72de6bd8c2a8fd9a167b512054c13d51d,39739133004d40e7ee515f4ed329a200785ac289bc53898cf8cad681b82ffe40
498,2026-08-06T11:27:18-04:00,2027,27,MTC_REDEEMED,MTC-62DB7F74DAEC,"{""item"":""Tide Pods 42ct"",""offer"":""PG-TIDE-W27"",""offline"":false,""reader"":""ARC-COLUMBUS-01"",""wallet"":""CXefVYWy6hcBJ3FTZV5bhzsQHK5QLFUuk8cpuP6VfXnd""}",39739133004d40e7ee515f4ed329a200785ac289bc53898cf8cad681b82ffe40,1e7d2aea2d28e67ec4ab067880b618065ed16b99b10e6955d1419c88f9b4e1d5
499,2026-08-06T11:27:19-04:00,2027,27,MTC_REDEEMED,MTC-3E3FAE8879B9,"{""item"":""Tide Pods 42ct"",""offer"":""PG-TIDE-W27"",""offline"":false,""reader"":""ARC-COLUMBUS-01"",""wallet"":""Hda4xrKYZH9QrdHvS43QoqYADz1Bdu5FqqbBm2j5uxmm""}",1e7d2aea2d28e67ec4ab067880b618065ed16b99b10e6955d1419c88f9b4e1d5,e34c9ff2f55d3c333d8718f9386bb05a0ce5c6eed6d990415b1b168d8e6ab62e
500,2026-08-06T11:27:19-04:00,2027,27,MTC_REDEEMED,MTC-213EC78F6C68,"{""item"":""Dawn Powerwash 16oz"",""offer"":""PG-DAWN-W27"",""offline"":false,""reader"":""ARC-COLUMBUS-01"",""wallet"":""22a8upQjVmpgL9XthZr7x1sM5KUF3doKvyFKQfCQcfw8""}",e34c9ff2f55d3c333d8718f9386bb05a0ce5c6eed6d990415b1b168d8e6ab62e,0b1ad0f845c474a281c6f16ef40d1862ba25b3c6aec9d7abe13475ed6388141f
501,2026-08-06T11:27:19-04:00,2027,27,MTC_REDEEMED,MTC-3455313E429E,"{""item"":""Dawn Powerwash 16oz"",""offer"":""PG-DAWN-W27"",""offline"":false,""reader"":""ARC-CINCY-01"",""wallet"":""G9nBwvUuVSL88ZGcNCYoGUpcgcPczdeyai9NNsgR1c4R""}",0b1ad0f845c474a281c6f16ef40d1862ba25b3c6aec9d7abe13475ed6388141f,f1a635160758323a480186df5a1917d2255b96383f7807e1f3e14c15f4cd31e6
502,2026-08-06T11:27:19-04:00,2027,27,MTC_REDEEMED,MTC-F78DCE57D94D,"{""item"":""Dawn Powerwash 16oz"",""offer"":""PG-DAWN-W27"",""offline"":false,""reader"":""ARC-DAYTON-01"",""wallet"":""9uCQPZwhBbTxqRZtridv4v2AJejHpDx26iczPzkxxSvN""}",f1a635160758323a480186df5a1917d2255b96383f7807e1f3e14c15f4cd31e6,9a414a8b83a97d920c79e71e75dd27153928adc851abb2faf39a83aed5b194c1
503,2026-08-06T11:27:19-04:00,2027,27,MTC_REDEEMED,MTC-5E0519BB6D9C,"{""item"":""Dawn Powerwash 16oz"",""offer"":""PG-DAWN-W27"",""offline"":false,""reader"":""ARC-CINCY-01"",""wallet"":""GNvYRGUEZ6dPZKq8AHFScxrTmCDbpr17SCLmYTM131w4""}",9a414a8b83a97d920c79e71e75dd27153928adc851abb2faf39a83aed5b194c1,1dea413a6857054fff756b7664caa24b8255b523b77a2d9d5acbf399c108388c
504,2026-08-06T11:27:19-04:00,2027,27,MTC_REDEEMED,MTC-699F475CC168,"{""item"":""Tide Pods 42ct"",""offer"":""PG-TIDE-W27"",""offline"":false,""reader"":""ARC-COLUMBUS-01"",""wallet"":""8dqwupK5ChD6Lgrsiov1WeHqAyZh3N2RH896v27DCsNW""}",1dea413a6857054fff756b7664caa24b8255b523b77a2d9d5acbf399c108388c,3c0beba009d977f9c0fb9b2cc29d160dd8d6c62d1305af35931a4708073f9a49
505,2026-08-06T11:27:19-04:00,2027,27,MTC_REDEEMED,MTC-B259AC1A384C,"{""item"":""Charmin Ultra 12mega"",""offer"":""PG-CHRM-W27"",""offline"":false,""reader"":""ARC-COLUMBUS-01"",""wallet"":""5ypfcPRUpZqPZousnMsP1wS4g6bG1dgR4XT4ffG1BBH1""}",3c0beba009d977f9c0fb9b2cc29d160dd8d6c62d1305af35931a4708073f9a49,fce31c59b5822b5aef682e53be4fe0a46916bc251dcf0a91054333d40bc13ba7
506,2026-08-06T11:27:19-04:00,2027,27,MTC_REDEEMED,MTC-AF3A4C76DC40,"{""item"":""Gillette Labs Razor"",""offer"":""PG-GILL-W27"",""offline"":false,""reader"":""ARC-COLUMBUS-01"",""wallet"":""2a75hgBgTq6uDJg3vvTePxUyvJurXzasDEqh4CyFp423""}",fce31c59b5822b5aef682e53be4fe0a46916bc251dcf0a91054333d40bc13ba7,d330a193c7a477c52055a86232b021f24712cc2b6e9f8a27ccdbf79c17d578b3
507,2026-08-06T11:27:19-04:00,2027,27,MTC_REDEEMED,MTC-C3B28A399D9B,"{""item"":""Dawn Powerwash 16oz"",""offer"":""PG-DAWN-W27"",""offline"":false,""reader"":""ARC-CINCY-01"",""wallet"":""38qHhtG3yCbPUpscVaUp6gdRDQKUpz7waw5VEUwoTapC""}",d330a193c7a477c52055a86232b021f24712cc2b6e9f8a27ccdbf79c17d578b3,1ba0f65b6079923dcb8e9aa789a423a1882b9b97944e9538af52636842b55a55
508,2026-08-06T11:27:19-04:00,2027,27,MTC_REDEEMED,MTC-D6F24530B4EF,"{""item"":""Gillette Labs Razor"",""offer"":""PG-GILL-W27"",""offline"":false,""reader"":""ARC-DAYTON-01"",""wallet"":""FcU4zgawN38GWxN3Gk7Fy7a6VDEj4ALxC2g94W6NtiMA""}",1ba0f65b6079923dcb8e9aa789a423a1882b9b97944e9538af52636842b55a55,712525f23f9dff32e545312253e7d443564eddb00c835890ae5012430e4d664c
509,2026-08-06T11:27:19-04:00,2027,27,MTC_REDEEMED,MTC-0AC8DEEEBD5D,"{""item"":""Tide Pods 42ct"",""offer"":""PG-TIDE-W27"",""offline"":false,""reader"":""ARC-CINCY-01"",""wallet"":""AMVtvQizNYAHsMhhdrv8PRWkUWxxhG5tYsSFjckc2Zwu""}",712525f23f9dff32e545312253e7d443564eddb00c835890ae5012430e4d664c,ceb33338ae03c05f26fe8a284dec8a9f53555381210c94d24588eb1bfe2a5753
510,2026-08-06T11:27:19-04:00,2027,27,MTC_REDEEMED,MTC-1A2281D8DEEC,"{""item"":""Dawn Powerwash 16oz"",""offer"":""PG-DAWN-W27"",""offline"":false,""reader"":""ARC-DAYTON-01"",""wallet"":""E2h7Xkzko2t6sbD4kHBoyr2hNkQZcAMeLPjP5RPUEWtE""}",ceb33338ae03c05f26fe8a284dec8a9f53555381210c94d24588eb1bfe2a5753,981822a90567f4ffde94d761b1854ed756fe21a7802ba34caa1c474c7ec10bf2
511,2026-08-06T11:27:19-04:00,2027,27,MTC_REDEEMED,MTC-ECC9C7DA1664,"{""item"":""Tide Pods 42ct"",""offer"":""PG-TIDE-W27"",""offline"":false,""reader"":""ARC-CINCY-01"",""wallet"":""GNvYRGUEZ6dPZKq8AHFScxrTmCDbpr17SCLmYTM131w4""}",981822a90567f4ffde94d761b1854ed756fe21a7802ba34caa1c474c7ec10bf2,591804bb8686e939261131cc58715409345fae14d2cc4fa78768df895624b510
512,2026-08-06T11:27:19-04:00,2027,27,MTC_REDEEMED,MTC-83E56BE08E74,"{""item"":""Tide Pods 42ct"",""offer"":""PG-TIDE-W27"",""offline"":false,""reader"":""ARC-DAYTON-01"",""wallet"":""9CrX2pffttGnJuL78i6z3qC1z6qRLuWQnuZxFo3rymR4""}",591804bb8686e939261131cc58715409345fae14d2cc4fa78768df895624b510,7d038dd6287149fbf411eb1c372e3a504f140926b490f3034e7fa044975bc2af
513,2026-08-06T11:27:19-04:00,2027,27,MTC_REDEEMED,MTC-9B2077ADA5E7,"{""item"":""Gillette Labs Razor"",""offer"":""PG-GILL-W27"",""offline"":false,""reader"":""ARC-COLUMBUS-01"",""wallet"":""AovTqGPup81aS7Btfikc8HdyDnXfeY1P2g94fQHjmkj4""}",7d038dd6287149fbf411eb1c372e3a504f140926b490f3034e7fa044975bc2af,cd1d67fe96504d6f7c665e3e40c5744e8fd78197035df34eaf34b8a6b4b20b0c
514,2026-08-06T11:27:19-04:00,2027,27,MTC_REDEEMED,MTC-31F19EDA6906,"{""item"":""Olay Regenerist 1.7oz"",""offer"":""PG-OLAY-W27"",""offline"":false,""reader"":""ARC-DAYTON-01"",""wallet"":""7TKums4vGoaQc1phcB5QMDTfMNXWobTUF5Gr1rEE4k7H""}",cd1d67fe96504d6f7c665e3e40c5744e8fd78197035df34eaf34b8a6b4b20b0c,d0974281fdb0edee21527fc92c474334123b9ebee47d147eca72801a05500c76
515,2026-08-06T11:27:19-04:00,2027,27,MTC_REDEEMED,MTC-8BCE0FE0C6A4,"{""item"":""Tide Pods 42ct"",""offer"":""PG-TIDE-W27"",""offline"":false,""reader"":""ARC-CINCY-01"",""wallet"":""E6uDSQiYSSakEgJkquz4C9ouCPWXow57u1vsv4Gxu6Jy""}",d0974281fdb0edee21527fc92c474334123b9ebee47d147eca72801a05500c76,37a15716a802c93915217278a8a144bd783129c1690b806cb565e2fd64c87640
516,2026-08-06T11:27:19-04:00,2027,27,MTC_REDEEMED,MTC-4CB6558652C0,"{""item"":""Tide Pods 42ct"",""offer"":""PG-TIDE-W27"",""offline"":false,""reader"":""ARC-COLUMBUS-01"",""wallet"":""GM7A9N6zJ7UDCyX5z69sUr8X5RXAwV7ntHZgHX7Dvf8o""}",37a15716a802c93915217278a8a144bd783129c1690b806cb565e2fd64c87640,4ffa10d2e0895c9fcf37462b085b952f1c3037547c6b61b6143e2015364aadd5
517,2026-08-06T11:27:19-04:00,2027,27,MTC_REDEEMED,MTC-678079193734,"{""item"":""Dawn Powerwash 16oz"",""offer"":""PG-DAWN-W27"",""offline"":false,""reader"":""ARC-DAYTON-01"",""wallet"":""8Z8BkXuLtFsqQwSn4oBuDoWwcM7VvJYzmmX62HGyPuA4""}",4ffa10d2e0895c9fcf37462b085b952f1c3037547c6b61b6143e2015364aadd5,2d11d46b04a4cf35bc312bfb73900a12805336accf8f57c726d08f441c3a12a3
518,2026-08-06T11:27:19-04:00,2027,27,MTC_REDEEMED,MTC-C8DEB8C4CAE3,"{""item"":""Gillette Labs Razor"",""offer"":""PG-GILL-W27"",""offline"":false,""reader"":""ARC-COLUMBUS-01"",""wallet"":""AWz73jiqeFyFW4znYtMTD76upgFX98ctSGqqtVKJUTJD""}",2d11d46b04a4cf35bc312bfb73900a12805336accf8f57c726d08f441c3a12a3,e9ef25ebc2b042fc0dec1ef665c00430111dc6696b5706cca571b3070d115ee3
519,2026-08-06T11:27:19-04:00,2027,27,MTC_REDEEMED,MTC-AD2BB5A4F8AD,"{""item"":""Dawn Powerwash 16oz"",""offer"":""PG-DAWN-W27"",""offline"":false,""reader"":""ARC-COLUMBUS-01"",""wallet"":""B8V1hNG7smErKbc1NGv9M9zxFwQdjkPaDkwPRwqHsD7g""}",e9ef25ebc2b042fc0dec1ef665c00430111dc6696b5706cca571b3070d115ee3,b2ca26a2d165e849513a62f421068bad305c6e4e1b87ed403da3def4d9c748c3
520,2026-08-06T11:27:19-04:00,2027,27,MTC_REDEEMED,MTC-D11FE46F0181,"{""item"":""Charmin Ultra 12mega"",""offer"":""PG-CHRM-W27"",""offline"":false,""reader"":""ARC-CINCY-01"",""wallet"":""9VMbZTpFwQeLV44J3P6U5PHkCjStJaLbszC8yCBJPrXE""}",b2ca26a2d165e849513a62f421068bad305c6e4e1b87ed403da3def4d9c748c3,a1f1c99cf3339c9069539dd5a3ef2be726c1d91388f5f2a44ff627b2cd826fba
521,2026-08-06T11:27:19-04:00,2027,27,MTC_REDEEMED,MTC-7DAC0E71F73A,"{""item"":""Dawn Powerwash 16oz"",""offer"":""PG-DAWN-W27"",""offline"":false,""reader"":""ARC-CINCY-01"",""wallet"":""9UacjvzKPr2Zr8PP1ZsJ2DRBGMtg7U3Dg36Ynbaa7QKE""}",a1f1c99cf3339c9069539dd5a3ef2be726c1d91388f5f2a44ff627b2cd826fba,51ee425f4bfd4912c6ab49dc355035ac2ceffbd76f966f00cd82eaa9e13aa130
522,2026-08-06T11:27:19-04:00,2027,27,MTC_REDEEMED,MTC-39D5CEEBC1B6,"{""item"":""Tide Pods 42ct"",""offer"":""PG-TIDE-W27"",""offline"":false,""reader"":""ARC-DAYTON-01"",""wallet"":""CLo9PxYnfsipTMATAudNrzbBbo4tKqux7GyCHL6ACHsR""}",51ee425f4bfd4912c6ab49dc355035ac2ceffbd76f966f00cd82eaa9e13aa130,38a0dca57f70bc520d328de3f02747505f68c1ad60679e758d9b75e5ae21ec92
523,2026-08-06T11:27:19-04:00,2027,27,MTC_REDEEMED,MTC-172BB8D03CC7,"{""item"":""Tide Pods 42ct"",""offer"":""PG-TIDE-W27"",""offline"":false,""reader"":""ARC-DAYTON-01"",""wallet"":""2BFq8Eoc4CzVYGsuEsutX9zFyMJuAkFeDXWRBtx6f8DC""}",38a0dca57f70bc520d328de3f02747505f68c1ad60679e758d9b75e5ae21ec92,bc4e0468c987b84870367b9c0fbe1b31bf90b71f57da0a6c18d8b67f3c8fe330
524,2026-08-06T11:27:19-04:00,2027,27,MTC_REDEEMED,MTC-11B7328858A0,"{""item"":""Tide Pods 42ct"",""offer"":""PG-TIDE-W27"",""offline"":false,""reader"":""ARC-COLUMBUS-01"",""wallet"":""6Z8MzAiyqJhbacXntZWSnCr2S7hZYdjXo6KdjTLxjJd1""}",bc4e0468c987b84870367b9c0fbe1b31bf90b71f57da0a6c18d8b67f3c8fe330,76754ba2775b51122ff218e3a652d7b24d180dae13ccb2d5e456d3b7147119c4
525,2026-08-06T11:27:19-04:00,2027,27,MTC_REDEEMED,MTC-33D147FD7D27,"{""item"":""Gillette Labs Razor"",""offer"":""PG-GILL-W27"",""offline"":false,""reader"":""ARC-CINCY-01"",""wallet"":""2hGbr6XbUSgiJaA8mW6owtvcNd5DjYsoCeAXm45bA8cF""}",76754ba2775b51122ff218e3a652d7b24d180dae13ccb2d5e456d3b7147119c4,53f7cdc33ec83f44e94b696c83c5f548fcb9d5c25c2c7864683b831ccc2a64e1
526,2026-08-06T11:27:19-04:00,2027,27,MTC_REDEEMED,MTC-F949F62EB63E,"{""item"":""Tide Pods 42ct"",""offer"":""PG-TIDE-W27"",""offline"":false,""reader"":""ARC-CINCY-01"",""wallet"":""9qDXcrtJWnMDvS5r1AtDUznLuTYvFCkKVjV2sX2KSSRE""}",53f7cdc33ec83f44e94b696c83c5f548fcb9d5c25c2c7864683b831ccc2a64e1,1a58187a57a10bcd4e8acb1dbde5a8b9a2128cdcc602b7b99e1be26a4d3a9772
527,2026-08-06T11:27:19-04:00,2027,27,MTC_REDEEMED,MTC-F2909B9BFDFA,"{""item"":""Gillette Labs Razor"",""offer"":""PG-GILL-W27"",""offline"":false,""reader"":""ARC-COLUMBUS-01"",""wallet"":""HKh6AbRPKodrMjo36EQVEUkVHXFFFdUzJWuMuP8asD8M""}",1a58187a57a10bcd4e8acb1dbde5a8b9a2128cdcc602b7b99e1be26a4d3a9772,743cb8626d27b20eeff69f618694b068f97fb0d31e8f2bbd5febe6e1b1869a77
528,2026-08-06T11:27:19-04:00,2027,27,MTC_REDEEMED,MTC-D24FBB083869,"{""item"":""Charmin Ultra 12mega"",""offer"":""PG-CHRM-W27"",""offline"":false,""reader"":""ARC-COLUMBUS-01"",""wallet"":""8Z8BkXuLtFsqQwSn4oBuDoWwcM7VvJYzmmX62HGyPuA4""}",743cb8626d27b20eeff69f618694b068f97fb0d31e8f2bbd5febe6e1b1869a77,7acf1bb2ca4366c53701bf01a45536382c4aa8facec29d1c1f41db0a2e3f338b
529,2026-08-06T11:27:19-04:00,2027,27,MTC_REDEEMED,MTC-7F1AB96C928E,"{""item"":""Olay Regenerist 1.7oz"",""offer"":""PG-OLAY-W27"",""offline"":false,""reader"":""ARC-CINCY-01"",""wallet"":""78DpoEoaLcKYqfXK1AETBgGhSFvM6rbSrXtC71hfzZPo""}",7acf1bb2ca4366c53701bf01a45536382c4aa8facec29d1c1f41db0a2e3f338b,3a37d2afcbdb6ad7d72ec5ac9f0ec996022f3846bd4c6eead9cd468b1b8c1828
530,2026-08-06T11:27:19-04:00,2027,27,MTC_REDEEMED,MTC-D866AE2D53C5,"{""item"":""Tide Pods 42ct"",""offer"":""PG-TIDE-W27"",""offline"":false,""reader"":""ARC-COLUMBUS-01"",""wallet"":""Bz5ozqhypRkcdq1Kcxi11xQYmwf3c5zodVXuF8xfTGcp""}",3a37d2afcbdb6ad7d72ec5ac9f0ec996022f3846bd4c6eead9cd468b1b8c1828,f9b4092d67e0f7dffa13c8a2925759bf87f333ff33b338e163d39e9261d977e0
531,2026-08-06T11:27:19-04:00,2027,27,MTC_REDEEMED,MTC-56786FA0FBBF,"{""item"":""Dawn Powerwash 16oz"",""offer"":""PG-DAWN-W27"",""offline"":false,""reader"":""ARC-CINCY-01"",""wallet"":""CujhYJsaQLWbCSqFJaYywHNdYSsQ6JK1J8fHqJQNrUHY""}",f9b4092d67e0f7dffa13c8a2925759bf87f333ff33b338e163d39e9261d977e0,e5e1a8c03212b46ebfdd032b87113254de77d43d6df6368a2d5317eb37911a35
532,2026-08-06T11:27:19-04:00,2027,27,MTC_REDEEMED,MTC-56F94CDC0472,"{""item"":""Charmin Ultra 12mega"",""offer"":""PG-CHRM-W27"",""offline"":false,""reader"":""ARC-COLUMBUS-01"",""wallet"":""7JXFatjzY3KE1HVY1qBReCLP86Qytc7QSJckgaPjqtXs""}",e5e1a8c03212b46ebfdd032b87113254de77d43d6df6368a2d5317eb37911a35,cef4f80e8835e4cff9f00625a32eb332425bc45ffa80c6d06264e51bdc33dfc6
533,2026-08-06T11:27:19-04:00,2027,27,MTC_REDEEMED,MTC-F1739D34703C,"{""item"":""Tide Pods 42ct"",""offer"":""PG-TIDE-W27"",""offline"":false,""reader"":""ARC-DAYTON-01"",""wallet"":""7qz39CfCiqEsmARgB4T4FRgGqWrsBYq7sm7pNQeJr9TK""}",cef4f80e8835e4cff9f00625a32eb332425bc45ffa80c6d06264e51bdc33dfc6,41c86885e0086fe51b1db3e04341bb28da6aecf1bc151dabed57f74f0c4c8d8a
534,2026-08-06T11:27:19-04:00,2027,27,MTC_REDEEMED,MTC-EFAE1B18C456,"{""item"":""Dawn Powerwash 16oz"",""offer"":""PG-DAWN-W27"",""offline"":false,""reader"":""ARC-COLUMBUS-01"",""wallet"":""2BFq8Eoc4CzVYGsuEsutX9zFyMJuAkFeDXWRBtx6f8DC""}",41c86885e0086fe51b1db3e04341bb28da6aecf1bc151dabed57f74f0c4c8d8a,7df20507ba450d8c030c81a4665d6d7e7acf21f4abc577667a09d6da902aff4a
535,2026-08-06T11:27:19-04:00,2027,27,MTC_REDEEMED,MTC-CAF45F0D5F8D,"{""item"":""Charmin Ultra 12mega"",""offer"":""PG-CHRM-W27"",""offline"":false,""reader"":""ARC-COLUMBUS-01"",""wallet"":""DJ9Hn481wKT7vg4kePoqBvKUsdN8b4wXR5f7wbY8vwuD""}",7df20507ba450d8c030c81a4665d6d7e7acf21f4abc577667a09d6da902aff4a,cdccc62645df6f80b53fea243982325f5adb3ded4f772d893ed1d1145f8e3627
536,2026-08-06T11:27:19-04:00,2027,27,MTC_REDEEMED,MTC-9FE889DAC12D,"{""item"":""Gillette Labs Razor"",""offer"":""PG-GILL-W27"",""offline"":false,""reader"":""ARC-DAYTON-01"",""wallet"":""CAm92JjaBRKMgRtRRMiLRW64igqi6QxUETAQQXaCx5tq""}",cdccc62645df6f80b53fea243982325f5adb3ded4f772d893ed1d1145f8e3627,5c979f75bdb2dbeae004c87d330c971f3417f1ae0cd069f4436f5099fde87d56
537,2026-08-06T11:27:19-04:00,2027,27,MTC_REDEEMED,MTC-0E7DBCFFAF50,"{""item"":""Tide Pods 42ct"",""offer"":""PG-TIDE-W27"",""offline"":false,""reader"":""ARC-COLUMBUS-01"",""wallet"":""FGCC32XCj6B3fM73JPALBSxp9GPV5drcz8NrjjupbDd""}",5c979f75bdb2dbeae004c87d330c971f3417f1ae0cd069f4436f5099fde87d56,9547f43310a24b8902191938541632ecd991664745cbcb0579e033dc56e24c33
538,2026-08-06T11:27:19-04:00,2027,27,MTC_REDEEMED,MTC-3ABBAC7C8D28,"{""item"":""Dawn Powerwash 16oz"",""offer"":""PG-DAWN-W27"",""offline"":false,""reader"":""ARC-COLUMBUS-01"",""wallet"":""95awXutwKBBomRCUJB825gPN4LoLAfbtZaFFtxNrRG4F""}",9547f43310a24b8902191938541632ecd991664745cbcb0579e033dc56e24c33,2a1b52f1d029acc2b20709b0dc98f844674ffc8438431f6a6c159cf7e24db7f6
539,2026-08-06T11:27:19-04:00,2027,27,MTC_REDEEMED,MTC-FE96BA859F60,"{""item"":""Gillette Labs Razor"",""offer"":""PG-GILL-W27"",""offline"":false,""reader"":""ARC-COLUMBUS-01"",""wallet"":""AgGJHfUTpzBX121j4eTvWxavzth8Dgshk7ijLyrQ3TrF""}",2a1b52f1d029acc2b20709b0dc98f844674ffc8438431f6a6c159cf7e24db7f6,711241c2de88fbd5769c6ee77747ee7a1a0c41d2aa9dc042459a463aea4c84e6
540,2026-08-06T11:27:19-04:00,2027,27,MTC_REDEEMED,MTC-BDCFFF6DE794,"{""item"":""Dawn Powerwash 16oz"",""offer"":""PG-DAWN-W27"",""offline"":false,""reader"":""ARC-COLUMBUS-01"",""wallet"":""CPGcXzxPsLf7d7vrBSfQUzf6gYrqRpg9zUFqgyBno4pK""}",711241c2de88fbd5769c6ee77747ee7a1a0c41d2aa9dc042459a463aea4c84e6,e2b2bdfc35efb489daf8d0faae5393f979171024ef428fd49e96c9a01754b00e
541,2026-08-06T11:27:19-04:00,2027,27,MTC_REDEEMED,MTC-5C0FF8C182A5,"{""item"":""Tide Pods 42ct"",""offer"":""PG-TIDE-W27"",""offline"":false,""reader"":""ARC-CINCY-01"",""wallet"":""FM3L75Rfqp3CUAg5QiRgJHvRT67twEMbrYS8V8iu2eSz""}",e2b2bdfc35efb489daf8d0faae5393f979171024ef428fd49e96c9a01754b00e,8069e3ec36776b08248f38f18eae6e5a0303cef33d7906dcc8888bcdc7e337ff
542,2026-08-06T11:27:19-04:00,2027,27,MTC_REDEEMED,MTC-0565D579F5CD,"{""item"":""Olay Regenerist 1.7oz"",""offer"":""PG-OLAY-W27"",""offline"":false,""reader"":""ARC-DAYTON-01"",""wallet"":""EPCUWL3KwDw5FUGdRMfUZnTUwp4gGGpTNvhgD5kQZswb""}",8069e3ec36776b08248f38f18eae6e5a0303cef33d7906dcc8888bcdc7e337ff,8bf90572f5de9845123c98cc7153e63aae3d438d841f56d6fa46440507a7d3e2
543,2026-08-06T11:27:19-04:00,2027,27,MTC_REDEEMED,MTC-6EEB4F96EB5C,"{""item"":""Charmin Ultra 12mega"",""offer"":""PG-CHRM-W27"",""offline"":false,""reader"":""ARC-DAYTON-01"",""wallet"":""2xqMZgRNNdF55WK9gGeDnH9WbMYiykHXDBczRzLNc8bR""}",8bf90572f5de9845123c98cc7153e63aae3d438d841f56d6fa46440507a7d3e2,124e8f19683dcc954ee8013933e429495b185df094ec48c5669be5e9f7974626
544,2026-08-06T11:27:19-04:00,2027,27,MTC_REDEEMED,MTC-A3712158FACB,"{""item"":""Charmin Ultra 12mega"",""offer"":""PG-CHRM-W27"",""offline"":false,""reader"":""ARC-COLUMBUS-01"",""wallet"":""H9Q1Gt8ER5cHc5SsKV58zRvo9XiVZ4hciRsoZeQ42TQk""}",124e8f19683dcc954ee8013933e429495b185df094ec48c5669be5e9f7974626,b3f34ac7f62f21f68b36497ba6970aebc499f10661b39adf413c18f004346320
545,2026-08-06T11:27:19-04:00,2027,27,MTC_REDEEMED,MTC-9421B6B0710D,"{""item"":""Charmin Ultra 12mega"",""offer"":""PG-CHRM-W27"",""offline"":false,""reader"":""ARC-DAYTON-01"",""wallet"":""B9hrBWsytE1Mh2w4ArXwhCUTSNncQjhWRfh4cztwPZ3P""}",b3f34ac7f62f21f68b36497ba6970aebc499f10661b39adf413c18f004346320,eef090a1ff873ecaa2b595a0194d7d457b217689d61a08c6d1261fc50bd2930c
546,2026-08-06T11:27:19-04:00,2027,27,MTC_REDEEMED,MTC-AFDFEC844EC7,"{""item"":""Gillette Labs Razor"",""offer"":""PG-GILL-W27"",""offline"":false,""reader"":""ARC-COLUMBUS-01"",""wallet"":""7we5YHPnsyXLSDKDdaKMedRb3bDrfncg3xddYcEBxAFw""}",eef090a1ff873ecaa2b595a0194d7d457b217689d61a08c6d1261fc50bd2930c,99440b310cbc8b1e268c3e288176e15bf05636b01e6c114a8567818883f5a98b
547,2026-08-06T11:27:19-04:00,2027,27,MTC_REDEEMED,MTC-C51147F90043,"{""item"":""Gillette Labs Razor"",""offer"":""PG-GILL-W27"",""offline"":false,""reader"":""ARC-COLUMBUS-01"",""wallet"":""8PiPhsYd1eVk5GeasMUrthEcfwMEx8JwDvY97AYVYQEc""}",99440b310cbc8b1e268c3e288176e15bf05636b01e6c114a8567818883f5a98b,cc0c458a6df7fcfdb0bbf67b159b95aaed9e608e519f7a01aad973d88299ea2a
548,2026-08-06T11:27:19-04:00,2027,27,MTC_REDEEMED,MTC-8CD76EA5E5FF,"{""item"":""Charmin Ultra 12mega"",""offer"":""PG-CHRM-W27"",""offline"":false,""reader"":""ARC-CINCY-01"",""wallet"":""9uCQPZwhBbTxqRZtridv4v2AJejHpDx26iczPzkxxSvN""}",cc0c458a6df7fcfdb0bbf67b159b95aaed9e608e519f7a01aad973d88299ea2a,60a9a3c402177f7e42dd238094c3b287dd67aeaabb7cde4100e61b71cd33e43a
549,2026-08-06T11:27:19-04:00,2027,27,MTC_REDEEMED,MTC-DCCB21601108,"{""item"":""Tide Pods 42ct"",""offer"":""PG-TIDE-W27"",""offline"":false,""reader"":""ARC-CINCY-01"",""wallet"":""4KHzMZc75Gt1KaoTquFa8aETbz6mY6uJpjgKRoZ19nqQ""}",60a9a3c402177f7e42dd238094c3b287dd67aeaabb7cde4100e61b71cd33e43a,2a78a8b31b431f2586ce13bf889209be2858176f6a046b870558996373057a8b
550,2026-08-06T11:27:19-04:00,2027,27,MTC_REDEEMED,MTC-372C583F43F5,"{""item"":""Tide Pods 42ct"",""offer"":""PG-TIDE-W27"",""offline"":false,""reader"":""ARC-CINCY-01"",""wallet"":""2MWjV2Rqb6ge3KDU65wepU2pATbdn9c9929iEGsjP6J4""}",2a78a8b31b431f2586ce13bf889209be2858176f6a046b870558996373057a8b,73d21ae3b4f4e7270750467301a84d392364275b0a31663d2d454c097637a806
551,2026-08-06T11:27:19-04:00,2027,27,MTC_REDEEMED,MTC-AD4BAA123A36,"{""item"":""Dawn Powerwash 16oz"",""offer"":""PG-DAWN-W27"",""offline"":false,""reader"":""ARC-CINCY-01"",""wallet"":""2c2Eqsuju3ZewJq4FoRmTxaA1Z37zZoGWcuwGwMsmikc""}",73d21ae3b4f4e7270750467301a84d392364275b0a31663d2d454c097637a806,435c82c09e582ef28f72a7ed87c7421deac451cf1e4a3a88d62a95ba0d4f2795
552,2026-08-06T11:27:19-04:00,2027,27,MTC_REDEEMED,MTC-85B0A99ABEFC,"{""item"":""Charmin Ultra 12mega"",""offer"":""PG-CHRM-W27"",""offline"":false,""reader"":""ARC-COLUMBUS-01"",""wallet"":""9UacjvzKPr2Zr8PP1ZsJ2DRBGMtg7U3Dg36Ynbaa7QKE""}",435c82c09e582ef28f72a7ed87c7421deac451cf1e4a3a88d62a95ba0d4f2795,b2c25d2eef9bb3c677e2c902c66600cb091e6f94bfe8180a13ede9e3c2331c44
553,2026-08-06T11:27:19-04:00,2027,27,MTC_REDEEMED,MTC-4C04ACD65023,"{""item"":""Dawn Powerwash 16oz"",""offer"":""PG-DAWN-W27"",""offline"":false,""reader"":""ARC-CINCY-01"",""wallet"":""9wvmb8vWxmp4ufeUp5Bnz6RprKCHmWz7V76FC6UcFmsV""}",b2c25d2eef9bb3c677e2c902c66600cb091e6f94bfe8180a13ede9e3c2331c44,c639e83987799ac993d51934ef7dc809a664db1f864317d62743971911c861d5
554,2026-08-06T11:27:19-04:00,2027,27,MTC_REDEEMED,MTC-BBB41468E769,"{""item"":""Dawn Powerwash 16oz"",""offer"":""PG-DAWN-W27"",""offline"":false,""reader"":""ARC-COLUMBUS-01"",""wallet"":""8M32dnRRXwf4YUm46zNKNuNn8DNUUzk5rGJWGVf4Kurr""}",c639e83987799ac993d51934ef7dc809a664db1f864317d62743971911c861d5,0aacdd272b7e6b153f02da24a6dc4ea5fd7091e7cd48eda674912cccfab35a4b
555,2026-08-06T11:27:19-04:00,2027,27,MTC_REDEEMED,MTC-F3A2D0FB2B3D,"{""item"":""Gillette Labs Razor"",""offer"":""PG-GILL-W27"",""offline"":false,""reader"":""ARC-DAYTON-01"",""wallet"":""96HRvyn2HxkrEHuyhSRHcYugbnTd9ShDc2BFwVSD7UVv""}",0aacdd272b7e6b153f02da24a6dc4ea5fd7091e7cd48eda674912cccfab35a4b,14794d05031232954a3f12956558541a259e867e253ac5b2dfba0e9bbf84bd5e
556,2026-08-06T11:27:19-04:00,2027,27,MTC_REDEEMED,MTC-17ECF40CF2D2,"{""item"":""Gillette Labs Razor"",""offer"":""PG-GILL-W27"",""offline"":false,""reader"":""ARC-COLUMBUS-01"",""wallet"":""CDrCd5NJjnF2i5DiM8PLjd5ry46sR9ahQgkFXp6GYLXf""}",14794d05031232954a3f12956558541a259e867e253ac5b2dfba0e9bbf84bd5e,c08d9c162324f1d864a74588968b0938d1a3eba98c4286062bc3ceebc5435ca4
557,2026-08-06T11:27:19-04:00,2027,27,MTC_REDEEMED,MTC-7FAED73F541E,"{""item"":""Olay Regenerist 1.7oz"",""offer"":""PG-OLAY-W27"",""offline"":false,""reader"":""ARC-DAYTON-01"",""wallet"":""H9Q1Gt8ER5cHc5SsKV58zRvo9XiVZ4hciRsoZeQ42TQk""}",c08d9c162324f1d864a74588968b0938d1a3eba98c4286062bc3ceebc5435ca4,57c53101e06a689e4c7fbbd43520e7feb33ea993559d5d4a8f823d5809d8945e
558,2026-08-06T11:27:19-04:00,2027,27,MTC_REDEEMED,MTC-B1D54F114B5A,"{""item"":""Tide Pods 42ct"",""offer"":""PG-TIDE-W27"",""offline"":false,""reader"":""ARC-COLUMBUS-01"",""wallet"":""AcUbLjy67VWUjuNnjbR16m792X9qTDy2gHeLYaDXX5xS""}",57c53101e06a689e4c7fbbd43520e7feb33ea993559d5d4a8f823d5809d8945e,468adf5b4e583b75a82ac8c789397935707acccef087db361152c6b975f1ef80
559,2026-08-06T11:27:19-04:00,2027,27,MTC_REDEEMED,MTC-DE6CBB5E9456,"{""item"":""Dawn Powerwash 16oz"",""offer"":""PG-DAWN-W27"",""offline"":false,""reader"":""ARC-CINCY-01"",""wallet"":""5jT3dhW3jwf7LUba3tafV5ArYXuSDW8tfycqPqQZ1VEr""}",468adf5b4e583b75a82ac8c789397935707acccef087db361152c6b975f1ef80,bfca0897a9d9ece553e2d747d0fdaacd8f521d70ef6c34f26d7be2c0b377fd3a
560,2026-08-06T11:27:19-04:00,2027,27,MTC_REDEEMED,MTC-16F18FC3F475,"{""item"":""Dawn Powerwash 16oz"",""offer"":""PG-DAWN-W27"",""offline"":false,""reader"":""ARC-DAYTON-01"",""wallet"":""GxFyyFhg3YDdZu9VRuVwkrBgXhbamHb14VJ7j1bUsxkk""}",bfca0897a9d9ece553e2d747d0fdaacd8f521d70ef6c34f26d7be2c0b377fd3a,b4c5c31da6ab575d9c71e2833d12a6ae1f3982af6e00b1274c2ea61c52eee7da
561,2026-08-06T11:27:19-04:00,2027,27,MTC_REDEEMED,MTC-9472FCC32850,"{""item"":""Tide Pods 42ct"",""offer"":""PG-TIDE-W27"",""offline"":false,""reader"":""ARC-COLUMBUS-01"",""wallet"":""3wbijfMwyVXNrN3jrEqrxbqhAzjZV6Ahu9znkoMF9ANu""}",b4c5c31da6ab575d9c71e2833d12a6ae1f3982af6e00b1274c2ea61c52eee7da,b306e4b985b1946e4d47f476cfa96c6e9e7145daf1b4499090b50507be66dc90
562,2026-08-06T11:27:19-04:00,2027,27,MTC_REDEEMED,MTC-292BAFCB211E,"{""item"":""Dawn Powerwash 16oz"",""offer"":""PG-DAWN-W27"",""offline"":false,""reader"":""ARC-COLUMBUS-01"",""wallet"":""3SJNhUXCGmr5moD3YrxD5F43aJSYpzoq9mEovg9BuARg""}",b306e4b985b1946e4d47f476cfa96c6e9e7145daf1b4499090b50507be66dc90,f9bc919ba736f4c42c8523b330f797773f7facfe61847da7292ef00d92095c17
563,2026-08-06T11:27:19-04:00,2027,27,MTC_REDEEMED,MTC-E846A8EEBF05,"{""item"":""Dawn Powerwash 16oz"",""offer"":""PG-DAWN-W27"",""offline"":false,""reader"":""ARC-DAYTON-01"",""wallet"":""HiTfKwLBRFqmkrNRLziwrWuXd9fA1Mjsoz3hrBFLwLqs""}",f9bc919ba736f4c42c8523b330f797773f7facfe61847da7292ef00d92095c17,63d17cf55995fe2693776a1895c42623872fcf720fb239c801beeaff99f87e35
564,2026-08-06T11:27:19-04:00,2027,27,MTC_REDEEMED,MTC-24140F916F99,"{""item"":""Gillette Labs Razor"",""offer"":""PG-GILL-W27"",""offline"":false,""reader"":""ARC-DAYTON-01"",""wallet"":""GxFyyFhg3YDdZu9VRuVwkrBgXhbamHb14VJ7j1bUsxkk""}",63d17cf55995fe2693776a1895c42623872fcf720fb239c801beeaff99f87e35,cd932e094896467736c02653c25acc26c3c1a2b225c1792e1c76ccb27e9871ea
565,2026-08-06T11:27:19-04:00,2027,27,MTC_REDEEMED,MTC-C5EB39CB88AB,"{""item"":""Dawn Powerwash 16oz"",""offer"":""PG-DAWN-W27"",""offline"":false,""reader"":""ARC-COLUMBUS-01"",""wallet"":""FM3L75Rfqp3CUAg5QiRgJHvRT67twEMbrYS8V8iu2eSz""}",cd932e094896467736c02653c25acc26c3c1a2b225c1792e1c76ccb27e9871ea,9530ac4f2f4a0a97ddb6c0a3fbd91f3bb97a862ebf54fefcc96378f9ce24ffef
566,2026-08-06T11:27:19-04:00,2027,27,MTC_REDEEMED,MTC-75A2C21F0294,"{""item"":""Charmin Ultra 12mega"",""offer"":""PG-CHRM-W27"",""offline"":false,""reader"":""ARC-DAYTON-01"",""wallet"":""D8dhDHpceYC3369gSksaq1zD4rfy1fGF1DkwKyh6DeJK""}",9530ac4f2f4a0a97ddb6c0a3fbd91f3bb97a862ebf54fefcc96378f9ce24ffef,5e328d91cec0db9c77c024146c62ca17a1e78b56c5c06ea11db1d6ed9e0681b2
567,2026-08-06T11:27:19-04:00,2027,27,MTC_REDEEMED,MTC-AC65A4FA048E,"{""item"":""Charmin Ultra 12mega"",""offer"":""PG-CHRM-W27"",""offline"":false,""reader"":""ARC-CINCY-01"",""wallet"":""4tM3pn6nHZTV35QcpEaAPLo3nFohj3QTwrcKRbcxQRaN""}",5e328d91cec0db9c77c024146c62ca17a1e78b56c5c06ea11db1d6ed9e0681b2,6f0dd7cc3caa50adbe23f4a05fbcab178a8d18174170668a64ffa99c32903788
568,2026-08-06T11:27:19-04:00,2027,27,MTC_REDEEMED,MTC-8D06731F0BB9,"{""item"":""Gillette Labs Razor"",""offer"":""PG-GILL-W27"",""offline"":false,""reader"":""ARC-DAYTON-01"",""wallet"":""Hda4xrKYZH9QrdHvS43QoqYADz1Bdu5FqqbBm2j5uxmm""}",6f0dd7cc3caa50adbe23f4a05fbcab178a8d18174170668a64ffa99c32903788,b651c710f606566f38e0761c7963de6faa0fa54e3b623d61a29703e011c7acab
569,2026-08-06T11:27:19-04:00,2027,27,MTC_REDEEMED,MTC-74BF8D3B4D2F,"{""item"":""Tide Pods 42ct"",""offer"":""PG-TIDE-W27"",""offline"":false,""reader"":""ARC-CINCY-01"",""wallet"":""dbbdLkAtaVJHVCmPFqGsEPZ1KQhCybchJc7XKVQgWhP""}",b651c710f606566f38e0761c7963de6faa0fa54e3b623d61a29703e011c7acab,80de21f2b808042d79f4af903c2ec83e36ff9a4a06f9c01342e91ecd8e0774a8
570,2026-08-06T11:27:19-04:00,2027,27,MTC_REDEEMED,MTC-45F445287C03,"{""item"":""Olay Regenerist 1.7oz"",""offer"":""PG-OLAY-W27"",""offline"":false,""reader"":""ARC-DAYTON-01"",""wallet"":""AMVtvQizNYAHsMhhdrv8PRWkUWxxhG5tYsSFjckc2Zwu""}",80de21f2b808042d79f4af903c2ec83e36ff9a4a06f9c01342e91ecd8e0774a8,a96d2853ab867b162520d75f89efdf4355f545749595f1bb09f80677b1dcae66
571,2026-08-06T11:27:19-04:00,2027,27,MTC_REDEEMED,MTC-75DF952FCA85,"{""item"":""Tide Pods 42ct"",""offer"":""PG-TIDE-W27"",""offline"":false,""reader"":""ARC-DAYTON-01"",""wallet"":""7we5YHPnsyXLSDKDdaKMedRb3bDrfncg3xddYcEBxAFw""}",a96d2853ab867b162520d75f89efdf4355f545749595f1bb09f80677b1dcae66,3d6fe53d6c1ec6fef432e3269fb47c783dd544135a7f743c28f969985be4a12f
572,2026-08-06T11:27:19-04:00,2027,27,MTC_REDEEMED,MTC-8C2203003448,"{""item"":""Dawn Powerwash 16oz"",""offer"":""PG-DAWN-W27"",""offline"":false,""reader"":""ARC-CINCY-01"",""wallet"":""EWLLyN8h8DvAC2PkvtcCW5NctuY9LxXUerAH9d4qLCzs""}",3d6fe53d6c1ec6fef432e3269fb47c783dd544135a7f743c28f969985be4a12f,abf3c459fd80b66afe2378d794b168851966ddb68e4d878a51aa545a5b17c23e
573,2026-08-06T11:27:19-04:00,2027,27,MTC_REDEEMED,MTC-FE4B4B883E0E,"{""item"":""Gillette Labs Razor"",""offer"":""PG-GILL-W27"",""offline"":false,""reader"":""ARC-CINCY-01"",""wallet"":""5R1LR5xasiPHpJpZC4CCxAmy7MWtew9bzqRYo9MAiBL2""}",abf3c459fd80b66afe2378d794b168851966ddb68e4d878a51aa545a5b17c23e,815e57b614e4162b5d1724bd0c8fedb0be9a2988e35c233a76acb8495065cc3d
574,2026-08-06T11:27:19-04:00,2027,27,MTC_REDEEMED,MTC-4346433C26C1,"{""item"":""Gillette Labs Razor"",""offer"":""PG-GILL-W27"",""offline"":false,""reader"":""ARC-DAYTON-01"",""wallet"":""2DqUnuNHyhkYFZpoWAqM7aXnhjUFkDc7QP4siCEFGwxZ""}",815e57b614e4162b5d1724bd0c8fedb0be9a2988e35c233a76acb8495065cc3d,1d706ca2e79da9e2152b949da01c280fbe3a634884e63a4ca7031b3d90d7a231
575,2026-08-06T11:27:19-04:00,2027,27,MTC_REDEEMED,MTC-460CA4F0B522,"{""item"":""Tide Pods 42ct"",""offer"":""PG-TIDE-W27"",""offline"":false,""reader"":""ARC-COLUMBUS-01"",""wallet"":""CujhYJsaQLWbCSqFJaYywHNdYSsQ6JK1J8fHqJQNrUHY""}",1d706ca2e79da9e2152b949da01c280fbe3a634884e63a4ca7031b3d90d7a231,8d23a7938a0806caffcb8faeef1da4853ee9bdb933aee0547727b0d3f50fff47
576,2026-08-06T11:27:19-04:00,2027,27,MTC_REDEEMED,MTC-A52B9A7DDF95,"{""item"":""Tide Pods 42ct"",""offer"":""PG-TIDE-W27"",""offline"":false,""reader"":""ARC-CINCY-01"",""wallet"":""FVZcL2rnt6D984s2HhNsv3nbX7mNoDg1U56Uy9pFkmbJ""}",8d23a7938a0806caffcb8faeef1da4853ee9bdb933aee0547727b0d3f50fff47,aa4a2eafe08f3ff2293c4742b80c1b870bf4884ca5d32e8819a13b715e8ddaef
577,2026-08-06T11:27:19-04:00,2027,27,MTC_REDEEMED,MTC-CE27F995DBC5,"{""item"":""Dawn Powerwash 16oz"",""offer"":""PG-DAWN-W27"",""offline"":false,""reader"":""ARC-CINCY-01"",""wallet"":""HSsSExpsSdvbjALoJFFNLme72sPeQGfGspA8swtSU2aJ""}",aa4a2eafe08f3ff2293c4742b80c1b870bf4884ca5d32e8819a13b715e8ddaef,fd78a36582c9e58b6a85ce283220b51e8564e9ea881d7f091902abaec68a815e
578,2026-08-06T11:27:19-04:00,2027,27,MTC_REDEEMED,MTC-77164A105D06,"{""item"":""Dawn Powerwash 16oz"",""offer"":""PG-DAWN-W27"",""offline"":false,""reader"":""ARC-COLUMBUS-01"",""wallet"":""3wbijfMwyVXNrN3jrEqrxbqhAzjZV6Ahu9znkoMF9ANu""}",fd78a36582c9e58b6a85ce283220b51e8564e9ea881d7f091902abaec68a815e,12f3245219f3e4c5bb57f82825c9244340a934b4215fe6e098e45641df6b599b
579,2026-08-06T11:27:19-04:00,2027,27,MTC_REDEEMED,MTC-14E07EF12103,"{""item"":""Charmin Ultra 12mega"",""offer"":""PG-CHRM-W27"",""offline"":false,""reader"":""ARC-DAYTON-01"",""wallet"":""B3jmEApjEmcprB2G4EyicbM838ACDnnq1zoUjk976y8p""}",12f3245219f3e4c5bb57f82825c9244340a934b4215fe6e098e45641df6b599b,07444c54e95d9a94a20052ce15e17eb87bb268d768c7a602c759e13a1bbe57f0
580,2026-08-06T11:27:20-04:00,2027,27,MTC_REDEEMED,MTC-5982E2FFD7F3,"{""item"":""Charmin Ultra 12mega"",""offer"":""PG-CHRM-W27"",""offline"":false,""reader"":""ARC-CINCY-01"",""wallet"":""8784MbPSnho6KxbeUFQuJn3p2cNrQojXBombpjU68YfD""}",07444c54e95d9a94a20052ce15e17eb87bb268d768c7a602c759e13a1bbe57f0,40bc86439e7e986d286e8b15e19dd8a923bd2fc98c50214f2bd67a11e7061d34
581,2026-08-06T11:27:20-04:00,2027,27,MTC_REDEEMED,MTC-5FCC4AF7DCE0,"{""item"":""Tide Pods 42ct"",""offer"":""PG-TIDE-W27"",""offline"":false,""reader"":""ARC-DAYTON-01"",""wallet"":""B5wJEKDLxzj5gNaXUBNHAc8rCihbsNhWpoS9vyjMAw3t""}",40bc86439e7e986d286e8b15e19dd8a923bd2fc98c50214f2bd67a11e7061d34,eb6ba6e831c4c4ab7a99aa29262fd593d6f573e9cfd311d8e87afa1f5c0adec0
582,2026-08-06T11:27:20-04:00,2027,27,MTC_REDEEMED,MTC-1DC2FBDFE3A2,"{""item"":""Dawn Powerwash 16oz"",""offer"":""PG-DAWN-W27"",""offline"":false,""reader"":""ARC-DAYTON-01"",""wallet"":""DbcJaGohi1abrqeU2K2ohjB93ye9PGApbFgdVfEVzMh1""}",eb6ba6e831c4c4ab7a99aa29262fd593d6f573e9cfd311d8e87afa1f5c0adec0,a3da9f5951529bca8d5c02ce6310406104f883d8fb12377730218426f0e18f37
583,2026-08-06T11:27:20-04:00,2027,27,MTC_REDEEMED,MTC-5A2B95857FFB,"{""item"":""Charmin Ultra 12mega"",""offer"":""PG-CHRM-W27"",""offline"":false,""reader"":""ARC-DAYTON-01"",""wallet"":""BiEMuLSMXh2Bo1knQg3fqw74YNv6HDh55kDSXGVjb55D""}",a3da9f5951529bca8d5c02ce6310406104f883d8fb12377730218426f0e18f37,d0a3efeea5ca2ada080e236c7e9cf1070d052b4aeab136c288b7d7d4b7f8e7ea
584,2026-08-06T11:27:20-04:00,2027,27,MTC_REDEEMED,MTC-E0A0FCCC4E12,"{""item"":""Dawn Powerwash 16oz"",""offer"":""PG-DAWN-W27"",""offline"":false,""reader"":""ARC-CINCY-01"",""wallet"":""6imMy1AsAzfKFcqdrH9DkxmbFS8soBMC8dToPeYaPskx""}",d0a3efeea5ca2ada080e236c7e9cf1070d052b4aeab136c288b7d7d4b7f8e7ea,1a32a8231e8041755ca4572484cc12f8b83b01bd33f81010ad8812c21494797f
585,2026-08-06T11:27:20-04:00,2027,27,MTC_REDEEMED,MTC-30D9B2F4DA29,"{""item"":""Charmin Ultra 12mega"",""offer"":""PG-CHRM-W27"",""offline"":false,""reader"":""ARC-DAYTON-01"",""wallet"":""7we5YHPnsyXLSDKDdaKMedRb3bDrfncg3xddYcEBxAFw""}",1a32a8231e8041755ca4572484cc12f8b83b01bd33f81010ad8812c21494797f,e517a8f14d663e5b2a0c7872b96933d10d22bc56d04dcfac4a97c0aa5f19ce25
586,2026-08-06T11:27:20-04:00,2027,27,MTC_REDEEMED,MTC-E0F9CC8145C5,"{""item"":""Tide Pods 42ct"",""offer"":""PG-TIDE-W27"",""offline"":false,""reader"":""ARC-DAYTON-01"",""wallet"":""4bvMmpfXkKDPnXW8xwD6FC2ZLpnmk5EPeUmnB2T8T96H""}",e517a8f14d663e5b2a0c7872b96933d10d22bc56d04dcfac4a97c0aa5f19ce25,e401b9a67b15b52d1d5460625efa8847e83924c0c46d84451c3e914b0569b0e7
587,2026-08-06T11:27:20-04:00,2027,27,MTC_REDEEMED,MTC-0B5A9ED4EAFE,"{""item"":""Dawn Powerwash 16oz"",""offer"":""PG-DAWN-W27"",""offline"":false,""reader"":""ARC-COLUMBUS-01"",""wallet"":""CrGkasF4RduiqrQBU9tymwDPma81S2pdVY1eNpK59XZF""}",e401b9a67b15b52d1d5460625efa8847e83924c0c46d84451c3e914b0569b0e7,7b52600f608723acc8341f01af7fb21bc67c0747a6cb3b9960f139499dac5a52
588,2026-08-06T11:27:20-04:00,2027,27,MTC_REDEEMED,MTC-5BF8E75E3F7A,"{""item"":""Gillette Labs Razor"",""offer"":""PG-GILL-W27"",""offline"":false,""reader"":""ARC-DAYTON-01"",""wallet"":""DgrhGLzpWbtLXL97YnLuguiB8KRFodnkySD8pKtNzfso""}",7b52600f608723acc8341f01af7fb21bc67c0747a6cb3b9960f139499dac5a52,f251a444188cd30d895899cc522f01d95ff0675c84926052c504b2c2eee3b2e8
589,2026-08-06T11:27:20-04:00,2027,27,MTC_REDEEMED,MTC-51E3F521CD4B,"{""item"":""Charmin Ultra 12mega"",""offer"":""PG-CHRM-W27"",""offline"":false,""reader"":""ARC-DAYTON-01"",""wallet"":""2Phbe4uG1XgxrRfMRC2tT8bV3T2jqQBPMgCtCtcUe6Mt""}",f251a444188cd30d895899cc522f01d95ff0675c84926052c504b2c2eee3b2e8,bae55edd01561ecd1400e001ab8c31bb7ca55fbe0a9d69ac4219368f473238bf
590,2026-08-06T11:27:20-04:00,2027,27,MTC_REDEEMED,MTC-233ABA318C96,"{""item"":""Charmin Ultra 12mega"",""offer"":""PG-CHRM-W27"",""offline"":false,""reader"":""ARC-DAYTON-01"",""wallet"":""DbcJaGohi1abrqeU2K2ohjB93ye9PGApbFgdVfEVzMh1""}",bae55edd01561ecd1400e001ab8c31bb7ca55fbe0a9d69ac4219368f473238bf,92b4fe484f16a270fe6b541d5a579e40b51aae5fd9d1ff9aec14eafb4a494e07
591,2026-08-06T11:27:20-04:00,2027,27,MTC_REDEEMED,MTC-CA0B27DEF8BC,"{""item"":""Tide Pods 42ct"",""offer"":""PG-TIDE-W27"",""offline"":false,""reader"":""ARC-COLUMBUS-01"",""wallet"":""H3FcoPEgjobnHMruS8tXsSdjjej9xbZhCcqNfBw6SRT7""}",92b4fe484f16a270fe6b541d5a579e40b51aae5fd9d1ff9aec14eafb4a494e07,ee1a7ed4dac9826bb6bd0836a954ff5c29ba34bb6abd25edec4aa2c2de7c6c63
592,2026-08-06T11:27:20-04:00,2027,27,MTC_REDEEMED,MTC-350866CB6410,"{""item"":""Charmin Ultra 12mega"",""offer"":""PG-CHRM-W27"",""offline"":false,""reader"":""ARC-DAYTON-01"",""wallet"":""HSsSExpsSdvbjALoJFFNLme72sPeQGfGspA8swtSU2aJ""}",ee1a7ed4dac9826bb6bd0836a954ff5c29ba34bb6abd25edec4aa2c2de7c6c63,eda70720c1676a829ed1477afb7537c541d9a1bb492c9394b8c367a9e642fa1e
593,2026-08-06T11:27:20-04:00,2027,27,MTC_REDEEMED,MTC-1731DEFBA8F7,"{""item"":""Charmin Ultra 12mega"",""offer"":""PG-CHRM-W27"",""offline"":false,""reader"":""ARC-DAYTON-01"",""wallet"":""EgEqT3ZiDQJE6b4RnPHiS5Vgq7c4krjdZuLjE5PFLAS2""}",eda70720c1676a829ed1477afb7537c541d9a1bb492c9394b8c367a9e642fa1e,b7b8c85252efac044ba8d9207afd94011acec32e0b1149f4a89d3b98344edf6e
594,2026-08-06T11:27:20-04:00,2027,27,MTC_REDEEMED,MTC-B425970A85C5,"{""item"":""Dawn Powerwash 16oz"",""offer"":""PG-DAWN-W27"",""offline"":false,""reader"":""ARC-CINCY-01"",""wallet"":""4KHzMZc75Gt1KaoTquFa8aETbz6mY6uJpjgKRoZ19nqQ""}",b7b8c85252efac044ba8d9207afd94011acec32e0b1149f4a89d3b98344edf6e,c08f0935d1d74837d99afb442fd68470ae9a744d03250e4a46a2dd3f1459ef87
595,2026-08-06T11:27:20-04:00,2027,27,MTC_REDEEMED,MTC-C5904CE1EE8A,"{""item"":""Dawn Powerwash 16oz"",""offer"":""PG-DAWN-W27"",""offline"":false,""reader"":""ARC-DAYTON-01"",""wallet"":""HKh6AbRPKodrMjo36EQVEUkVHXFFFdUzJWuMuP8asD8M""}",c08f0935d1d74837d99afb442fd68470ae9a744d03250e4a46a2dd3f1459ef87,e3f39d51d739db0f2866a97e4c5debe125c306050c4dd36711a033a79fffc622
596,2026-08-06T11:27:20-04:00,2027,27,MTC_REDEEMED,MTC-733D75E16DB2,"{""item"":""Olay Regenerist 1.7oz"",""offer"":""PG-OLAY-W27"",""offline"":false,""reader"":""ARC-DAYTON-01"",""wallet"":""5FZZCsBoxDcSimRnfSs66uWnWx47SEsXpZiYc3btfs68""}",e3f39d51d739db0f2866a97e4c5debe125c306050c4dd36711a033a79fffc622,2f92c558d42cafa5328302be77f345811b6c5ff8d446a3405bdc480ae626ecae
597,2026-08-06T11:27:20-04:00,2027,27,MTC_REDEEMED,MTC-5CC6BB8F09CD,"{""item"":""Dawn Powerwash 16oz"",""offer"":""PG-DAWN-W27"",""offline"":false,""reader"":""ARC-COLUMBUS-01"",""wallet"":""8dqwupK5ChD6Lgrsiov1WeHqAyZh3N2RH896v27DCsNW""}",2f92c558d42cafa5328302be77f345811b6c5ff8d446a3405bdc480ae626ecae,6c162d8f4232b145b0c70b185e361b293de949fed5508d40cdcc9507804bde8b
598,2026-08-06T11:27:20-04:00,2027,27,MTC_REDEEMED,MTC-302B885AE0F8,"{""item"":""Olay Regenerist 1.7oz"",""offer"":""PG-OLAY-W27"",""offline"":false,""reader"":""ARC-COLUMBUS-01"",""wallet"":""84MwrpayJyRRgzfGGLRXqQrPTwBJh9CSneVnMo5qwZUf""}",6c162d8f4232b145b0c70b185e361b293de949fed5508d40cdcc9507804bde8b,6a1e0d9b40a123888dd4ae5699234ad375b4c4960bb127cd425f504e5efcf5c4
599,2026-08-06T11:27:20-04:00,2027,27,MTC_REDEEMED,MTC-40E6EA0C08DE,"{""item"":""Tide Pods 42ct"",""offer"":""PG-TIDE-W27"",""offline"":false,""reader"":""ARC-CINCY-01"",""wallet"":""HibYwUNpjdcfWxrnW4J8Qi4DY8M8i6hgiRC3hh1SJxWX""}",6a1e0d9b40a123888dd4ae5699234ad375b4c4960bb127cd425f504e5efcf5c4,be1c1e18d5f8b75f9b37c5408106f4663f366f86eee549c0053d426d9f5186b0
600,2026-08-06T11:27:20-04:00,2027,27,MTC_REDEEMED,MTC-05C244899785,"{""item"":""Gillette Labs Razor"",""offer"":""PG-GILL-W27"",""offline"":false,""reader"":""ARC-COLUMBUS-01"",""wallet"":""74wFRC2SnHJP4V3aaXJGrxfrwfstHQrPtBuKxXexC16G""}",be1c1e18d5f8b75f9b37c5408106f4663f366f86eee549c0053d426d9f5186b0,c0168e05205c72dbce8aff0250b9990700a041e4b8471421f18b438e0797713b
601,2026-08-06T11:27:20-04:00,2027,27,MTC_REDEEMED,MTC-DFA70FA2DF0C,"{""item"":""Charmin Ultra 12mega"",""offer"":""PG-CHRM-W27"",""offline"":false,""reader"":""ARC-DAYTON-01"",""wallet"":""CNhb3RV47iRKs22bcrdHztqH6sbom5crws9bpsruih3c""}",c0168e05205c72dbce8aff0250b9990700a041e4b8471421f18b438e0797713b,ef476e6d8ef49bdb615617b2c5b7f55fefee246c9ced04203e2e306a7832adad
602,2026-08-06T11:27:20-04:00,2027,27,MTC_REDEEMED,MTC-4FBBDEE390AB,"{""item"":""Charmin Ultra 12mega"",""offer"":""PG-CHRM-W27"",""offline"":false,""reader"":""ARC-COLUMBUS-01"",""wallet"":""84MwrpayJyRRgzfGGLRXqQrPTwBJh9CSneVnMo5qwZUf""}",ef476e6d8ef49bdb615617b2c5b7f55fefee246c9ced04203e2e306a7832adad,4eda7de402f0adf2f00f61b658027fc246d797cce1cf800c9a57191ced4a6266
603,2026-08-06T11:27:20-04:00,2027,27,MTC_REDEEMED,MTC-F01B29B9C67F,"{""item"":""Charmin Ultra 12mega"",""offer"":""PG-CHRM-W27"",""offline"":false,""reader"":""ARC-CINCY-01"",""wallet"":""5jT3dhW3jwf7LUba3tafV5ArYXuSDW8tfycqPqQZ1VEr""}",4eda7de402f0adf2f00f61b658027fc246d797cce1cf800c9a57191ced4a6266,f44bf558b30c6ddf366cbfb6c92b1401b3056b026fc6f04101e49c7e22cd8f6d
604,2026-08-06T11:27:20-04:00,2027,27,MTC_REDEEMED,MTC-2C966270012B,"{""item"":""Tide Pods 42ct"",""offer"":""PG-TIDE-W27"",""offline"":false,""reader"":""ARC-CINCY-01"",""wallet"":""4J71wib8hphFf9aKCHX9VMjAFZYbqCqy32JSnTomVgyG""}",f44bf558b30c6ddf366cbfb6c92b1401b3056b026fc6f04101e49c7e22cd8f6d,7eac638026a15837c9afd18799b97c3b65c1672de3a424953bef2baa2e822dc6
605,2026-08-06T11:27:20-04:00,2027,27,MTC_REDEEMED,MTC-6A0C802093DD,"{""item"":""Tide Pods 42ct"",""offer"":""PG-TIDE-W27"",""offline"":false,""reader"":""ARC-CINCY-01"",""wallet"":""B8V1hNG7smErKbc1NGv9M9zxFwQdjkPaDkwPRwqHsD7g""}",7eac638026a15837c9afd18799b97c3b65c1672de3a424953bef2baa2e822dc6,99e0434087025da4c12f815d8e4e2a1f3d97b6584b1690fea87c0df980e157a8
606,2026-08-06T11:27:20-04:00,2027,27,MTC_REDEEMED,MTC-04EC818FA48C,"{""item"":""Tide Pods 42ct"",""offer"":""PG-TIDE-W27"",""offline"":false,""reader"":""ARC-DAYTON-01"",""wallet"":""CKVxTJP9BrcK83jbXKwbxKYsFeDtTHK521mpZzkxc8uF""}",99e0434087025da4c12f815d8e4e2a1f3d97b6584b1690fea87c0df980e157a8,256d0a600dea628926bd147caa5f1eb9d8253c85fe83217537e32a21ce7b6587
607,2026-08-06T11:27:20-04:00,2027,27,MTC_REDEEMED,MTC-F23011C957BC,"{""item"":""Olay Regenerist 1.7oz"",""offer"":""PG-OLAY-W27"",""offline"":false,""reader"":""ARC-DAYTON-01"",""wallet"":""8dqwupK5ChD6Lgrsiov1WeHqAyZh3N2RH896v27DCsNW""}",256d0a600dea628926bd147caa5f1eb9d8253c85fe83217537e32a21ce7b6587,0f6b4e829c9714353441e2119649b4d9088d6dfe2ec9a29859a319b8e963ac81
608,2026-08-06T11:27:20-04:00,2027,27,MTC_REDEEMED,MTC-B4E16021FF54,"{""item"":""Tide Pods 42ct"",""offer"":""PG-TIDE-W27"",""offline"":false,""reader"":""ARC-COLUMBUS-01"",""wallet"":""8xzoySG4BPp5ugPBULsuXpskvABfmE8pZyS5sepZLDMk""}",0f6b4e829c9714353441e2119649b4d9088d6dfe2ec9a29859a319b8e963ac81,456c036c038d08a91ec56f5c69a46ae38770429f51b543c48b7471b6a26c5a0d
609,2026-08-06T11:27:20-04:00,2027,27,MTC_REDEEMED,MTC-C241CFE83F57,"{""item"":""Gillette Labs Razor"",""offer"":""PG-GILL-W27"",""offline"":false,""reader"":""ARC-CINCY-01"",""wallet"":""38qHhtG3yCbPUpscVaUp6gdRDQKUpz7waw5VEUwoTapC""}",456c036c038d08a91ec56f5c69a46ae38770429f51b543c48b7471b6a26c5a0d,eb87db5d854ff98fb766afeec19a109face42d83c9c52607f1d2aa23fe8d594f
610,2026-08-06T11:27:20-04:00,2027,27,MTC_REDEEMED,MTC-8944EFE7B037,"{""item"":""Tide Pods 42ct"",""offer"":""PG-TIDE-W27"",""offline"":false,""reader"":""ARC-DAYTON-01"",""wallet"":""7TKums4vGoaQc1phcB5QMDTfMNXWobTUF5Gr1rEE4k7H""}",eb87db5d854ff98fb766afeec19a109face42d83c9c52607f1d2aa23fe8d594f,fcd1725747f747145d10f4293275b4a0e487f24f61a1757f33b9b8bf9be64cfe
611,2026-08-06T11:27:20-04:00,2027,27,MTC_REDEEMED,MTC-AF108475D811,"{""item"":""Tide Pods 42ct"",""offer"":""PG-TIDE-W27"",""offline"":false,""reader"":""ARC-COLUMBUS-01"",""wallet"":""3BjWWprt8hoZpe8rUNwdUH3FVhgbvYFBQ5LSogMUPAzW""}",fcd1725747f747145d10f4293275b4a0e487f24f61a1757f33b9b8bf9be64cfe,80c904274bdf547f25d1f483894ab3030bdafd486ff84b1c5d00c128da5afc3f
612,2026-08-06T11:27:20-04:00,2027,27,MTC_REDEEMED,MTC-6D2CF7F0B615,"{""item"":""Gillette Labs Razor"",""offer"":""PG-GILL-W27"",""offline"":false,""reader"":""ARC-COLUMBUS-01"",""wallet"":""8PdtfCUnEmJmHwBPRf64g9qcvb5Qa7fZhXKma7X8UqPX""}",80c904274bdf547f25d1f483894ab3030bdafd486ff84b1c5d00c128da5afc3f,ece050c56a9367591f483e6ffbca3b31eb9ed262ab7c6ce2d6f786603f8effda
613,2026-08-06T11:27:20-04:00,2027,27,MTC_REDEEMED,MTC-0725FF09A4E2,"{""item"":""Gillette Labs Razor"",""offer"":""PG-GILL-W27"",""offline"":false,""reader"":""ARC-COLUMBUS-01"",""wallet"":""DaAXo8y2ExhNWTDd73XqoR83CfGgCFfvfqiS5LifTswT""}",ece050c56a9367591f483e6ffbca3b31eb9ed262ab7c6ce2d6f786603f8effda,8f8a34b461bfb5088d37147940bfb8a5ccff5e2238e5cd9287fb7cc2b80510a3
614,2026-08-06T11:27:20-04:00,2027,27,MTC_REDEEMED,MTC-B16C4F6A2333,"{""item"":""Charmin Ultra 12mega"",""offer"":""PG-CHRM-W27"",""offline"":false,""reader"":""ARC-COLUMBUS-01"",""wallet"":""CKVxTJP9BrcK83jbXKwbxKYsFeDtTHK521mpZzkxc8uF""}",8f8a34b461bfb5088d37147940bfb8a5ccff5e2238e5cd9287fb7cc2b80510a3,aa5bfffbe3c1d4f75b1993a7b9800676aea52058a86ec717647b06139c573cba
615,2026-08-06T11:27:20-04:00,2027,27,MTC_REDEEMED,MTC-CB88997BFAC0,"{""item"":""Tide Pods 42ct"",""offer"":""PG-TIDE-W27"",""offline"":false,""reader"":""ARC-CINCY-01"",""wallet"":""6toFgY5sJq3oPKcdjULZUEe3YPAw6BS7Q5oJAeR9Hy9j""}",aa5bfffbe3c1d4f75b1993a7b9800676aea52058a86ec717647b06139c573cba,a3f78b032b0a6fbc31f5ef7d7d932d15e280a5d34230cc9bfd1a97b5b1b2ca89
616,2026-08-06T11:27:20-04:00,2027,27,MTC_REDEEMED,MTC-5517B50D3276,"{""item"":""Charmin Ultra 12mega"",""offer"":""PG-CHRM-W27"",""offline"":false,""reader"":""ARC-DAYTON-01"",""wallet"":""AMVtvQizNYAHsMhhdrv8PRWkUWxxhG5tYsSFjckc2Zwu""}",a3f78b032b0a6fbc31f5ef7d7d932d15e280a5d34230cc9bfd1a97b5b1b2ca89,6e6a2e8a41c5f1dc2fa08ec72fdf96c3ae5281b5efc66c48ce09b13fb366059a
617,2026-08-06T11:27:20-04:00,2027,27,MTC_REDEEMED,MTC-EE338C4854E3,"{""item"":""Tide Pods 42ct"",""offer"":""PG-TIDE-W27"",""offline"":false,""reader"":""ARC-COLUMBUS-01"",""wallet"":""G9nBwvUuVSL88ZGcNCYoGUpcgcPczdeyai9NNsgR1c4R""}",6e6a2e8a41c5f1dc2fa08ec72fdf96c3ae5281b5efc66c48ce09b13fb366059a,dff23172681c0572d970a203659ea3a2bc042c227a259b23c0d773021318c0bf
618,2026-08-06T11:27:20-04:00,2027,27,MTC_REDEEMED,MTC-4093EDDB125F,"{""item"":""Olay Regenerist 1.7oz"",""offer"":""PG-OLAY-W27"",""offline"":false,""reader"":""ARC-COLUMBUS-01"",""wallet"":""GYevuf1coPW6KHDzwAcNcJJqu9V7jotBWWT4kutEmfzT""}",dff23172681c0572d970a203659ea3a2bc042c227a259b23c0d773021318c0bf,df2dc912d4a32b0844b45db89f5e05205c1baa7c2ca493013b7b1d2af1e0d1ca
619,2026-08-06T11:27:20-04:00,2027,27,MTC_REDEEMED,MTC-883F7B6EBD76,"{""item"":""Tide Pods 42ct"",""offer"":""PG-TIDE-W27"",""offline"":false,""reader"":""ARC-CINCY-01"",""wallet"":""H9Q1Gt8ER5cHc5SsKV58zRvo9XiVZ4hciRsoZeQ42TQk""}",df2dc912d4a32b0844b45db89f5e05205c1baa7c2ca493013b7b1d2af1e0d1ca,51349aa0029b686719907aae81b114e3609cd17803226116840a5243fc4cd08b
620,2026-08-06T11:27:20-04:00,2027,27,REDEEM_REJECTED,MTC-AE2930FF9129,"{""reader"":""ARC-CINCY-01"",""reason"":""already redeemed""}",51349aa0029b686719907aae81b114e3609cd17803226116840a5243fc4cd08b,52e3eaa85338ad69331c38bb191913729ab52c8ad43cebf7f687d932dcbf8849
621,2026-08-06T11:27:20-04:00,2027,27,REDEEM_REJECTED,-,"{""reader"":""ARC-CINCY-01"",""reason"":""bad signature""}",52e3eaa85338ad69331c38bb191913729ab52c8ad43cebf7f687d932dcbf8849,481191836118b63ef7e0acd7eebf66a17f40ddd79e3fa8aa06be31bb21146b4a
622,2026-08-06T11:27:20-04:00,2027,27,REDEEM_REJECTED,-,"{""reader"":""ARC-CINCY-01"",""reason"":""unknown key id ARC-FAKE-99""}",481191836118b63ef7e0acd7eebf66a17f40ddd79e3fa8aa06be31bb21146b4a,5d54614d6dd021f5f12d04a9d316f5b1b9051f9ceea2706971f1a4f2c822325f
623,2026-08-06T11:27:20-04:00,2027,27,WEEK_ANCHORED,FY2027W27,"{""root"":""9d037716eea18bd8d568925f3340b0aaf8a5951fcaec93fe7e5fb62216df4c2a""}",5d54614d6dd021f5f12d04a9d316f5b1b9051f9ceea2706971f1a4f2c822325f,ff91457892147baeeb8e892c45ab04e9285a2d6d070d79db06862bd39b56e0a8
