updated /pages/crypto (PUBLISHED) -> https://admin.shopify.com/store/instar-brands/pages/133467701471
updated /pages/meme-futures (PUBLISHED) -> https://admin.shopify.com/store/instar-brands/pages/133467734239
updated /pages/acm-bid-board (PUBLISHED) -> https://admin.shopify.com/store/instar-brands/pages/133467865311
updated /pages/acm (PUBLISHED) -> https://admin.shopify.com/store/instar-brands/pages/125594271967
updated /pages/terminal (PUBLISHED) -> https://admin.shopify.com/store/instar-brands/pages/133470093535
updated /pages/orders (PUBLISHED) -> https://admin.shopify.com/store/instar-brands/pages/133491392735
updated /pages/golden-ticket (PUBLISHED) -> https://admin.shopify.com/store/instar-brands/pages/133638455519
live: slot 439911711, 805 holders, top #1: 5qx7yV4C… 23,986,255
updated /pages/crypto (PUBLISHED) -> https://admin.shopify.com/store/instar-brands/pages/133467701471
updated /pages/meme-futures (PUBLISHED) -> https://admin.shopify.com/store/instar-brands/pages/133467734239
updated /pages/acm-bid-board (PUBLISHED) -> https://admin.shopify.com/store/instar-brands/pages/133467865311
updated /pages/acm (PUBLISHED) -> https://admin.shopify.com/store/instar-brands/pages/125594271967
updated /pages/terminal (PUBLISHED) -> https://admin.shopify.com/store/instar-brands/pages/133470093535
updated /pages/orders (PUBLISHED) -> https://admin.shopify.com/store/instar-brands/pages/133491392735
updated /pages/golden-ticket (PUBLISHED) -> https://admin.shopify.com/store/instar-brands/pages/133638455519
live: slot 439912441, 805 holders, top #1: 5qx7yV4C… 23,986,255
updated /pages/crypto (PUBLISHED) -> https://admin.shopify.com/store/instar-brands/pages/133467701471
updated /pages/meme-futures (PUBLISHED) -> https://admin.shopify.com/store/instar-brands/pages/133467734239
updated /pages/acm-bid-board (PUBLISHED) -> https://admin.shopify.com/store/instar-brands/pages/133467865311
updated /pages/acm (PUBLISHED) -> https://admin.shopify.com/store/instar-brands/pages/125594271967
updated /pages/terminal (PUBLISHED) -> https://admin.shopify.com/store/instar-brands/pages/133470093535
updated /pages/orders (PUBLISHED) -> https://admin.shopify.com/store/instar-brands/pages/133491392735
updated /pages/golden-ticket (PUBLISHED) -> https://admin.shopify.com/store/instar-brands/pages/133638455519
live: slot 439913154, 805 holders, top #1: 5qx7yV4C… 23,986,255
updated /pages/crypto (PUBLISHED) -> https://admin.shopify.com/store/instar-brands/pages/133467701471
updated /pages/meme-futures (PUBLISHED) -> https://admin.shopify.com/store/instar-brands/pages/133467734239
updated /pages/acm-bid-board (PUBLISHED) -> https://admin.shopify.com/store/instar-brands/pages/133467865311
updated /pages/acm (PUBLISHED) -> https://admin.shopify.com/store/instar-brands/pages/125594271967
updated /pages/terminal (PUBLISHED) -> https://admin.shopify.com/store/instar-brands/pages/133470093535
updated /pages/orders (PUBLISHED) -> https://admin.shopify.com/store/instar-brands/pages/133491392735
updated /pages/golden-ticket (PUBLISHED) -> https://admin.shopify.com/store/instar-brands/pages/133638455519
live: slot 439913874, 805 holders, top #1: 5qx7yV4C… 23,986,255
updated /pages/crypto (PUBLISHED) -> https://admin.shopify.com/store/instar-brands/pages/133467701471
updated /pages/meme-futures (PUBLISHED) -> https://admin.shopify.com/store/instar-brands/pages/133467734239
updated /pages/acm-bid-board (PUBLISHED) -> https://admin.shopify.com/store/instar-brands/pages/133467865311
updated /pages/acm (PUBLISHED) -> https://admin.shopify.com/store/instar-brands/pages/125594271967
updated /pages/terminal (PUBLISHED) -> https://admin.shopify.com/store/instar-brands/pages/133470093535
updated /pages/orders (PUBLISHED) -> https://admin.shopify.com/store/instar-brands/pages/133491392735
updated /pages/golden-ticket (PUBLISHED) -> https://admin.shopify.com/store/instar-brands/pages/133638455519
live: slot 439914602, 805 holders, top #1: 5qx7yV4C… 23,986,255
updated /pages/crypto (PUBLISHED) -> https://admin.shopify.com/store/instar-brands/pages/133467701471
updated /pages/meme-futures (PUBLISHED) -> https://admin.shopify.com/store/instar-brands/pages/133467734239
updated /pages/acm-bid-board (PUBLISHED) -> https://admin.shopify.com/store/instar-brands/pages/133467865311
updated /pages/acm (PUBLISHED) -> https://admin.shopify.com/store/instar-brands/pages/125594271967
updated /pages/terminal (PUBLISHED) -> https://admin.shopify.com/store/instar-brands/pages/133470093535
updated /pages/orders (PUBLISHED) -> https://admin.shopify.com/store/instar-brands/pages/133491392735
updated /pages/golden-ticket (PUBLISHED) -> https://admin.shopify.com/store/instar-brands/pages/133638455519
live: slot 439915328, 805 holders, top #1: 5qx7yV4C… 23,986,255
updated /pages/crypto (PUBLISHED) -> https://admin.shopify.com/store/instar-brands/pages/133467701471
updated /pages/meme-futures (PUBLISHED) -> https://admin.shopify.com/store/instar-brands/pages/133467734239
updated /pages/acm-bid-board (PUBLISHED) -> https://admin.shopify.com/store/instar-brands/pages/133467865311
updated /pages/acm (PUBLISHED) -> https://admin.shopify.com/store/instar-brands/pages/125594271967
updated /pages/terminal (PUBLISHED) -> https://admin.shopify.com/store/instar-brands/pages/133470093535
updated /pages/orders (PUBLISHED) -> https://admin.shopify.com/store/instar-brands/pages/133491392735
updated /pages/golden-ticket (PUBLISHED) -> https://admin.shopify.com/store/instar-brands/pages/133638455519
live: slot 439916062, 805 holders, top #1: 5qx7yV4C… 23,986,255
updated /pages/crypto (PUBLISHED) -> https://admin.shopify.com/store/instar-brands/pages/133467701471
updated /pages/meme-futures (PUBLISHED) -> https://admin.shopify.com/store/instar-brands/pages/133467734239
updated /pages/acm-bid-board (PUBLISHED) -> https://admin.shopify.com/store/instar-brands/pages/133467865311
updated /pages/acm (PUBLISHED) -> https://admin.shopify.com/store/instar-brands/pages/125594271967
updated /pages/terminal (PUBLISHED) -> https://admin.shopify.com/store/instar-brands/pages/133470093535
updated /pages/orders (PUBLISHED) -> https://admin.shopify.com/store/instar-brands/pages/133491392735
updated /pages/golden-ticket (PUBLISHED) -> https://admin.shopify.com/store/instar-brands/pages/133638455519
live: slot 439916776, 805 holders, top #1: 5qx7yV4C… 23,986,255
updated /pages/crypto (PUBLISHED) -> https://admin.shopify.com/store/instar-brands/pages/133467701471
updated /pages/meme-futures (PUBLISHED) -> https://admin.shopify.com/store/instar-brands/pages/133467734239
updated /pages/acm-bid-board (PUBLISHED) -> https://admin.shopify.com/store/instar-brands/pages/133467865311
updated /pages/acm (PUBLISHED) -> https://admin.shopify.com/store/instar-brands/pages/125594271967
updated /pages/terminal (PUBLISHED) -> https://admin.shopify.com/store/instar-brands/pages/133470093535
updated /pages/orders (PUBLISHED) -> https://admin.shopify.com/store/instar-brands/pages/133491392735
updated /pages/golden-ticket (PUBLISHED) -> https://admin.shopify.com/store/instar-brands/pages/133638455519
live: slot 439917508, 805 holders, top #1: 5qx7yV4C… 23,986,255
updated /pages/crypto (PUBLISHED) -> https://admin.shopify.com/store/instar-brands/pages/133467701471
updated /pages/meme-futures (PUBLISHED) -> https://admin.shopify.com/store/instar-brands/pages/133467734239
updated /pages/acm-bid-board (PUBLISHED) -> https://admin.shopify.com/store/instar-brands/pages/133467865311
updated /pages/acm (PUBLISHED) -> https://admin.shopify.com/store/instar-brands/pages/125594271967
updated /pages/terminal (PUBLISHED) -> https://admin.shopify.com/store/instar-brands/pages/133470093535
updated /pages/orders (PUBLISHED) -> https://admin.shopify.com/store/instar-brands/pages/133491392735
updated /pages/golden-ticket (PUBLISHED) -> https://admin.shopify.com/store/instar-brands/pages/133638455519
live: slot 439917653, 805 holders, top #1: 5qx7yV4C… 23,986,255
updated /pages/crypto (PUBLISHED) -> https://admin.shopify.com/store/instar-brands/pages/133467701471
updated /pages/meme-futures (PUBLISHED) -> https://admin.shopify.com/store/instar-brands/pages/133467734239
updated /pages/acm-bid-board (PUBLISHED) -> https://admin.shopify.com/store/instar-brands/pages/133467865311
updated /pages/acm (PUBLISHED) -> https://admin.shopify.com/store/instar-brands/pages/125594271967
updated /pages/terminal (PUBLISHED) -> https://admin.shopify.com/store/instar-brands/pages/133470093535
updated /pages/orders (PUBLISHED) -> https://admin.shopify.com/store/instar-brands/pages/133491392735
updated /pages/golden-ticket (PUBLISHED) -> https://admin.shopify.com/store/instar-brands/pages/133638455519
live: slot 439917800, 805 holders, top #1: 5qx7yV4C… 23,986,255
updated /pages/crypto (PUBLISHED) -> https://admin.shopify.com/store/instar-brands/pages/133467701471
updated /pages/meme-futures (PUBLISHED) -> https://admin.shopify.com/store/instar-brands/pages/133467734239
updated /pages/acm-bid-board (PUBLISHED) -> https://admin.shopify.com/store/instar-brands/pages/133467865311
updated /pages/acm (PUBLISHED) -> https://admin.shopify.com/store/instar-brands/pages/125594271967
updated /pages/terminal (PUBLISHED) -> https://admin.shopify.com/store/instar-brands/pages/133470093535
updated /pages/orders (PUBLISHED) -> https://admin.shopify.com/store/instar-brands/pages/133491392735
updated /pages/golden-ticket (PUBLISHED) -> https://admin.shopify.com/store/instar-brands/pages/133638455519
live: slot 439917943, 805 holders, top #1: 5qx7yV4C… 23,986,255
updated /pages/crypto (PUBLISHED) -> https://admin.shopify.com/store/instar-brands/pages/133467701471
updated /pages/meme-futures (PUBLISHED) -> https://admin.shopify.com/store/instar-brands/pages/133467734239
updated /pages/acm-bid-board (PUBLISHED) -> https://admin.shopify.com/store/instar-brands/pages/133467865311
updated /pages/acm (PUBLISHED) -> https://admin.shopify.com/store/instar-brands/pages/125594271967
updated /pages/terminal (PUBLISHED) -> https://admin.shopify.com/store/instar-brands/pages/133470093535
updated /pages/orders (PUBLISHED) -> https://admin.shopify.com/store/instar-brands/pages/133491392735
updated /pages/golden-ticket (PUBLISHED) -> https://admin.shopify.com/store/instar-brands/pages/133638455519
live: slot 439918088, 805 holders, top #1: 5qx7yV4C… 23,986,255
updated /pages/crypto (PUBLISHED) -> https://admin.shopify.com/store/instar-brands/pages/133467701471
updated /pages/meme-futures (PUBLISHED) -> https://admin.shopify.com/store/instar-brands/pages/133467734239
updated /pages/acm-bid-board (PUBLISHED) -> https://admin.shopify.com/store/instar-brands/pages/133467865311
updated /pages/acm (PUBLISHED) -> https://admin.shopify.com/store/instar-brands/pages/125594271967
updated /pages/terminal (PUBLISHED) -> https://admin.shopify.com/store/instar-brands/pages/133470093535
updated /pages/orders (PUBLISHED) -> https://admin.shopify.com/store/instar-brands/pages/133491392735
updated /pages/golden-ticket (PUBLISHED) -> https://admin.shopify.com/store/instar-brands/pages/133638455519
live: slot 439918234, 805 holders, top #1: 5qx7yV4C… 23,986,255
updated /pages/crypto (PUBLISHED) -> https://admin.shopify.com/store/instar-brands/pages/133467701471
updated /pages/meme-futures (PUBLISHED) -> https://admin.shopify.com/store/instar-brands/pages/133467734239
updated /pages/acm-bid-board (PUBLISHED) -> https://admin.shopify.com/store/instar-brands/pages/133467865311
updated /pages/acm (PUBLISHED) -> https://admin.shopify.com/store/instar-brands/pages/125594271967
updated /pages/terminal (PUBLISHED) -> https://admin.shopify.com/store/instar-brands/pages/133470093535
updated /pages/orders (PUBLISHED) -> https://admin.shopify.com/store/instar-brands/pages/133491392735
updated /pages/golden-ticket (PUBLISHED) -> https://admin.shopify.com/store/instar-brands/pages/133638455519
live: slot 439918378, 805 holders, top #1: 5qx7yV4C… 23,986,255
updated /pages/crypto (PUBLISHED) -> https://admin.shopify.com/store/instar-brands/pages/133467701471
updated /pages/meme-futures (PUBLISHED) -> https://admin.shopify.com/store/instar-brands/pages/133467734239
updated /pages/acm-bid-board (PUBLISHED) -> https://admin.shopify.com/store/instar-brands/pages/133467865311
updated /pages/acm (PUBLISHED) -> https://admin.shopify.com/store/instar-brands/pages/125594271967
updated /pages/terminal (PUBLISHED) -> https://admin.shopify.com/store/instar-brands/pages/133470093535
updated /pages/orders (PUBLISHED) -> https://admin.shopify.com/store/instar-brands/pages/133491392735
updated /pages/golden-ticket (PUBLISHED) -> https://admin.shopify.com/store/instar-brands/pages/133638455519
live: slot 439918518, 805 holders, top #1: 5qx7yV4C… 23,986,255
updated /pages/crypto (PUBLISHED) -> https://admin.shopify.com/store/instar-brands/pages/133467701471
updated /pages/meme-futures (PUBLISHED) -> https://admin.shopify.com/store/instar-brands/pages/133467734239
updated /pages/acm-bid-board (PUBLISHED) -> https://admin.shopify.com/store/instar-brands/pages/133467865311
updated /pages/acm (PUBLISHED) -> https://admin.shopify.com/store/instar-brands/pages/125594271967
updated /pages/terminal (PUBLISHED) -> https://admin.shopify.com/store/instar-brands/pages/133470093535
updated /pages/orders (PUBLISHED) -> https://admin.shopify.com/store/instar-brands/pages/133491392735
updated /pages/golden-ticket (PUBLISHED) -> https://admin.shopify.com/store/instar-brands/pages/133638455519
live: slot 439918659, 805 holders, top #1: 5qx7yV4C… 23,986,255
updated /pages/crypto (PUBLISHED) -> https://admin.shopify.com/store/instar-brands/pages/133467701471
updated /pages/meme-futures (PUBLISHED) -> https://admin.shopify.com/store/instar-brands/pages/133467734239
updated /pages/acm-bid-board (PUBLISHED) -> https://admin.shopify.com/store/instar-brands/pages/133467865311
updated /pages/acm (PUBLISHED) -> https://admin.shopify.com/store/instar-brands/pages/125594271967
updated /pages/terminal (PUBLISHED) -> https://admin.shopify.com/store/instar-brands/pages/133470093535
updated /pages/orders (PUBLISHED) -> https://admin.shopify.com/store/instar-brands/pages/133491392735
updated /pages/golden-ticket (PUBLISHED) -> https://admin.shopify.com/store/instar-brands/pages/133638455519
live: slot 439918801, 805 holders, top #1: 5qx7yV4C… 23,986,255
updated /pages/crypto (PUBLISHED) -> https://admin.shopify.com/store/instar-brands/pages/133467701471
updated /pages/meme-futures (PUBLISHED) -> https://admin.shopify.com/store/instar-brands/pages/133467734239
updated /pages/acm-bid-board (PUBLISHED) -> https://admin.shopify.com/store/instar-brands/pages/133467865311
updated /pages/acm (PUBLISHED) -> https://admin.shopify.com/store/instar-brands/pages/125594271967
updated /pages/terminal (PUBLISHED) -> https://admin.shopify.com/store/instar-brands/pages/133470093535
updated /pages/orders (PUBLISHED) -> https://admin.shopify.com/store/instar-brands/pages/133491392735
updated /pages/golden-ticket (PUBLISHED) -> https://admin.shopify.com/store/instar-brands/pages/133638455519
live: slot 439918943, 805 holders, top #1: 5qx7yV4C… 23,986,255
updated /pages/crypto (PUBLISHED) -> https://admin.shopify.com/store/instar-brands/pages/133467701471
updated /pages/meme-futures (PUBLISHED) -> https://admin.shopify.com/store/instar-brands/pages/133467734239
updated /pages/acm-bid-board (PUBLISHED) -> https://admin.shopify.com/store/instar-brands/pages/133467865311
updated /pages/acm (PUBLISHED) -> https://admin.shopify.com/store/instar-brands/pages/125594271967
updated /pages/terminal (PUBLISHED) -> https://admin.shopify.com/store/instar-brands/pages/133470093535
updated /pages/orders (PUBLISHED) -> https://admin.shopify.com/store/instar-brands/pages/133491392735
updated /pages/golden-ticket (PUBLISHED) -> https://admin.shopify.com/store/instar-brands/pages/133638455519
live: slot 439919089, 805 holders, top #1: 5qx7yV4C… 23,986,255
updated /pages/crypto (PUBLISHED) -> https://admin.shopify.com/store/instar-brands/pages/133467701471
updated /pages/meme-futures (PUBLISHED) -> https://admin.shopify.com/store/instar-brands/pages/133467734239
updated /pages/acm-bid-board (PUBLISHED) -> https://admin.shopify.com/store/instar-brands/pages/133467865311
updated /pages/acm (PUBLISHED) -> https://admin.shopify.com/store/instar-brands/pages/125594271967
updated /pages/terminal (PUBLISHED) -> https://admin.shopify.com/store/instar-brands/pages/133470093535
updated /pages/orders (PUBLISHED) -> https://admin.shopify.com/store/instar-brands/pages/133491392735
updated /pages/golden-ticket (PUBLISHED) -> https://admin.shopify.com/store/instar-brands/pages/133638455519
live: slot 439919234, 805 holders, top #1: 5qx7yV4C… 23,986,255
updated /pages/crypto (PUBLISHED) -> https://admin.shopify.com/store/instar-brands/pages/133467701471
updated /pages/meme-futures (PUBLISHED) -> https://admin.shopify.com/store/instar-brands/pages/133467734239
updated /pages/acm-bid-board (PUBLISHED) -> https://admin.shopify.com/store/instar-brands/pages/133467865311
updated /pages/acm (PUBLISHED) -> https://admin.shopify.com/store/instar-brands/pages/125594271967
updated /pages/terminal (PUBLISHED) -> https://admin.shopify.com/store/instar-brands/pages/133470093535
updated /pages/orders (PUBLISHED) -> https://admin.shopify.com/store/instar-brands/pages/133491392735
updated /pages/golden-ticket (PUBLISHED) -> https://admin.shopify.com/store/instar-brands/pages/133638455519
live: slot 439919380, 805 holders, top #1: 5qx7yV4C… 23,986,255
updated /pages/crypto (PUBLISHED) -> https://admin.shopify.com/store/instar-brands/pages/133467701471
updated /pages/meme-futures (PUBLISHED) -> https://admin.shopify.com/store/instar-brands/pages/133467734239
updated /pages/acm-bid-board (PUBLISHED) -> https://admin.shopify.com/store/instar-brands/pages/133467865311
updated /pages/acm (PUBLISHED) -> https://admin.shopify.com/store/instar-brands/pages/125594271967
updated /pages/terminal (PUBLISHED) -> https://admin.shopify.com/store/instar-brands/pages/133470093535
updated /pages/orders (PUBLISHED) -> https://admin.shopify.com/store/instar-brands/pages/133491392735
updated /pages/golden-ticket (PUBLISHED) -> https://admin.shopify.com/store/instar-brands/pages/133638455519
live: slot 439919520, 805 holders, top #1: 5qx7yV4C… 23,986,255
updated /pages/crypto (PUBLISHED) -> https://admin.shopify.com/store/instar-brands/pages/133467701471
updated /pages/meme-futures (PUBLISHED) -> https://admin.shopify.com/store/instar-brands/pages/133467734239
updated /pages/acm-bid-board (PUBLISHED) -> https://admin.shopify.com/store/instar-brands/pages/133467865311
updated /pages/acm (PUBLISHED) -> https://admin.shopify.com/store/instar-brands/pages/125594271967
updated /pages/terminal (PUBLISHED) -> https://admin.shopify.com/store/instar-brands/pages/133470093535
updated /pages/orders (PUBLISHED) -> https://admin.shopify.com/store/instar-brands/pages/133491392735
updated /pages/golden-ticket (PUBLISHED) -> https://admin.shopify.com/store/instar-brands/pages/133638455519
live: slot 439919665, 805 holders, top #1: 5qx7yV4C… 23,986,255
updated /pages/crypto (PUBLISHED) -> https://admin.shopify.com/store/instar-brands/pages/133467701471
updated /pages/meme-futures (PUBLISHED) -> https://admin.shopify.com/store/instar-brands/pages/133467734239
updated /pages/acm-bid-board (PUBLISHED) -> https://admin.shopify.com/store/instar-brands/pages/133467865311
updated /pages/acm (PUBLISHED) -> https://admin.shopify.com/store/instar-brands/pages/125594271967
updated /pages/terminal (PUBLISHED) -> https://admin.shopify.com/store/instar-brands/pages/133470093535
updated /pages/orders (PUBLISHED) -> https://admin.shopify.com/store/instar-brands/pages/133491392735
updated /pages/golden-ticket (PUBLISHED) -> https://admin.shopify.com/store/instar-brands/pages/133638455519
live: slot 439919811, 805 holders, top #1: 5qx7yV4C… 23,986,255
updated /pages/crypto (PUBLISHED) -> https://admin.shopify.com/store/instar-brands/pages/133467701471
updated /pages/meme-futures (PUBLISHED) -> https://admin.shopify.com/store/instar-brands/pages/133467734239
updated /pages/acm-bid-board (PUBLISHED) -> https://admin.shopify.com/store/instar-brands/pages/133467865311
updated /pages/acm (PUBLISHED) -> https://admin.shopify.com/store/instar-brands/pages/125594271967
updated /pages/terminal (PUBLISHED) -> https://admin.shopify.com/store/instar-brands/pages/133470093535
updated /pages/orders (PUBLISHED) -> https://admin.shopify.com/store/instar-brands/pages/133491392735
updated /pages/golden-ticket (PUBLISHED) -> https://admin.shopify.com/store/instar-brands/pages/133638455519
live: slot 439919955, 805 holders, top #1: 5qx7yV4C… 23,986,255
updated /pages/crypto (PUBLISHED) -> https://admin.shopify.com/store/instar-brands/pages/133467701471
updated /pages/meme-futures (PUBLISHED) -> https://admin.shopify.com/store/instar-brands/pages/133467734239
updated /pages/acm-bid-board (PUBLISHED) -> https://admin.shopify.com/store/instar-brands/pages/133467865311
updated /pages/acm (PUBLISHED) -> https://admin.shopify.com/store/instar-brands/pages/125594271967
updated /pages/terminal (PUBLISHED) -> https://admin.shopify.com/store/instar-brands/pages/133470093535
updated /pages/orders (PUBLISHED) -> https://admin.shopify.com/store/instar-brands/pages/133491392735
updated /pages/golden-ticket (PUBLISHED) -> https://admin.shopify.com/store/instar-brands/pages/133638455519
live: slot 439920100, 805 holders, top #1: 5qx7yV4C… 23,986,255
updated /pages/crypto (PUBLISHED) -> https://admin.shopify.com/store/instar-brands/pages/133467701471
updated /pages/meme-futures (PUBLISHED) -> https://admin.shopify.com/store/instar-brands/pages/133467734239
updated /pages/acm-bid-board (PUBLISHED) -> https://admin.shopify.com/store/instar-brands/pages/133467865311
updated /pages/acm (PUBLISHED) -> https://admin.shopify.com/store/instar-brands/pages/125594271967
updated /pages/terminal (PUBLISHED) -> https://admin.shopify.com/store/instar-brands/pages/133470093535
updated /pages/orders (PUBLISHED) -> https://admin.shopify.com/store/instar-brands/pages/133491392735
updated /pages/golden-ticket (PUBLISHED) -> https://admin.shopify.com/store/instar-brands/pages/133638455519
live: slot 439920248, 805 holders, top #1: 5qx7yV4C… 23,986,255
updated /pages/crypto (PUBLISHED) -> https://admin.shopify.com/store/instar-brands/pages/133467701471
updated /pages/meme-futures (PUBLISHED) -> https://admin.shopify.com/store/instar-brands/pages/133467734239
updated /pages/acm-bid-board (PUBLISHED) -> https://admin.shopify.com/store/instar-brands/pages/133467865311
updated /pages/acm (PUBLISHED) -> https://admin.shopify.com/store/instar-brands/pages/125594271967
updated /pages/terminal (PUBLISHED) -> https://admin.shopify.com/store/instar-brands/pages/133470093535
updated /pages/orders (PUBLISHED) -> https://admin.shopify.com/store/instar-brands/pages/133491392735
updated /pages/golden-ticket (PUBLISHED) -> https://admin.shopify.com/store/instar-brands/pages/133638455519
live: slot 439920389, 805 holders, top #1: 5qx7yV4C… 23,986,255
updated /pages/crypto (PUBLISHED) -> https://admin.shopify.com/store/instar-brands/pages/133467701471
updated /pages/meme-futures (PUBLISHED) -> https://admin.shopify.com/store/instar-brands/pages/133467734239
updated /pages/acm-bid-board (PUBLISHED) -> https://admin.shopify.com/store/instar-brands/pages/133467865311
updated /pages/acm (PUBLISHED) -> https://admin.shopify.com/store/instar-brands/pages/125594271967
updated /pages/terminal (PUBLISHED) -> https://admin.shopify.com/store/instar-brands/pages/133470093535
updated /pages/orders (PUBLISHED) -> https://admin.shopify.com/store/instar-brands/pages/133491392735
updated /pages/golden-ticket (PUBLISHED) -> https://admin.shopify.com/store/instar-brands/pages/133638455519
live: slot 439920535, 805 holders, top #1: 5qx7yV4C… 23,986,255
updated /pages/crypto (PUBLISHED) -> https://admin.shopify.com/store/instar-brands/pages/133467701471
updated /pages/meme-futures (PUBLISHED) -> https://admin.shopify.com/store/instar-brands/pages/133467734239
updated /pages/acm-bid-board (PUBLISHED) -> https://admin.shopify.com/store/instar-brands/pages/133467865311
updated /pages/acm (PUBLISHED) -> https://admin.shopify.com/store/instar-brands/pages/125594271967
updated /pages/terminal (PUBLISHED) -> https://admin.shopify.com/store/instar-brands/pages/133470093535
updated /pages/orders (PUBLISHED) -> https://admin.shopify.com/store/instar-brands/pages/133491392735
updated /pages/golden-ticket (PUBLISHED) -> https://admin.shopify.com/store/instar-brands/pages/133638455519
live: slot 439920679, 805 holders, top #1: 5qx7yV4C… 23,986,255
updated /pages/crypto (PUBLISHED) -> https://admin.shopify.com/store/instar-brands/pages/133467701471
updated /pages/meme-futures (PUBLISHED) -> https://admin.shopify.com/store/instar-brands/pages/133467734239
updated /pages/acm-bid-board (PUBLISHED) -> https://admin.shopify.com/store/instar-brands/pages/133467865311
updated /pages/acm (PUBLISHED) -> https://admin.shopify.com/store/instar-brands/pages/125594271967
updated /pages/terminal (PUBLISHED) -> https://admin.shopify.com/store/instar-brands/pages/133470093535
updated /pages/orders (PUBLISHED) -> https://admin.shopify.com/store/instar-brands/pages/133491392735
updated /pages/golden-ticket (PUBLISHED) -> https://admin.shopify.com/store/instar-brands/pages/133638455519
live: slot 439920824, 805 holders, top #1: 5qx7yV4C… 23,986,255
updated /pages/crypto (PUBLISHED) -> https://admin.shopify.com/store/instar-brands/pages/133467701471
updated /pages/meme-futures (PUBLISHED) -> https://admin.shopify.com/store/instar-brands/pages/133467734239
updated /pages/acm-bid-board (PUBLISHED) -> https://admin.shopify.com/store/instar-brands/pages/133467865311
updated /pages/acm (PUBLISHED) -> https://admin.shopify.com/store/instar-brands/pages/125594271967
updated /pages/terminal (PUBLISHED) -> https://admin.shopify.com/store/instar-brands/pages/133470093535
updated /pages/orders (PUBLISHED) -> https://admin.shopify.com/store/instar-brands/pages/133491392735
updated /pages/golden-ticket (PUBLISHED) -> https://admin.shopify.com/store/instar-brands/pages/133638455519
live: slot 439920972, 805 holders, top #1: 5qx7yV4C… 23,986,255
updated /pages/crypto (PUBLISHED) -> https://admin.shopify.com/store/instar-brands/pages/133467701471
updated /pages/meme-futures (PUBLISHED) -> https://admin.shopify.com/store/instar-brands/pages/133467734239
updated /pages/acm-bid-board (PUBLISHED) -> https://admin.shopify.com/store/instar-brands/pages/133467865311
updated /pages/acm (PUBLISHED) -> https://admin.shopify.com/store/instar-brands/pages/125594271967
updated /pages/terminal (PUBLISHED) -> https://admin.shopify.com/store/instar-brands/pages/133470093535
updated /pages/orders (PUBLISHED) -> https://admin.shopify.com/store/instar-brands/pages/133491392735
updated /pages/golden-ticket (PUBLISHED) -> https://admin.shopify.com/store/instar-brands/pages/133638455519
live: slot 439921116, 805 holders, top #1: 5qx7yV4C… 23,986,255
updated /pages/crypto (PUBLISHED) -> https://admin.shopify.com/store/instar-brands/pages/133467701471
updated /pages/meme-futures (PUBLISHED) -> https://admin.shopify.com/store/instar-brands/pages/133467734239
updated /pages/acm-bid-board (PUBLISHED) -> https://admin.shopify.com/store/instar-brands/pages/133467865311
updated /pages/acm (PUBLISHED) -> https://admin.shopify.com/store/instar-brands/pages/125594271967
updated /pages/terminal (PUBLISHED) -> https://admin.shopify.com/store/instar-brands/pages/133470093535
updated /pages/orders (PUBLISHED) -> https://admin.shopify.com/store/instar-brands/pages/133491392735
updated /pages/golden-ticket (PUBLISHED) -> https://admin.shopify.com/store/instar-brands/pages/133638455519
live: slot 439921262, 805 holders, top #1: 5qx7yV4C… 23,986,255
updated /pages/crypto (PUBLISHED) -> https://admin.shopify.com/store/instar-brands/pages/133467701471
updated /pages/meme-futures (PUBLISHED) -> https://admin.shopify.com/store/instar-brands/pages/133467734239
updated /pages/acm-bid-board (PUBLISHED) -> https://admin.shopify.com/store/instar-brands/pages/133467865311
updated /pages/acm (PUBLISHED) -> https://admin.shopify.com/store/instar-brands/pages/125594271967
updated /pages/terminal (PUBLISHED) -> https://admin.shopify.com/store/instar-brands/pages/133470093535
updated /pages/orders (PUBLISHED) -> https://admin.shopify.com/store/instar-brands/pages/133491392735
updated /pages/golden-ticket (PUBLISHED) -> https://admin.shopify.com/store/instar-brands/pages/133638455519
live: slot 439921406, 805 holders, top #1: 5qx7yV4C… 23,986,255
updated /pages/crypto (PUBLISHED) -> https://admin.shopify.com/store/instar-brands/pages/133467701471
updated /pages/meme-futures (PUBLISHED) -> https://admin.shopify.com/store/instar-brands/pages/133467734239
updated /pages/acm-bid-board (PUBLISHED) -> https://admin.shopify.com/store/instar-brands/pages/133467865311
updated /pages/acm (PUBLISHED) -> https://admin.shopify.com/store/instar-brands/pages/125594271967
updated /pages/terminal (PUBLISHED) -> https://admin.shopify.com/store/instar-brands/pages/133470093535
updated /pages/orders (PUBLISHED) -> https://admin.shopify.com/store/instar-brands/pages/133491392735
updated /pages/golden-ticket (PUBLISHED) -> https://admin.shopify.com/store/instar-brands/pages/133638455519
live: slot 439921553, 805 holders, top #1: 5qx7yV4C… 23,986,255
updated /pages/crypto (PUBLISHED) -> https://admin.shopify.com/store/instar-brands/pages/133467701471
updated /pages/meme-futures (PUBLISHED) -> https://admin.shopify.com/store/instar-brands/pages/133467734239
updated /pages/acm-bid-board (PUBLISHED) -> https://admin.shopify.com/store/instar-brands/pages/133467865311
updated /pages/acm (PUBLISHED) -> https://admin.shopify.com/store/instar-brands/pages/125594271967
updated /pages/terminal (PUBLISHED) -> https://admin.shopify.com/store/instar-brands/pages/133470093535
updated /pages/orders (PUBLISHED) -> https://admin.shopify.com/store/instar-brands/pages/133491392735
updated /pages/golden-ticket (PUBLISHED) -> https://admin.shopify.com/store/instar-brands/pages/133638455519
live: slot 439921697, 805 holders, top #1: 5qx7yV4C… 23,986,255
updated /pages/crypto (PUBLISHED) -> https://admin.shopify.com/store/instar-brands/pages/133467701471
updated /pages/meme-futures (PUBLISHED) -> https://admin.shopify.com/store/instar-brands/pages/133467734239
updated /pages/acm-bid-board (PUBLISHED) -> https://admin.shopify.com/store/instar-brands/pages/133467865311
updated /pages/acm (PUBLISHED) -> https://admin.shopify.com/store/instar-brands/pages/125594271967
updated /pages/terminal (PUBLISHED) -> https://admin.shopify.com/store/instar-brands/pages/133470093535
updated /pages/orders (PUBLISHED) -> https://admin.shopify.com/store/instar-brands/pages/133491392735
updated /pages/golden-ticket (PUBLISHED) -> https://admin.shopify.com/store/instar-brands/pages/133638455519
live: slot 439921840, 805 holders, top #1: 5qx7yV4C… 23,986,255
updated /pages/crypto (PUBLISHED) -> https://admin.shopify.com/store/instar-brands/pages/133467701471
updated /pages/meme-futures (PUBLISHED) -> https://admin.shopify.com/store/instar-brands/pages/133467734239
updated /pages/acm-bid-board (PUBLISHED) -> https://admin.shopify.com/store/instar-brands/pages/133467865311
updated /pages/acm (PUBLISHED) -> https://admin.shopify.com/store/instar-brands/pages/125594271967
updated /pages/terminal (PUBLISHED) -> https://admin.shopify.com/store/instar-brands/pages/133470093535
updated /pages/orders (PUBLISHED) -> https://admin.shopify.com/store/instar-brands/pages/133491392735
updated /pages/golden-ticket (PUBLISHED) -> https://admin.shopify.com/store/instar-brands/pages/133638455519
live: slot 439921989, 805 holders, top #1: 5qx7yV4C… 23,986,255
updated /pages/crypto (PUBLISHED) -> https://admin.shopify.com/store/instar-brands/pages/133467701471
updated /pages/meme-futures (PUBLISHED) -> https://admin.shopify.com/store/instar-brands/pages/133467734239
updated /pages/acm-bid-board (PUBLISHED) -> https://admin.shopify.com/store/instar-brands/pages/133467865311
updated /pages/acm (PUBLISHED) -> https://admin.shopify.com/store/instar-brands/pages/125594271967
updated /pages/terminal (PUBLISHED) -> https://admin.shopify.com/store/instar-brands/pages/133470093535
updated /pages/orders (PUBLISHED) -> https://admin.shopify.com/store/instar-brands/pages/133491392735
updated /pages/golden-ticket (PUBLISHED) -> https://admin.shopify.com/store/instar-brands/pages/133638455519
live: slot 439922134, 805 holders, top #1: 5qx7yV4C… 23,986,255
updated /pages/crypto (PUBLISHED) -> https://admin.shopify.com/store/instar-brands/pages/133467701471
updated /pages/meme-futures (PUBLISHED) -> https://admin.shopify.com/store/instar-brands/pages/133467734239
updated /pages/acm-bid-board (PUBLISHED) -> https://admin.shopify.com/store/instar-brands/pages/133467865311
updated /pages/acm (PUBLISHED) -> https://admin.shopify.com/store/instar-brands/pages/125594271967
updated /pages/terminal (PUBLISHED) -> https://admin.shopify.com/store/instar-brands/pages/133470093535
updated /pages/orders (PUBLISHED) -> https://admin.shopify.com/store/instar-brands/pages/133491392735
updated /pages/golden-ticket (PUBLISHED) -> https://admin.shopify.com/store/instar-brands/pages/133638455519
live: slot 439922277, 805 holders, top #1: 5qx7yV4C… 23,986,255
updated /pages/crypto (PUBLISHED) -> https://admin.shopify.com/store/instar-brands/pages/133467701471
updated /pages/meme-futures (PUBLISHED) -> https://admin.shopify.com/store/instar-brands/pages/133467734239
updated /pages/acm-bid-board (PUBLISHED) -> https://admin.shopify.com/store/instar-brands/pages/133467865311
updated /pages/acm (PUBLISHED) -> https://admin.shopify.com/store/instar-brands/pages/125594271967
updated /pages/terminal (PUBLISHED) -> https://admin.shopify.com/store/instar-brands/pages/133470093535
updated /pages/orders (PUBLISHED) -> https://admin.shopify.com/store/instar-brands/pages/133491392735
updated /pages/golden-ticket (PUBLISHED) -> https://admin.shopify.com/store/instar-brands/pages/133638455519
live: slot 439922423, 805 holders, top #1: 5qx7yV4C… 23,986,255
updated /pages/crypto (PUBLISHED) -> https://admin.shopify.com/store/instar-brands/pages/133467701471
updated /pages/meme-futures (PUBLISHED) -> https://admin.shopify.com/store/instar-brands/pages/133467734239
updated /pages/acm-bid-board (PUBLISHED) -> https://admin.shopify.com/store/instar-brands/pages/133467865311
updated /pages/acm (PUBLISHED) -> https://admin.shopify.com/store/instar-brands/pages/125594271967
updated /pages/terminal (PUBLISHED) -> https://admin.shopify.com/store/instar-brands/pages/133470093535
updated /pages/orders (PUBLISHED) -> https://admin.shopify.com/store/instar-brands/pages/133491392735
updated /pages/golden-ticket (PUBLISHED) -> https://admin.shopify.com/store/instar-brands/pages/133638455519
live: slot 439922566, 805 holders, top #1: 5qx7yV4C… 23,986,255
updated /pages/crypto (PUBLISHED) -> https://admin.shopify.com/store/instar-brands/pages/133467701471
updated /pages/meme-futures (PUBLISHED) -> https://admin.shopify.com/store/instar-brands/pages/133467734239
updated /pages/acm-bid-board (PUBLISHED) -> https://admin.shopify.com/store/instar-brands/pages/133467865311
updated /pages/acm (PUBLISHED) -> https://admin.shopify.com/store/instar-brands/pages/125594271967
updated /pages/terminal (PUBLISHED) -> https://admin.shopify.com/store/instar-brands/pages/133470093535
updated /pages/orders (PUBLISHED) -> https://admin.shopify.com/store/instar-brands/pages/133491392735
updated /pages/golden-ticket (PUBLISHED) -> https://admin.shopify.com/store/instar-brands/pages/133638455519
live: slot 439922716, 805 holders, top #1: 5qx7yV4C… 23,986,255
updated /pages/crypto (PUBLISHED) -> https://admin.shopify.com/store/instar-brands/pages/133467701471
updated /pages/meme-futures (PUBLISHED) -> https://admin.shopify.com/store/instar-brands/pages/133467734239
updated /pages/acm-bid-board (PUBLISHED) -> https://admin.shopify.com/store/instar-brands/pages/133467865311
updated /pages/acm (PUBLISHED) -> https://admin.shopify.com/store/instar-brands/pages/125594271967
updated /pages/terminal (PUBLISHED) -> https://admin.shopify.com/store/instar-brands/pages/133470093535
updated /pages/orders (PUBLISHED) -> https://admin.shopify.com/store/instar-brands/pages/133491392735
updated /pages/golden-ticket (PUBLISHED) -> https://admin.shopify.com/store/instar-brands/pages/133638455519
live: slot 439922859, 805 holders, top #1: 5qx7yV4C… 23,986,255
updated /pages/crypto (PUBLISHED) -> https://admin.shopify.com/store/instar-brands/pages/133467701471
updated /pages/meme-futures (PUBLISHED) -> https://admin.shopify.com/store/instar-brands/pages/133467734239
updated /pages/acm-bid-board (PUBLISHED) -> https://admin.shopify.com/store/instar-brands/pages/133467865311
updated /pages/acm (PUBLISHED) -> https://admin.shopify.com/store/instar-brands/pages/125594271967
updated /pages/terminal (PUBLISHED) -> https://admin.shopify.com/store/instar-brands/pages/133470093535
updated /pages/orders (PUBLISHED) -> https://admin.shopify.com/store/instar-brands/pages/133491392735
updated /pages/golden-ticket (PUBLISHED) -> https://admin.shopify.com/store/instar-brands/pages/133638455519
live: slot 439923000, 805 holders, top #1: 5qx7yV4C… 23,986,255
updated /pages/crypto (PUBLISHED) -> https://admin.shopify.com/store/instar-brands/pages/133467701471
updated /pages/meme-futures (PUBLISHED) -> https://admin.shopify.com/store/instar-brands/pages/133467734239
updated /pages/acm-bid-board (PUBLISHED) -> https://admin.shopify.com/store/instar-brands/pages/133467865311
updated /pages/acm (PUBLISHED) -> https://admin.shopify.com/store/instar-brands/pages/125594271967
updated /pages/terminal (PUBLISHED) -> https://admin.shopify.com/store/instar-brands/pages/133470093535
updated /pages/orders (PUBLISHED) -> https://admin.shopify.com/store/instar-brands/pages/133491392735
updated /pages/golden-ticket (PUBLISHED) -> https://admin.shopify.com/store/instar-brands/pages/133638455519
live: slot 439923142, 805 holders, top #1: 5qx7yV4C… 23,986,255
updated /pages/crypto (PUBLISHED) -> https://admin.shopify.com/store/instar-brands/pages/133467701471
updated /pages/meme-futures (PUBLISHED) -> https://admin.shopify.com/store/instar-brands/pages/133467734239
updated /pages/acm-bid-board (PUBLISHED) -> https://admin.shopify.com/store/instar-brands/pages/133467865311
updated /pages/acm (PUBLISHED) -> https://admin.shopify.com/store/instar-brands/pages/125594271967
updated /pages/terminal (PUBLISHED) -> https://admin.shopify.com/store/instar-brands/pages/133470093535
updated /pages/orders (PUBLISHED) -> https://admin.shopify.com/store/instar-brands/pages/133491392735
updated /pages/golden-ticket (PUBLISHED) -> https://admin.shopify.com/store/instar-brands/pages/133638455519
live: slot 439923287, 805 holders, top #1: 5qx7yV4C… 23,986,255
updated /pages/crypto (PUBLISHED) -> https://admin.shopify.com/store/instar-brands/pages/133467701471
updated /pages/meme-futures (PUBLISHED) -> https://admin.shopify.com/store/instar-brands/pages/133467734239
updated /pages/acm-bid-board (PUBLISHED) -> https://admin.shopify.com/store/instar-brands/pages/133467865311
updated /pages/acm (PUBLISHED) -> https://admin.shopify.com/store/instar-brands/pages/125594271967
updated /pages/terminal (PUBLISHED) -> https://admin.shopify.com/store/instar-brands/pages/133470093535
updated /pages/orders (PUBLISHED) -> https://admin.shopify.com/store/instar-brands/pages/133491392735
updated /pages/golden-ticket (PUBLISHED) -> https://admin.shopify.com/store/instar-brands/pages/133638455519
live: slot 439923433, 805 holders, top #1: 5qx7yV4C… 23,986,255
updated /pages/crypto (PUBLISHED) -> https://admin.shopify.com/store/instar-brands/pages/133467701471
updated /pages/meme-futures (PUBLISHED) -> https://admin.shopify.com/store/instar-brands/pages/133467734239
updated /pages/acm-bid-board (PUBLISHED) -> https://admin.shopify.com/store/instar-brands/pages/133467865311
updated /pages/acm (PUBLISHED) -> https://admin.shopify.com/store/instar-brands/pages/125594271967
updated /pages/terminal (PUBLISHED) -> https://admin.shopify.com/store/instar-brands/pages/133470093535
updated /pages/orders (PUBLISHED) -> https://admin.shopify.com/store/instar-brands/pages/133491392735
updated /pages/golden-ticket (PUBLISHED) -> https://admin.shopify.com/store/instar-brands/pages/133638455519
live: slot 439923577, 805 holders, top #1: 5qx7yV4C… 23,986,255
updated /pages/crypto (PUBLISHED) -> https://admin.shopify.com/store/instar-brands/pages/133467701471
updated /pages/meme-futures (PUBLISHED) -> https://admin.shopify.com/store/instar-brands/pages/133467734239
updated /pages/acm-bid-board (PUBLISHED) -> https://admin.shopify.com/store/instar-brands/pages/133467865311
updated /pages/acm (PUBLISHED) -> https://admin.shopify.com/store/instar-brands/pages/125594271967
updated /pages/terminal (PUBLISHED) -> https://admin.shopify.com/store/instar-brands/pages/133470093535
updated /pages/orders (PUBLISHED) -> https://admin.shopify.com/store/instar-brands/pages/133491392735
updated /pages/golden-ticket (PUBLISHED) -> https://admin.shopify.com/store/instar-brands/pages/133638455519
live: slot 439923725, 805 holders, top #1: 5qx7yV4C… 23,986,255
updated /pages/crypto (PUBLISHED) -> https://admin.shopify.com/store/instar-brands/pages/133467701471
updated /pages/meme-futures (PUBLISHED) -> https://admin.shopify.com/store/instar-brands/pages/133467734239
updated /pages/acm-bid-board (PUBLISHED) -> https://admin.shopify.com/store/instar-brands/pages/133467865311
updated /pages/acm (PUBLISHED) -> https://admin.shopify.com/store/instar-brands/pages/125594271967
updated /pages/terminal (PUBLISHED) -> https://admin.shopify.com/store/instar-brands/pages/133470093535
updated /pages/orders (PUBLISHED) -> https://admin.shopify.com/store/instar-brands/pages/133491392735
updated /pages/golden-ticket (PUBLISHED) -> https://admin.shopify.com/store/instar-brands/pages/133638455519
live: slot 439923869, 805 holders, top #1: 5qx7yV4C… 23,986,255
updated /pages/crypto (PUBLISHED) -> https://admin.shopify.com/store/instar-brands/pages/133467701471
updated /pages/meme-futures (PUBLISHED) -> https://admin.shopify.com/store/instar-brands/pages/133467734239
updated /pages/acm-bid-board (PUBLISHED) -> https://admin.shopify.com/store/instar-brands/pages/133467865311
updated /pages/acm (PUBLISHED) -> https://admin.shopify.com/store/instar-brands/pages/125594271967
updated /pages/terminal (PUBLISHED) -> https://admin.shopify.com/store/instar-brands/pages/133470093535
updated /pages/orders (PUBLISHED) -> https://admin.shopify.com/store/instar-brands/pages/133491392735
updated /pages/golden-ticket (PUBLISHED) -> https://admin.shopify.com/store/instar-brands/pages/133638455519
live: slot 439924013, 805 holders, top #1: 5qx7yV4C… 23,986,255
updated /pages/crypto (PUBLISHED) -> https://admin.shopify.com/store/instar-brands/pages/133467701471
updated /pages/meme-futures (PUBLISHED) -> https://admin.shopify.com/store/instar-brands/pages/133467734239
updated /pages/acm-bid-board (PUBLISHED) -> https://admin.shopify.com/store/instar-brands/pages/133467865311
updated /pages/acm (PUBLISHED) -> https://admin.shopify.com/store/instar-brands/pages/125594271967
updated /pages/terminal (PUBLISHED) -> https://admin.shopify.com/store/instar-brands/pages/133470093535
updated /pages/orders (PUBLISHED) -> https://admin.shopify.com/store/instar-brands/pages/133491392735
updated /pages/golden-ticket (PUBLISHED) -> https://admin.shopify.com/store/instar-brands/pages/133638455519
live: slot 439924150, 805 holders, top #1: 5qx7yV4C… 23,986,255
updated /pages/crypto (PUBLISHED) -> https://admin.shopify.com/store/instar-brands/pages/133467701471
updated /pages/meme-futures (PUBLISHED) -> https://admin.shopify.com/store/instar-brands/pages/133467734239
updated /pages/acm-bid-board (PUBLISHED) -> https://admin.shopify.com/store/instar-brands/pages/133467865311
updated /pages/acm (PUBLISHED) -> https://admin.shopify.com/store/instar-brands/pages/125594271967
updated /pages/terminal (PUBLISHED) -> https://admin.shopify.com/store/instar-brands/pages/133470093535
updated /pages/orders (PUBLISHED) -> https://admin.shopify.com/store/instar-brands/pages/133491392735
updated /pages/golden-ticket (PUBLISHED) -> https://admin.shopify.com/store/instar-brands/pages/133638455519
live: slot 439924295, 805 holders, top #1: 5qx7yV4C… 23,986,255
updated /pages/crypto (PUBLISHED) -> https://admin.shopify.com/store/instar-brands/pages/133467701471
updated /pages/meme-futures (PUBLISHED) -> https://admin.shopify.com/store/instar-brands/pages/133467734239
updated /pages/acm-bid-board (PUBLISHED) -> https://admin.shopify.com/store/instar-brands/pages/133467865311
updated /pages/acm (PUBLISHED) -> https://admin.shopify.com/store/instar-brands/pages/125594271967
updated /pages/terminal (PUBLISHED) -> https://admin.shopify.com/store/instar-brands/pages/133470093535
updated /pages/orders (PUBLISHED) -> https://admin.shopify.com/store/instar-brands/pages/133491392735
updated /pages/golden-ticket (PUBLISHED) -> https://admin.shopify.com/store/instar-brands/pages/133638455519
live: slot 439924440, 805 holders, top #1: 5qx7yV4C… 23,986,255
updated /pages/crypto (PUBLISHED) -> https://admin.shopify.com/store/instar-brands/pages/133467701471
updated /pages/meme-futures (PUBLISHED) -> https://admin.shopify.com/store/instar-brands/pages/133467734239
updated /pages/acm-bid-board (PUBLISHED) -> https://admin.shopify.com/store/instar-brands/pages/133467865311
updated /pages/acm (PUBLISHED) -> https://admin.shopify.com/store/instar-brands/pages/125594271967
updated /pages/terminal (PUBLISHED) -> https://admin.shopify.com/store/instar-brands/pages/133470093535
updated /pages/orders (PUBLISHED) -> https://admin.shopify.com/store/instar-brands/pages/133491392735
updated /pages/golden-ticket (PUBLISHED) -> https://admin.shopify.com/store/instar-brands/pages/133638455519
live: slot 439924586, 805 holders, top #1: 5qx7yV4C… 23,986,255
updated /pages/crypto (PUBLISHED) -> https://admin.shopify.com/store/instar-brands/pages/133467701471
updated /pages/meme-futures (PUBLISHED) -> https://admin.shopify.com/store/instar-brands/pages/133467734239
updated /pages/acm-bid-board (PUBLISHED) -> https://admin.shopify.com/store/instar-brands/pages/133467865311
updated /pages/acm (PUBLISHED) -> https://admin.shopify.com/store/instar-brands/pages/125594271967
updated /pages/terminal (PUBLISHED) -> https://admin.shopify.com/store/instar-brands/pages/133470093535
updated /pages/orders (PUBLISHED) -> https://admin.shopify.com/store/instar-brands/pages/133491392735
updated /pages/golden-ticket (PUBLISHED) -> https://admin.shopify.com/store/instar-brands/pages/133638455519
live: slot 439924732, 805 holders, top #1: 5qx7yV4C… 23,986,255
updated /pages/crypto (PUBLISHED) -> https://admin.shopify.com/store/instar-brands/pages/133467701471
updated /pages/meme-futures (PUBLISHED) -> https://admin.shopify.com/store/instar-brands/pages/133467734239
updated /pages/acm-bid-board (PUBLISHED) -> https://admin.shopify.com/store/instar-brands/pages/133467865311
updated /pages/acm (PUBLISHED) -> https://admin.shopify.com/store/instar-brands/pages/125594271967
updated /pages/terminal (PUBLISHED) -> https://admin.shopify.com/store/instar-brands/pages/133470093535
updated /pages/orders (PUBLISHED) -> https://admin.shopify.com/store/instar-brands/pages/133491392735
updated /pages/golden-ticket (PUBLISHED) -> https://admin.shopify.com/store/instar-brands/pages/133638455519
live: slot 439924881, 805 holders, top #1: 5qx7yV4C… 23,986,255
updated /pages/crypto (PUBLISHED) -> https://admin.shopify.com/store/instar-brands/pages/133467701471
updated /pages/meme-futures (PUBLISHED) -> https://admin.shopify.com/store/instar-brands/pages/133467734239
updated /pages/acm-bid-board (PUBLISHED) -> https://admin.shopify.com/store/instar-brands/pages/133467865311
updated /pages/acm (PUBLISHED) -> https://admin.shopify.com/store/instar-brands/pages/125594271967
updated /pages/terminal (PUBLISHED) -> https://admin.shopify.com/store/instar-brands/pages/133470093535
updated /pages/orders (PUBLISHED) -> https://admin.shopify.com/store/instar-brands/pages/133491392735
updated /pages/golden-ticket (PUBLISHED) -> https://admin.shopify.com/store/instar-brands/pages/133638455519
live: slot 439925023, 805 holders, top #1: 5qx7yV4C… 23,986,255
updated /pages/crypto (PUBLISHED) -> https://admin.shopify.com/store/instar-brands/pages/133467701471
updated /pages/meme-futures (PUBLISHED) -> https://admin.shopify.com/store/instar-brands/pages/133467734239
updated /pages/acm-bid-board (PUBLISHED) -> https://admin.shopify.com/store/instar-brands/pages/133467865311
updated /pages/acm (PUBLISHED) -> https://admin.shopify.com/store/instar-brands/pages/125594271967
updated /pages/terminal (PUBLISHED) -> https://admin.shopify.com/store/instar-brands/pages/133470093535
updated /pages/orders (PUBLISHED) -> https://admin.shopify.com/store/instar-brands/pages/133491392735
updated /pages/golden-ticket (PUBLISHED) -> https://admin.shopify.com/store/instar-brands/pages/133638455519
live: slot 439925165, 805 holders, top #1: 5qx7yV4C… 23,986,255
updated /pages/crypto (PUBLISHED) -> https://admin.shopify.com/store/instar-brands/pages/133467701471
updated /pages/meme-futures (PUBLISHED) -> https://admin.shopify.com/store/instar-brands/pages/133467734239
updated /pages/acm-bid-board (PUBLISHED) -> https://admin.shopify.com/store/instar-brands/pages/133467865311
updated /pages/acm (PUBLISHED) -> https://admin.shopify.com/store/instar-brands/pages/125594271967
updated /pages/terminal (PUBLISHED) -> https://admin.shopify.com/store/instar-brands/pages/133470093535
updated /pages/orders (PUBLISHED) -> https://admin.shopify.com/store/instar-brands/pages/133491392735
updated /pages/golden-ticket (PUBLISHED) -> https://admin.shopify.com/store/instar-brands/pages/133638455519
live: slot 439925309, 805 holders, top #1: 5qx7yV4C… 23,986,255
updated /pages/crypto (PUBLISHED) -> https://admin.shopify.com/store/instar-brands/pages/133467701471
updated /pages/meme-futures (PUBLISHED) -> https://admin.shopify.com/store/instar-brands/pages/133467734239
updated /pages/acm-bid-board (PUBLISHED) -> https://admin.shopify.com/store/instar-brands/pages/133467865311
updated /pages/acm (PUBLISHED) -> https://admin.shopify.com/store/instar-brands/pages/125594271967
updated /pages/terminal (PUBLISHED) -> https://admin.shopify.com/store/instar-brands/pages/133470093535
updated /pages/orders (PUBLISHED) -> https://admin.shopify.com/store/instar-brands/pages/133491392735
updated /pages/golden-ticket (PUBLISHED) -> https://admin.shopify.com/store/instar-brands/pages/133638455519
live: slot 439925454, 805 holders, top #1: 5qx7yV4C… 23,986,255
updated /pages/crypto (PUBLISHED) -> https://admin.shopify.com/store/instar-brands/pages/133467701471
updated /pages/meme-futures (PUBLISHED) -> https://admin.shopify.com/store/instar-brands/pages/133467734239
updated /pages/acm-bid-board (PUBLISHED) -> https://admin.shopify.com/store/instar-brands/pages/133467865311
updated /pages/acm (PUBLISHED) -> https://admin.shopify.com/store/instar-brands/pages/125594271967
updated /pages/terminal (PUBLISHED) -> https://admin.shopify.com/store/instar-brands/pages/133470093535
updated /pages/orders (PUBLISHED) -> https://admin.shopify.com/store/instar-brands/pages/133491392735
updated /pages/golden-ticket (PUBLISHED) -> https://admin.shopify.com/store/instar-brands/pages/133638455519
live: slot 439925599, 805 holders, top #1: 5qx7yV4C… 23,986,255
updated /pages/crypto (PUBLISHED) -> https://admin.shopify.com/store/instar-brands/pages/133467701471
updated /pages/meme-futures (PUBLISHED) -> https://admin.shopify.com/store/instar-brands/pages/133467734239
updated /pages/acm-bid-board (PUBLISHED) -> https://admin.shopify.com/store/instar-brands/pages/133467865311
updated /pages/acm (PUBLISHED) -> https://admin.shopify.com/store/instar-brands/pages/125594271967
updated /pages/terminal (PUBLISHED) -> https://admin.shopify.com/store/instar-brands/pages/133470093535
updated /pages/orders (PUBLISHED) -> https://admin.shopify.com/store/instar-brands/pages/133491392735
updated /pages/golden-ticket (PUBLISHED) -> https://admin.shopify.com/store/instar-brands/pages/133638455519
live: slot 439925748, 805 holders, top #1: 5qx7yV4C… 23,986,255
updated /pages/crypto (PUBLISHED) -> https://admin.shopify.com/store/instar-brands/pages/133467701471
updated /pages/meme-futures (PUBLISHED) -> https://admin.shopify.com/store/instar-brands/pages/133467734239
updated /pages/acm-bid-board (PUBLISHED) -> https://admin.shopify.com/store/instar-brands/pages/133467865311
updated /pages/acm (PUBLISHED) -> https://admin.shopify.com/store/instar-brands/pages/125594271967
updated /pages/terminal (PUBLISHED) -> https://admin.shopify.com/store/instar-brands/pages/133470093535
updated /pages/orders (PUBLISHED) -> https://admin.shopify.com/store/instar-brands/pages/133491392735
updated /pages/golden-ticket (PUBLISHED) -> https://admin.shopify.com/store/instar-brands/pages/133638455519
live: slot 439925888, 805 holders, top #1: 5qx7yV4C… 23,986,255
updated /pages/crypto (PUBLISHED) -> https://admin.shopify.com/store/instar-brands/pages/133467701471
updated /pages/meme-futures (PUBLISHED) -> https://admin.shopify.com/store/instar-brands/pages/133467734239
updated /pages/acm-bid-board (PUBLISHED) -> https://admin.shopify.com/store/instar-brands/pages/133467865311
updated /pages/acm (PUBLISHED) -> https://admin.shopify.com/store/instar-brands/pages/125594271967
updated /pages/terminal (PUBLISHED) -> https://admin.shopify.com/store/instar-brands/pages/133470093535
updated /pages/orders (PUBLISHED) -> https://admin.shopify.com/store/instar-brands/pages/133491392735
updated /pages/golden-ticket (PUBLISHED) -> https://admin.shopify.com/store/instar-brands/pages/133638455519
live: slot 439926032, 805 holders, top #1: 5qx7yV4C… 23,986,255
updated /pages/crypto (PUBLISHED) -> https://admin.shopify.com/store/instar-brands/pages/133467701471
updated /pages/meme-futures (PUBLISHED) -> https://admin.shopify.com/store/instar-brands/pages/133467734239
updated /pages/acm-bid-board (PUBLISHED) -> https://admin.shopify.com/store/instar-brands/pages/133467865311
updated /pages/acm (PUBLISHED) -> https://admin.shopify.com/store/instar-brands/pages/125594271967
updated /pages/terminal (PUBLISHED) -> https://admin.shopify.com/store/instar-brands/pages/133470093535
updated /pages/orders (PUBLISHED) -> https://admin.shopify.com/store/instar-brands/pages/133491392735
updated /pages/golden-ticket (PUBLISHED) -> https://admin.shopify.com/store/instar-brands/pages/133638455519
live: slot 439926176, 805 holders, top #1: 5qx7yV4C… 23,986,255
updated /pages/crypto (PUBLISHED) -> https://admin.shopify.com/store/instar-brands/pages/133467701471
updated /pages/meme-futures (PUBLISHED) -> https://admin.shopify.com/store/instar-brands/pages/133467734239
updated /pages/acm-bid-board (PUBLISHED) -> https://admin.shopify.com/store/instar-brands/pages/133467865311
updated /pages/acm (PUBLISHED) -> https://admin.shopify.com/store/instar-brands/pages/125594271967
updated /pages/terminal (PUBLISHED) -> https://admin.shopify.com/store/instar-brands/pages/133470093535
updated /pages/orders (PUBLISHED) -> https://admin.shopify.com/store/instar-brands/pages/133491392735
updated /pages/golden-ticket (PUBLISHED) -> https://admin.shopify.com/store/instar-brands/pages/133638455519
live: slot 439926312, 805 holders, top #1: 5qx7yV4C… 23,986,255
updated /pages/crypto (PUBLISHED) -> https://admin.shopify.com/store/instar-brands/pages/133467701471
updated /pages/meme-futures (PUBLISHED) -> https://admin.shopify.com/store/instar-brands/pages/133467734239
updated /pages/acm-bid-board (PUBLISHED) -> https://admin.shopify.com/store/instar-brands/pages/133467865311
updated /pages/acm (PUBLISHED) -> https://admin.shopify.com/store/instar-brands/pages/125594271967
updated /pages/terminal (PUBLISHED) -> https://admin.shopify.com/store/instar-brands/pages/133470093535
updated /pages/orders (PUBLISHED) -> https://admin.shopify.com/store/instar-brands/pages/133491392735
updated /pages/golden-ticket (PUBLISHED) -> https://admin.shopify.com/store/instar-brands/pages/133638455519
live: slot 439926460, 805 holders, top #1: 5qx7yV4C… 23,986,255
updated /pages/crypto (PUBLISHED) -> https://admin.shopify.com/store/instar-brands/pages/133467701471
updated /pages/meme-futures (PUBLISHED) -> https://admin.shopify.com/store/instar-brands/pages/133467734239
updated /pages/acm-bid-board (PUBLISHED) -> https://admin.shopify.com/store/instar-brands/pages/133467865311
updated /pages/acm (PUBLISHED) -> https://admin.shopify.com/store/instar-brands/pages/125594271967
updated /pages/terminal (PUBLISHED) -> https://admin.shopify.com/store/instar-brands/pages/133470093535
updated /pages/orders (PUBLISHED) -> https://admin.shopify.com/store/instar-brands/pages/133491392735
updated /pages/golden-ticket (PUBLISHED) -> https://admin.shopify.com/store/instar-brands/pages/133638455519
live: slot 439926603, 805 holders, top #1: 5qx7yV4C… 23,986,255
updated /pages/crypto (PUBLISHED) -> https://admin.shopify.com/store/instar-brands/pages/133467701471
updated /pages/meme-futures (PUBLISHED) -> https://admin.shopify.com/store/instar-brands/pages/133467734239
updated /pages/acm-bid-board (PUBLISHED) -> https://admin.shopify.com/store/instar-brands/pages/133467865311
updated /pages/acm (PUBLISHED) -> https://admin.shopify.com/store/instar-brands/pages/125594271967
updated /pages/terminal (PUBLISHED) -> https://admin.shopify.com/store/instar-brands/pages/133470093535
updated /pages/orders (PUBLISHED) -> https://admin.shopify.com/store/instar-brands/pages/133491392735
updated /pages/golden-ticket (PUBLISHED) -> https://admin.shopify.com/store/instar-brands/pages/133638455519
live: slot 439926743, 805 holders, top #1: 5qx7yV4C… 23,986,255
updated /pages/crypto (PUBLISHED) -> https://admin.shopify.com/store/instar-brands/pages/133467701471
updated /pages/meme-futures (PUBLISHED) -> https://admin.shopify.com/store/instar-brands/pages/133467734239
updated /pages/acm-bid-board (PUBLISHED) -> https://admin.shopify.com/store/instar-brands/pages/133467865311
updated /pages/acm (PUBLISHED) -> https://admin.shopify.com/store/instar-brands/pages/125594271967
updated /pages/terminal (PUBLISHED) -> https://admin.shopify.com/store/instar-brands/pages/133470093535
updated /pages/orders (PUBLISHED) -> https://admin.shopify.com/store/instar-brands/pages/133491392735
updated /pages/golden-ticket (PUBLISHED) -> https://admin.shopify.com/store/instar-brands/pages/133638455519
live: slot 439926888, 805 holders, top #1: 5qx7yV4C… 23,986,255
updated /pages/crypto (PUBLISHED) -> https://admin.shopify.com/store/instar-brands/pages/133467701471
updated /pages/meme-futures (PUBLISHED) -> https://admin.shopify.com/store/instar-brands/pages/133467734239
updated /pages/acm-bid-board (PUBLISHED) -> https://admin.shopify.com/store/instar-brands/pages/133467865311
updated /pages/acm (PUBLISHED) -> https://admin.shopify.com/store/instar-brands/pages/125594271967
updated /pages/terminal (PUBLISHED) -> https://admin.shopify.com/store/instar-brands/pages/133470093535
updated /pages/orders (PUBLISHED) -> https://admin.shopify.com/store/instar-brands/pages/133491392735
updated /pages/golden-ticket (PUBLISHED) -> https://admin.shopify.com/store/instar-brands/pages/133638455519
live: slot 439927035, 805 holders, top #1: 5qx7yV4C… 23,986,255
updated /pages/crypto (PUBLISHED) -> https://admin.shopify.com/store/instar-brands/pages/133467701471
updated /pages/meme-futures (PUBLISHED) -> https://admin.shopify.com/store/instar-brands/pages/133467734239
updated /pages/acm-bid-board (PUBLISHED) -> https://admin.shopify.com/store/instar-brands/pages/133467865311
updated /pages/acm (PUBLISHED) -> https://admin.shopify.com/store/instar-brands/pages/125594271967
updated /pages/terminal (PUBLISHED) -> https://admin.shopify.com/store/instar-brands/pages/133470093535
updated /pages/orders (PUBLISHED) -> https://admin.shopify.com/store/instar-brands/pages/133491392735
updated /pages/golden-ticket (PUBLISHED) -> https://admin.shopify.com/store/instar-brands/pages/133638455519
live: slot 439927183, 805 holders, top #1: 5qx7yV4C… 23,986,255
updated /pages/crypto (PUBLISHED) -> https://admin.shopify.com/store/instar-brands/pages/133467701471
updated /pages/meme-futures (PUBLISHED) -> https://admin.shopify.com/store/instar-brands/pages/133467734239
updated /pages/acm-bid-board (PUBLISHED) -> https://admin.shopify.com/store/instar-brands/pages/133467865311
updated /pages/acm (PUBLISHED) -> https://admin.shopify.com/store/instar-brands/pages/125594271967
updated /pages/terminal (PUBLISHED) -> https://admin.shopify.com/store/instar-brands/pages/133470093535
updated /pages/orders (PUBLISHED) -> https://admin.shopify.com/store/instar-brands/pages/133491392735
updated /pages/golden-ticket (PUBLISHED) -> https://admin.shopify.com/store/instar-brands/pages/133638455519
live: slot 439927320, 805 holders, top #1: 5qx7yV4C… 23,986,255
updated /pages/crypto (PUBLISHED) -> https://admin.shopify.com/store/instar-brands/pages/133467701471
updated /pages/meme-futures (PUBLISHED) -> https://admin.shopify.com/store/instar-brands/pages/133467734239
updated /pages/acm-bid-board (PUBLISHED) -> https://admin.shopify.com/store/instar-brands/pages/133467865311
updated /pages/acm (PUBLISHED) -> https://admin.shopify.com/store/instar-brands/pages/125594271967
updated /pages/terminal (PUBLISHED) -> https://admin.shopify.com/store/instar-brands/pages/133470093535
updated /pages/orders (PUBLISHED) -> https://admin.shopify.com/store/instar-brands/pages/133491392735
updated /pages/golden-ticket (PUBLISHED) -> https://admin.shopify.com/store/instar-brands/pages/133638455519
live: slot 439927465, 805 holders, top #1: 5qx7yV4C… 23,986,255
updated /pages/crypto (PUBLISHED) -> https://admin.shopify.com/store/instar-brands/pages/133467701471
updated /pages/meme-futures (PUBLISHED) -> https://admin.shopify.com/store/instar-brands/pages/133467734239
updated /pages/acm-bid-board (PUBLISHED) -> https://admin.shopify.com/store/instar-brands/pages/133467865311
updated /pages/acm (PUBLISHED) -> https://admin.shopify.com/store/instar-brands/pages/125594271967
updated /pages/terminal (PUBLISHED) -> https://admin.shopify.com/store/instar-brands/pages/133470093535
updated /pages/orders (PUBLISHED) -> https://admin.shopify.com/store/instar-brands/pages/133491392735
updated /pages/golden-ticket (PUBLISHED) -> https://admin.shopify.com/store/instar-brands/pages/133638455519
live: slot 439927613, 805 holders, top #1: 5qx7yV4C… 23,986,255
updated /pages/crypto (PUBLISHED) -> https://admin.shopify.com/store/instar-brands/pages/133467701471
updated /pages/meme-futures (PUBLISHED) -> https://admin.shopify.com/store/instar-brands/pages/133467734239
updated /pages/acm-bid-board (PUBLISHED) -> https://admin.shopify.com/store/instar-brands/pages/133467865311
updated /pages/acm (PUBLISHED) -> https://admin.shopify.com/store/instar-brands/pages/125594271967
updated /pages/terminal (PUBLISHED) -> https://admin.shopify.com/store/instar-brands/pages/133470093535
updated /pages/orders (PUBLISHED) -> https://admin.shopify.com/store/instar-brands/pages/133491392735
updated /pages/golden-ticket (PUBLISHED) -> https://admin.shopify.com/store/instar-brands/pages/133638455519
live: slot 439927758, 805 holders, top #1: 5qx7yV4C… 23,986,255
updated /pages/crypto (PUBLISHED) -> https://admin.shopify.com/store/instar-brands/pages/133467701471
updated /pages/meme-futures (PUBLISHED) -> https://admin.shopify.com/store/instar-brands/pages/133467734239
updated /pages/acm-bid-board (PUBLISHED) -> https://admin.shopify.com/store/instar-brands/pages/133467865311
updated /pages/acm (PUBLISHED) -> https://admin.shopify.com/store/instar-brands/pages/125594271967
updated /pages/terminal (PUBLISHED) -> https://admin.shopify.com/store/instar-brands/pages/133470093535
updated /pages/orders (PUBLISHED) -> https://admin.shopify.com/store/instar-brands/pages/133491392735
updated /pages/golden-ticket (PUBLISHED) -> https://admin.shopify.com/store/instar-brands/pages/133638455519
updated /pages/golden-ticket-log (hidden) -> https://admin.shopify.com/store/instar-brands/pages/133641535711
live: slot 439927898, 805 holders, top #1: 5qx7yV4C… 23,986,255
updated /pages/crypto (PUBLISHED) -> https://admin.shopify.com/store/instar-brands/pages/133467701471
updated /pages/meme-futures (PUBLISHED) -> https://admin.shopify.com/store/instar-brands/pages/133467734239
updated /pages/acm-bid-board (PUBLISHED) -> https://admin.shopify.com/store/instar-brands/pages/133467865311
updated /pages/acm (PUBLISHED) -> https://admin.shopify.com/store/instar-brands/pages/125594271967
updated /pages/terminal (PUBLISHED) -> https://admin.shopify.com/store/instar-brands/pages/133470093535
updated /pages/orders (PUBLISHED) -> https://admin.shopify.com/store/instar-brands/pages/133491392735
updated /pages/golden-ticket (PUBLISHED) -> https://admin.shopify.com/store/instar-brands/pages/133638455519
updated /pages/golden-ticket-log (hidden) -> https://admin.shopify.com/store/instar-brands/pages/133641535711
live: slot 439928041, 805 holders, top #1: 5qx7yV4C… 23,986,255
updated /pages/crypto (PUBLISHED) -> https://admin.shopify.com/store/instar-brands/pages/133467701471
updated /pages/meme-futures (PUBLISHED) -> https://admin.shopify.com/store/instar-brands/pages/133467734239
updated /pages/acm-bid-board (PUBLISHED) -> https://admin.shopify.com/store/instar-brands/pages/133467865311
updated /pages/acm (PUBLISHED) -> https://admin.shopify.com/store/instar-brands/pages/125594271967
updated /pages/terminal (PUBLISHED) -> https://admin.shopify.com/store/instar-brands/pages/133470093535
updated /pages/orders (PUBLISHED) -> https://admin.shopify.com/store/instar-brands/pages/133491392735
updated /pages/golden-ticket (PUBLISHED) -> https://admin.shopify.com/store/instar-brands/pages/133638455519
updated /pages/golden-ticket-log (PUBLISHED) -> https://admin.shopify.com/store/instar-brands/pages/133641535711
live: slot 439928188, 805 holders, top #1: 5qx7yV4C… 23,986,255
updated /pages/crypto (PUBLISHED) -> https://admin.shopify.com/store/instar-brands/pages/133467701471
updated /pages/meme-futures (PUBLISHED) -> https://admin.shopify.com/store/instar-brands/pages/133467734239
updated /pages/acm-bid-board (PUBLISHED) -> https://admin.shopify.com/store/instar-brands/pages/133467865311
updated /pages/acm (PUBLISHED) -> https://admin.shopify.com/store/instar-brands/pages/125594271967
updated /pages/terminal (PUBLISHED) -> https://admin.shopify.com/store/instar-brands/pages/133470093535
updated /pages/orders (PUBLISHED) -> https://admin.shopify.com/store/instar-brands/pages/133491392735
updated /pages/golden-ticket (PUBLISHED) -> https://admin.shopify.com/store/instar-brands/pages/133638455519
updated /pages/golden-ticket-log (PUBLISHED) -> https://admin.shopify.com/store/instar-brands/pages/133641535711
live: slot 439928326, 805 holders, top #1: 5qx7yV4C… 23,986,255
updated /pages/crypto (PUBLISHED) -> https://admin.shopify.com/store/instar-brands/pages/133467701471
updated /pages/meme-futures (PUBLISHED) -> https://admin.shopify.com/store/instar-brands/pages/133467734239
updated /pages/acm-bid-board (PUBLISHED) -> https://admin.shopify.com/store/instar-brands/pages/133467865311
updated /pages/acm (PUBLISHED) -> https://admin.shopify.com/store/instar-brands/pages/125594271967
updated /pages/terminal (PUBLISHED) -> https://admin.shopify.com/store/instar-brands/pages/133470093535
updated /pages/orders (PUBLISHED) -> https://admin.shopify.com/store/instar-brands/pages/133491392735
updated /pages/golden-ticket (PUBLISHED) -> https://admin.shopify.com/store/instar-brands/pages/133638455519
updated /pages/golden-ticket-log (PUBLISHED) -> https://admin.shopify.com/store/instar-brands/pages/133641535711
live: slot 439928466, 805 holders, top #1: 5qx7yV4C… 23,986,255
updated /pages/crypto (PUBLISHED) -> https://admin.shopify.com/store/instar-brands/pages/133467701471
updated /pages/meme-futures (PUBLISHED) -> https://admin.shopify.com/store/instar-brands/pages/133467734239
updated /pages/acm-bid-board (PUBLISHED) -> https://admin.shopify.com/store/instar-brands/pages/133467865311
updated /pages/acm (PUBLISHED) -> https://admin.shopify.com/store/instar-brands/pages/125594271967
updated /pages/terminal (PUBLISHED) -> https://admin.shopify.com/store/instar-brands/pages/133470093535
updated /pages/orders (PUBLISHED) -> https://admin.shopify.com/store/instar-brands/pages/133491392735
updated /pages/golden-ticket (PUBLISHED) -> https://admin.shopify.com/store/instar-brands/pages/133638455519
updated /pages/golden-ticket-log (PUBLISHED) -> https://admin.shopify.com/store/instar-brands/pages/133641535711
live: slot 439928604, 805 holders, top #1: 5qx7yV4C… 23,986,255
updated /pages/crypto (PUBLISHED) -> https://admin.shopify.com/store/instar-brands/pages/133467701471
updated /pages/meme-futures (PUBLISHED) -> https://admin.shopify.com/store/instar-brands/pages/133467734239
updated /pages/acm-bid-board (PUBLISHED) -> https://admin.shopify.com/store/instar-brands/pages/133467865311
updated /pages/acm (PUBLISHED) -> https://admin.shopify.com/store/instar-brands/pages/125594271967
updated /pages/terminal (PUBLISHED) -> https://admin.shopify.com/store/instar-brands/pages/133470093535
updated /pages/orders (PUBLISHED) -> https://admin.shopify.com/store/instar-brands/pages/133491392735
updated /pages/golden-ticket (PUBLISHED) -> https://admin.shopify.com/store/instar-brands/pages/133638455519
updated /pages/golden-ticket-log (PUBLISHED) -> https://admin.shopify.com/store/instar-brands/pages/133641535711
live: slot 439928751, 805 holders, top #1: 5qx7yV4C… 23,986,255
updated /pages/crypto (PUBLISHED) -> https://admin.shopify.com/store/instar-brands/pages/133467701471
updated /pages/meme-futures (PUBLISHED) -> https://admin.shopify.com/store/instar-brands/pages/133467734239
updated /pages/acm-bid-board (PUBLISHED) -> https://admin.shopify.com/store/instar-brands/pages/133467865311
updated /pages/acm (PUBLISHED) -> https://admin.shopify.com/store/instar-brands/pages/125594271967
updated /pages/terminal (PUBLISHED) -> https://admin.shopify.com/store/instar-brands/pages/133470093535
updated /pages/orders (PUBLISHED) -> https://admin.shopify.com/store/instar-brands/pages/133491392735
updated /pages/golden-ticket (PUBLISHED) -> https://admin.shopify.com/store/instar-brands/pages/133638455519
updated /pages/golden-ticket-log (PUBLISHED) -> https://admin.shopify.com/store/instar-brands/pages/133641535711
live: slot 439928902, 805 holders, top #1: 5qx7yV4C… 23,986,255
updated /pages/crypto (PUBLISHED) -> https://admin.shopify.com/store/instar-brands/pages/133467701471
updated /pages/meme-futures (PUBLISHED) -> https://admin.shopify.com/store/instar-brands/pages/133467734239
updated /pages/acm-bid-board (PUBLISHED) -> https://admin.shopify.com/store/instar-brands/pages/133467865311
updated /pages/acm (PUBLISHED) -> https://admin.shopify.com/store/instar-brands/pages/125594271967
updated /pages/terminal (PUBLISHED) -> https://admin.shopify.com/store/instar-brands/pages/133470093535
updated /pages/orders (PUBLISHED) -> https://admin.shopify.com/store/instar-brands/pages/133491392735
updated /pages/golden-ticket (PUBLISHED) -> https://admin.shopify.com/store/instar-brands/pages/133638455519
updated /pages/golden-ticket-log (PUBLISHED) -> https://admin.shopify.com/store/instar-brands/pages/133641535711
live: slot 439929048, 805 holders, top #1: 5qx7yV4C… 23,986,255
updated /pages/crypto (PUBLISHED) -> https://admin.shopify.com/store/instar-brands/pages/133467701471
updated /pages/meme-futures (PUBLISHED) -> https://admin.shopify.com/store/instar-brands/pages/133467734239
updated /pages/acm-bid-board (PUBLISHED) -> https://admin.shopify.com/store/instar-brands/pages/133467865311
updated /pages/acm (PUBLISHED) -> https://admin.shopify.com/store/instar-brands/pages/125594271967
updated /pages/terminal (PUBLISHED) -> https://admin.shopify.com/store/instar-brands/pages/133470093535
updated /pages/orders (PUBLISHED) -> https://admin.shopify.com/store/instar-brands/pages/133491392735
updated /pages/golden-ticket (PUBLISHED) -> https://admin.shopify.com/store/instar-brands/pages/133638455519
updated /pages/golden-ticket-log (PUBLISHED) -> https://admin.shopify.com/store/instar-brands/pages/133641535711
live: slot 439929187, 805 holders, top #1: 5qx7yV4C… 23,986,255
updated /pages/crypto (PUBLISHED) -> https://admin.shopify.com/store/instar-brands/pages/133467701471
updated /pages/meme-futures (PUBLISHED) -> https://admin.shopify.com/store/instar-brands/pages/133467734239
updated /pages/acm-bid-board (PUBLISHED) -> https://admin.shopify.com/store/instar-brands/pages/133467865311
updated /pages/acm (PUBLISHED) -> https://admin.shopify.com/store/instar-brands/pages/125594271967
updated /pages/terminal (PUBLISHED) -> https://admin.shopify.com/store/instar-brands/pages/133470093535
updated /pages/orders (PUBLISHED) -> https://admin.shopify.com/store/instar-brands/pages/133491392735
updated /pages/golden-ticket (PUBLISHED) -> https://admin.shopify.com/store/instar-brands/pages/133638455519
updated /pages/golden-ticket-log (PUBLISHED) -> https://admin.shopify.com/store/instar-brands/pages/133641535711
live: slot 439929334, 805 holders, top #1: 5qx7yV4C… 23,986,255
updated /pages/crypto (PUBLISHED) -> https://admin.shopify.com/store/instar-brands/pages/133467701471
updated /pages/meme-futures (PUBLISHED) -> https://admin.shopify.com/store/instar-brands/pages/133467734239
updated /pages/acm-bid-board (PUBLISHED) -> https://admin.shopify.com/store/instar-brands/pages/133467865311
updated /pages/acm (PUBLISHED) -> https://admin.shopify.com/store/instar-brands/pages/125594271967
updated /pages/terminal (PUBLISHED) -> https://admin.shopify.com/store/instar-brands/pages/133470093535
updated /pages/orders (PUBLISHED) -> https://admin.shopify.com/store/instar-brands/pages/133491392735
updated /pages/golden-ticket (PUBLISHED) -> https://admin.shopify.com/store/instar-brands/pages/133638455519
updated /pages/golden-ticket-log (PUBLISHED) -> https://admin.shopify.com/store/instar-brands/pages/133641535711
live: slot 439929479, 805 holders, top #1: 5qx7yV4C… 23,986,255
updated /pages/crypto (PUBLISHED) -> https://admin.shopify.com/store/instar-brands/pages/133467701471
updated /pages/meme-futures (PUBLISHED) -> https://admin.shopify.com/store/instar-brands/pages/133467734239
updated /pages/acm-bid-board (PUBLISHED) -> https://admin.shopify.com/store/instar-brands/pages/133467865311
updated /pages/acm (PUBLISHED) -> https://admin.shopify.com/store/instar-brands/pages/125594271967
updated /pages/terminal (PUBLISHED) -> https://admin.shopify.com/store/instar-brands/pages/133470093535
updated /pages/orders (PUBLISHED) -> https://admin.shopify.com/store/instar-brands/pages/133491392735
updated /pages/golden-ticket (PUBLISHED) -> https://admin.shopify.com/store/instar-brands/pages/133638455519
updated /pages/golden-ticket-log (PUBLISHED) -> https://admin.shopify.com/store/instar-brands/pages/133641535711
live: slot 439929624, 805 holders, top #1: 5qx7yV4C… 23,986,255
updated /pages/crypto (PUBLISHED) -> https://admin.shopify.com/store/instar-brands/pages/133467701471
updated /pages/meme-futures (PUBLISHED) -> https://admin.shopify.com/store/instar-brands/pages/133467734239
updated /pages/acm-bid-board (PUBLISHED) -> https://admin.shopify.com/store/instar-brands/pages/133467865311
updated /pages/acm (PUBLISHED) -> https://admin.shopify.com/store/instar-brands/pages/125594271967
updated /pages/terminal (PUBLISHED) -> https://admin.shopify.com/store/instar-brands/pages/133470093535
updated /pages/orders (PUBLISHED) -> https://admin.shopify.com/store/instar-brands/pages/133491392735
updated /pages/golden-ticket (PUBLISHED) -> https://admin.shopify.com/store/instar-brands/pages/133638455519
updated /pages/golden-ticket-log (PUBLISHED) -> https://admin.shopify.com/store/instar-brands/pages/133641535711
live: slot 439929770, 805 holders, top #1: 5qx7yV4C… 23,986,255
updated /pages/crypto (PUBLISHED) -> https://admin.shopify.com/store/instar-brands/pages/133467701471
updated /pages/meme-futures (PUBLISHED) -> https://admin.shopify.com/store/instar-brands/pages/133467734239
updated /pages/acm-bid-board (PUBLISHED) -> https://admin.shopify.com/store/instar-brands/pages/133467865311
updated /pages/acm (PUBLISHED) -> https://admin.shopify.com/store/instar-brands/pages/125594271967
updated /pages/terminal (PUBLISHED) -> https://admin.shopify.com/store/instar-brands/pages/133470093535
updated /pages/orders (PUBLISHED) -> https://admin.shopify.com/store/instar-brands/pages/133491392735
updated /pages/golden-ticket (PUBLISHED) -> https://admin.shopify.com/store/instar-brands/pages/133638455519
updated /pages/golden-ticket-log (PUBLISHED) -> https://admin.shopify.com/store/instar-brands/pages/133641535711
live: slot 439929913, 805 holders, top #1: 5qx7yV4C… 23,986,255
updated /pages/crypto (PUBLISHED) -> https://admin.shopify.com/store/instar-brands/pages/133467701471
updated /pages/meme-futures (PUBLISHED) -> https://admin.shopify.com/store/instar-brands/pages/133467734239
updated /pages/acm-bid-board (PUBLISHED) -> https://admin.shopify.com/store/instar-brands/pages/133467865311
updated /pages/acm (PUBLISHED) -> https://admin.shopify.com/store/instar-brands/pages/125594271967
updated /pages/terminal (PUBLISHED) -> https://admin.shopify.com/store/instar-brands/pages/133470093535
updated /pages/orders (PUBLISHED) -> https://admin.shopify.com/store/instar-brands/pages/133491392735
updated /pages/golden-ticket (PUBLISHED) -> https://admin.shopify.com/store/instar-brands/pages/133638455519
updated /pages/golden-ticket-log (PUBLISHED) -> https://admin.shopify.com/store/instar-brands/pages/133641535711
live: slot 439930060, 805 holders, top #1: 5qx7yV4C… 23,986,255
updated /pages/crypto (PUBLISHED) -> https://admin.shopify.com/store/instar-brands/pages/133467701471
updated /pages/meme-futures (PUBLISHED) -> https://admin.shopify.com/store/instar-brands/pages/133467734239
updated /pages/acm-bid-board (PUBLISHED) -> https://admin.shopify.com/store/instar-brands/pages/133467865311
updated /pages/acm (PUBLISHED) -> https://admin.shopify.com/store/instar-brands/pages/125594271967
updated /pages/terminal (PUBLISHED) -> https://admin.shopify.com/store/instar-brands/pages/133470093535
updated /pages/orders (PUBLISHED) -> https://admin.shopify.com/store/instar-brands/pages/133491392735
updated /pages/golden-ticket (PUBLISHED) -> https://admin.shopify.com/store/instar-brands/pages/133638455519
updated /pages/golden-ticket-log (PUBLISHED) -> https://admin.shopify.com/store/instar-brands/pages/133641535711
live: slot 439930207, 805 holders, top #1: 5qx7yV4C… 23,986,255
updated /pages/crypto (PUBLISHED) -> https://admin.shopify.com/store/instar-brands/pages/133467701471
updated /pages/meme-futures (PUBLISHED) -> https://admin.shopify.com/store/instar-brands/pages/133467734239
updated /pages/acm-bid-board (PUBLISHED) -> https://admin.shopify.com/store/instar-brands/pages/133467865311
updated /pages/acm (PUBLISHED) -> https://admin.shopify.com/store/instar-brands/pages/125594271967
updated /pages/terminal (PUBLISHED) -> https://admin.shopify.com/store/instar-brands/pages/133470093535
updated /pages/orders (PUBLISHED) -> https://admin.shopify.com/store/instar-brands/pages/133491392735
updated /pages/golden-ticket (PUBLISHED) -> https://admin.shopify.com/store/instar-brands/pages/133638455519
updated /pages/golden-ticket-log (PUBLISHED) -> https://admin.shopify.com/store/instar-brands/pages/133641535711
live: slot 439930352, 805 holders, top #1: 5qx7yV4C… 23,986,255
updated /pages/crypto (PUBLISHED) -> https://admin.shopify.com/store/instar-brands/pages/133467701471
updated /pages/meme-futures (PUBLISHED) -> https://admin.shopify.com/store/instar-brands/pages/133467734239
updated /pages/acm-bid-board (PUBLISHED) -> https://admin.shopify.com/store/instar-brands/pages/133467865311
updated /pages/acm (PUBLISHED) -> https://admin.shopify.com/store/instar-brands/pages/125594271967
updated /pages/terminal (PUBLISHED) -> https://admin.shopify.com/store/instar-brands/pages/133470093535
updated /pages/orders (PUBLISHED) -> https://admin.shopify.com/store/instar-brands/pages/133491392735
updated /pages/golden-ticket (PUBLISHED) -> https://admin.shopify.com/store/instar-brands/pages/133638455519
updated /pages/golden-ticket-log (PUBLISHED) -> https://admin.shopify.com/store/instar-brands/pages/133641535711
live: slot 439930500, 805 holders, top #1: 5qx7yV4C… 23,986,255
updated /pages/crypto (PUBLISHED) -> https://admin.shopify.com/store/instar-brands/pages/133467701471
updated /pages/meme-futures (PUBLISHED) -> https://admin.shopify.com/store/instar-brands/pages/133467734239
updated /pages/acm-bid-board (PUBLISHED) -> https://admin.shopify.com/store/instar-brands/pages/133467865311
updated /pages/acm (PUBLISHED) -> https://admin.shopify.com/store/instar-brands/pages/125594271967
updated /pages/terminal (PUBLISHED) -> https://admin.shopify.com/store/instar-brands/pages/133470093535
updated /pages/orders (PUBLISHED) -> https://admin.shopify.com/store/instar-brands/pages/133491392735
updated /pages/golden-ticket (PUBLISHED) -> https://admin.shopify.com/store/instar-brands/pages/133638455519
updated /pages/golden-ticket-log (PUBLISHED) -> https://admin.shopify.com/store/instar-brands/pages/133641535711
live: slot 439930642, 805 holders, top #1: 5qx7yV4C… 23,986,255
updated /pages/crypto (PUBLISHED) -> https://admin.shopify.com/store/instar-brands/pages/133467701471
updated /pages/meme-futures (PUBLISHED) -> https://admin.shopify.com/store/instar-brands/pages/133467734239
updated /pages/acm-bid-board (PUBLISHED) -> https://admin.shopify.com/store/instar-brands/pages/133467865311
updated /pages/acm (PUBLISHED) -> https://admin.shopify.com/store/instar-brands/pages/125594271967
updated /pages/terminal (PUBLISHED) -> https://admin.shopify.com/store/instar-brands/pages/133470093535
updated /pages/orders (PUBLISHED) -> https://admin.shopify.com/store/instar-brands/pages/133491392735
updated /pages/golden-ticket (PUBLISHED) -> https://admin.shopify.com/store/instar-brands/pages/133638455519
updated /pages/golden-ticket-log (PUBLISHED) -> https://admin.shopify.com/store/instar-brands/pages/133641535711
live: slot 439930789, 805 holders, top #1: 5qx7yV4C… 23,986,255
updated /pages/crypto (PUBLISHED) -> https://admin.shopify.com/store/instar-brands/pages/133467701471
updated /pages/meme-futures (PUBLISHED) -> https://admin.shopify.com/store/instar-brands/pages/133467734239
updated /pages/acm-bid-board (PUBLISHED) -> https://admin.shopify.com/store/instar-brands/pages/133467865311
updated /pages/acm (PUBLISHED) -> https://admin.shopify.com/store/instar-brands/pages/125594271967
updated /pages/terminal (PUBLISHED) -> https://admin.shopify.com/store/instar-brands/pages/133470093535
updated /pages/orders (PUBLISHED) -> https://admin.shopify.com/store/instar-brands/pages/133491392735
updated /pages/golden-ticket (PUBLISHED) -> https://admin.shopify.com/store/instar-brands/pages/133638455519
updated /pages/golden-ticket-log (PUBLISHED) -> https://admin.shopify.com/store/instar-brands/pages/133641535711
live: slot 439930933, 805 holders, top #1: 5qx7yV4C… 23,986,255
updated /pages/crypto (PUBLISHED) -> https://admin.shopify.com/store/instar-brands/pages/133467701471
updated /pages/meme-futures (PUBLISHED) -> https://admin.shopify.com/store/instar-brands/pages/133467734239
updated /pages/acm-bid-board (PUBLISHED) -> https://admin.shopify.com/store/instar-brands/pages/133467865311
updated /pages/acm (PUBLISHED) -> https://admin.shopify.com/store/instar-brands/pages/125594271967
updated /pages/terminal (PUBLISHED) -> https://admin.shopify.com/store/instar-brands/pages/133470093535
updated /pages/orders (PUBLISHED) -> https://admin.shopify.com/store/instar-brands/pages/133491392735
updated /pages/golden-ticket (PUBLISHED) -> https://admin.shopify.com/store/instar-brands/pages/133638455519
updated /pages/golden-ticket-log (PUBLISHED) -> https://admin.shopify.com/store/instar-brands/pages/133641535711
live: slot 439931082, 805 holders, top #1: 5qx7yV4C… 23,986,255
updated /pages/crypto (PUBLISHED) -> https://admin.shopify.com/store/instar-brands/pages/133467701471
updated /pages/meme-futures (PUBLISHED) -> https://admin.shopify.com/store/instar-brands/pages/133467734239
updated /pages/acm-bid-board (PUBLISHED) -> https://admin.shopify.com/store/instar-brands/pages/133467865311
updated /pages/acm (PUBLISHED) -> https://admin.shopify.com/store/instar-brands/pages/125594271967
updated /pages/terminal (PUBLISHED) -> https://admin.shopify.com/store/instar-brands/pages/133470093535
updated /pages/orders (PUBLISHED) -> https://admin.shopify.com/store/instar-brands/pages/133491392735
updated /pages/golden-ticket (PUBLISHED) -> https://admin.shopify.com/store/instar-brands/pages/133638455519
updated /pages/golden-ticket-log (PUBLISHED) -> https://admin.shopify.com/store/instar-brands/pages/133641535711
live: slot 439931227, 805 holders, top #1: 5qx7yV4C… 23,986,255
updated /pages/crypto (PUBLISHED) -> https://admin.shopify.com/store/instar-brands/pages/133467701471
updated /pages/meme-futures (PUBLISHED) -> https://admin.shopify.com/store/instar-brands/pages/133467734239
updated /pages/acm-bid-board (PUBLISHED) -> https://admin.shopify.com/store/instar-brands/pages/133467865311
updated /pages/acm (PUBLISHED) -> https://admin.shopify.com/store/instar-brands/pages/125594271967
updated /pages/terminal (PUBLISHED) -> https://admin.shopify.com/store/instar-brands/pages/133470093535
updated /pages/orders (PUBLISHED) -> https://admin.shopify.com/store/instar-brands/pages/133491392735
updated /pages/golden-ticket (PUBLISHED) -> https://admin.shopify.com/store/instar-brands/pages/133638455519
updated /pages/golden-ticket-log (PUBLISHED) -> https://admin.shopify.com/store/instar-brands/pages/133641535711
live: slot 439931372, 805 holders, top #1: 5qx7yV4C… 23,986,255
updated /pages/crypto (PUBLISHED) -> https://admin.shopify.com/store/instar-brands/pages/133467701471
updated /pages/meme-futures (PUBLISHED) -> https://admin.shopify.com/store/instar-brands/pages/133467734239
updated /pages/acm-bid-board (PUBLISHED) -> https://admin.shopify.com/store/instar-brands/pages/133467865311
updated /pages/acm (PUBLISHED) -> https://admin.shopify.com/store/instar-brands/pages/125594271967
updated /pages/terminal (PUBLISHED) -> https://admin.shopify.com/store/instar-brands/pages/133470093535
updated /pages/orders (PUBLISHED) -> https://admin.shopify.com/store/instar-brands/pages/133491392735
updated /pages/golden-ticket (PUBLISHED) -> https://admin.shopify.com/store/instar-brands/pages/133638455519
updated /pages/golden-ticket-log (PUBLISHED) -> https://admin.shopify.com/store/instar-brands/pages/133641535711
live: slot 439931519, 805 holders, top #1: 5qx7yV4C… 23,986,255
updated /pages/crypto (PUBLISHED) -> https://admin.shopify.com/store/instar-brands/pages/133467701471
updated /pages/meme-futures (PUBLISHED) -> https://admin.shopify.com/store/instar-brands/pages/133467734239
updated /pages/acm-bid-board (PUBLISHED) -> https://admin.shopify.com/store/instar-brands/pages/133467865311
updated /pages/acm (PUBLISHED) -> https://admin.shopify.com/store/instar-brands/pages/125594271967
updated /pages/terminal (PUBLISHED) -> https://admin.shopify.com/store/instar-brands/pages/133470093535
updated /pages/orders (PUBLISHED) -> https://admin.shopify.com/store/instar-brands/pages/133491392735
updated /pages/golden-ticket (PUBLISHED) -> https://admin.shopify.com/store/instar-brands/pages/133638455519
updated /pages/golden-ticket-log (PUBLISHED) -> https://admin.shopify.com/store/instar-brands/pages/133641535711
live: slot 439931667, 805 holders, top #1: 5qx7yV4C… 23,986,255
updated /pages/crypto (PUBLISHED) -> https://admin.shopify.com/store/instar-brands/pages/133467701471
updated /pages/meme-futures (PUBLISHED) -> https://admin.shopify.com/store/instar-brands/pages/133467734239
updated /pages/acm-bid-board (PUBLISHED) -> https://admin.shopify.com/store/instar-brands/pages/133467865311
updated /pages/acm (PUBLISHED) -> https://admin.shopify.com/store/instar-brands/pages/125594271967
updated /pages/terminal (PUBLISHED) -> https://admin.shopify.com/store/instar-brands/pages/133470093535
updated /pages/orders (PUBLISHED) -> https://admin.shopify.com/store/instar-brands/pages/133491392735
updated /pages/golden-ticket (PUBLISHED) -> https://admin.shopify.com/store/instar-brands/pages/133638455519
updated /pages/golden-ticket-log (PUBLISHED) -> https://admin.shopify.com/store/instar-brands/pages/133641535711
live: slot 439931813, 805 holders, top #1: 5qx7yV4C… 23,986,255
updated /pages/crypto (PUBLISHED) -> https://admin.shopify.com/store/instar-brands/pages/133467701471
updated /pages/meme-futures (PUBLISHED) -> https://admin.shopify.com/store/instar-brands/pages/133467734239
updated /pages/acm-bid-board (PUBLISHED) -> https://admin.shopify.com/store/instar-brands/pages/133467865311
updated /pages/acm (PUBLISHED) -> https://admin.shopify.com/store/instar-brands/pages/125594271967
updated /pages/terminal (PUBLISHED) -> https://admin.shopify.com/store/instar-brands/pages/133470093535
updated /pages/orders (PUBLISHED) -> https://admin.shopify.com/store/instar-brands/pages/133491392735
updated /pages/golden-ticket (PUBLISHED) -> https://admin.shopify.com/store/instar-brands/pages/133638455519
updated /pages/golden-ticket-log (PUBLISHED) -> https://admin.shopify.com/store/instar-brands/pages/133641535711
live: slot 439931960, 805 holders, top #1: 5qx7yV4C… 23,986,255
updated /pages/crypto (PUBLISHED) -> https://admin.shopify.com/store/instar-brands/pages/133467701471
updated /pages/meme-futures (PUBLISHED) -> https://admin.shopify.com/store/instar-brands/pages/133467734239
updated /pages/acm-bid-board (PUBLISHED) -> https://admin.shopify.com/store/instar-brands/pages/133467865311
updated /pages/acm (PUBLISHED) -> https://admin.shopify.com/store/instar-brands/pages/125594271967
updated /pages/terminal (PUBLISHED) -> https://admin.shopify.com/store/instar-brands/pages/133470093535
updated /pages/orders (PUBLISHED) -> https://admin.shopify.com/store/instar-brands/pages/133491392735
updated /pages/golden-ticket (PUBLISHED) -> https://admin.shopify.com/store/instar-brands/pages/133638455519
updated /pages/golden-ticket-log (PUBLISHED) -> https://admin.shopify.com/store/instar-brands/pages/133641535711
live: slot 439932107, 805 holders, top #1: 5qx7yV4C… 23,986,255
updated /pages/crypto (PUBLISHED) -> https://admin.shopify.com/store/instar-brands/pages/133467701471
updated /pages/meme-futures (PUBLISHED) -> https://admin.shopify.com/store/instar-brands/pages/133467734239
updated /pages/acm-bid-board (PUBLISHED) -> https://admin.shopify.com/store/instar-brands/pages/133467865311
updated /pages/acm (PUBLISHED) -> https://admin.shopify.com/store/instar-brands/pages/125594271967
updated /pages/terminal (PUBLISHED) -> https://admin.shopify.com/store/instar-brands/pages/133470093535
updated /pages/orders (PUBLISHED) -> https://admin.shopify.com/store/instar-brands/pages/133491392735
updated /pages/golden-ticket (PUBLISHED) -> https://admin.shopify.com/store/instar-brands/pages/133638455519
updated /pages/golden-ticket-log (PUBLISHED) -> https://admin.shopify.com/store/instar-brands/pages/133641535711
live: slot 439932255, 805 holders, top #1: 5qx7yV4C… 23,986,255
updated /pages/crypto (PUBLISHED) -> https://admin.shopify.com/store/instar-brands/pages/133467701471
updated /pages/meme-futures (PUBLISHED) -> https://admin.shopify.com/store/instar-brands/pages/133467734239
updated /pages/acm-bid-board (PUBLISHED) -> https://admin.shopify.com/store/instar-brands/pages/133467865311
updated /pages/acm (PUBLISHED) -> https://admin.shopify.com/store/instar-brands/pages/125594271967
updated /pages/terminal (PUBLISHED) -> https://admin.shopify.com/store/instar-brands/pages/133470093535
updated /pages/orders (PUBLISHED) -> https://admin.shopify.com/store/instar-brands/pages/133491392735
updated /pages/golden-ticket (PUBLISHED) -> https://admin.shopify.com/store/instar-brands/pages/133638455519
updated /pages/golden-ticket-log (PUBLISHED) -> https://admin.shopify.com/store/instar-brands/pages/133641535711
live: slot 439932398, 805 holders, top #1: 5qx7yV4C… 23,986,255
updated /pages/crypto (PUBLISHED) -> https://admin.shopify.com/store/instar-brands/pages/133467701471
updated /pages/meme-futures (PUBLISHED) -> https://admin.shopify.com/store/instar-brands/pages/133467734239
updated /pages/acm-bid-board (PUBLISHED) -> https://admin.shopify.com/store/instar-brands/pages/133467865311
updated /pages/acm (PUBLISHED) -> https://admin.shopify.com/store/instar-brands/pages/125594271967
updated /pages/terminal (PUBLISHED) -> https://admin.shopify.com/store/instar-brands/pages/133470093535
updated /pages/orders (PUBLISHED) -> https://admin.shopify.com/store/instar-brands/pages/133491392735
updated /pages/golden-ticket (PUBLISHED) -> https://admin.shopify.com/store/instar-brands/pages/133638455519
updated /pages/golden-ticket-log (PUBLISHED) -> https://admin.shopify.com/store/instar-brands/pages/133641535711
live: slot 439932537, 805 holders, top #1: 5qx7yV4C… 23,986,255
updated /pages/crypto (PUBLISHED) -> https://admin.shopify.com/store/instar-brands/pages/133467701471
updated /pages/meme-futures (PUBLISHED) -> https://admin.shopify.com/store/instar-brands/pages/133467734239
updated /pages/acm-bid-board (PUBLISHED) -> https://admin.shopify.com/store/instar-brands/pages/133467865311
updated /pages/acm (PUBLISHED) -> https://admin.shopify.com/store/instar-brands/pages/125594271967
updated /pages/terminal (PUBLISHED) -> https://admin.shopify.com/store/instar-brands/pages/133470093535
updated /pages/orders (PUBLISHED) -> https://admin.shopify.com/store/instar-brands/pages/133491392735
updated /pages/golden-ticket (PUBLISHED) -> https://admin.shopify.com/store/instar-brands/pages/133638455519
updated /pages/golden-ticket-log (PUBLISHED) -> https://admin.shopify.com/store/instar-brands/pages/133641535711
live: slot 439932679, 805 holders, top #1: 5qx7yV4C… 23,986,255
updated /pages/crypto (PUBLISHED) -> https://admin.shopify.com/store/instar-brands/pages/133467701471
updated /pages/meme-futures (PUBLISHED) -> https://admin.shopify.com/store/instar-brands/pages/133467734239
updated /pages/acm-bid-board (PUBLISHED) -> https://admin.shopify.com/store/instar-brands/pages/133467865311
updated /pages/acm (PUBLISHED) -> https://admin.shopify.com/store/instar-brands/pages/125594271967
updated /pages/terminal (PUBLISHED) -> https://admin.shopify.com/store/instar-brands/pages/133470093535
updated /pages/orders (PUBLISHED) -> https://admin.shopify.com/store/instar-brands/pages/133491392735
updated /pages/golden-ticket (PUBLISHED) -> https://admin.shopify.com/store/instar-brands/pages/133638455519
updated /pages/golden-ticket-log (PUBLISHED) -> https://admin.shopify.com/store/instar-brands/pages/133641535711
live: slot 439932824, 804 holders, top #1: 5qx7yV4C… 23,986,255
updated /pages/crypto (PUBLISHED) -> https://admin.shopify.com/store/instar-brands/pages/133467701471
updated /pages/meme-futures (PUBLISHED) -> https://admin.shopify.com/store/instar-brands/pages/133467734239
updated /pages/acm-bid-board (PUBLISHED) -> https://admin.shopify.com/store/instar-brands/pages/133467865311
updated /pages/acm (PUBLISHED) -> https://admin.shopify.com/store/instar-brands/pages/125594271967
updated /pages/terminal (PUBLISHED) -> https://admin.shopify.com/store/instar-brands/pages/133470093535
updated /pages/orders (PUBLISHED) -> https://admin.shopify.com/store/instar-brands/pages/133491392735
updated /pages/golden-ticket (PUBLISHED) -> https://admin.shopify.com/store/instar-brands/pages/133638455519
updated /pages/golden-ticket-log (PUBLISHED) -> https://admin.shopify.com/store/instar-brands/pages/133641535711
live: slot 439932971, 804 holders, top #1: 5qx7yV4C… 23,986,255
updated /pages/crypto (PUBLISHED) -> https://admin.shopify.com/store/instar-brands/pages/133467701471
updated /pages/meme-futures (PUBLISHED) -> https://admin.shopify.com/store/instar-brands/pages/133467734239
updated /pages/acm-bid-board (PUBLISHED) -> https://admin.shopify.com/store/instar-brands/pages/133467865311
updated /pages/acm (PUBLISHED) -> https://admin.shopify.com/store/instar-brands/pages/125594271967
updated /pages/terminal (PUBLISHED) -> https://admin.shopify.com/store/instar-brands/pages/133470093535
updated /pages/orders (PUBLISHED) -> https://admin.shopify.com/store/instar-brands/pages/133491392735
updated /pages/golden-ticket (PUBLISHED) -> https://admin.shopify.com/store/instar-brands/pages/133638455519
updated /pages/golden-ticket-log (PUBLISHED) -> https://admin.shopify.com/store/instar-brands/pages/133641535711
live: slot 439933117, 804 holders, top #1: 5qx7yV4C… 23,986,255
updated /pages/crypto (PUBLISHED) -> https://admin.shopify.com/store/instar-brands/pages/133467701471
updated /pages/meme-futures (PUBLISHED) -> https://admin.shopify.com/store/instar-brands/pages/133467734239
updated /pages/acm-bid-board (PUBLISHED) -> https://admin.shopify.com/store/instar-brands/pages/133467865311
updated /pages/acm (PUBLISHED) -> https://admin.shopify.com/store/instar-brands/pages/125594271967
updated /pages/terminal (PUBLISHED) -> https://admin.shopify.com/store/instar-brands/pages/133470093535
updated /pages/orders (PUBLISHED) -> https://admin.shopify.com/store/instar-brands/pages/133491392735
updated /pages/golden-ticket (PUBLISHED) -> https://admin.shopify.com/store/instar-brands/pages/133638455519
updated /pages/golden-ticket-log (PUBLISHED) -> https://admin.shopify.com/store/instar-brands/pages/133641535711
live: slot 439933264, 804 holders, top #1: 5qx7yV4C… 23,986,255
updated /pages/crypto (PUBLISHED) -> https://admin.shopify.com/store/instar-brands/pages/133467701471
updated /pages/meme-futures (PUBLISHED) -> https://admin.shopify.com/store/instar-brands/pages/133467734239
updated /pages/acm-bid-board (PUBLISHED) -> https://admin.shopify.com/store/instar-brands/pages/133467865311
updated /pages/acm (PUBLISHED) -> https://admin.shopify.com/store/instar-brands/pages/125594271967
updated /pages/terminal (PUBLISHED) -> https://admin.shopify.com/store/instar-brands/pages/133470093535
updated /pages/orders (PUBLISHED) -> https://admin.shopify.com/store/instar-brands/pages/133491392735
updated /pages/golden-ticket (PUBLISHED) -> https://admin.shopify.com/store/instar-brands/pages/133638455519
updated /pages/golden-ticket-log (PUBLISHED) -> https://admin.shopify.com/store/instar-brands/pages/133641535711
live: slot 439933409, 804 holders, top #1: 5qx7yV4C… 23,986,255
updated /pages/crypto (PUBLISHED) -> https://admin.shopify.com/store/instar-brands/pages/133467701471
updated /pages/meme-futures (PUBLISHED) -> https://admin.shopify.com/store/instar-brands/pages/133467734239
updated /pages/acm-bid-board (PUBLISHED) -> https://admin.shopify.com/store/instar-brands/pages/133467865311
updated /pages/acm (PUBLISHED) -> https://admin.shopify.com/store/instar-brands/pages/125594271967
updated /pages/terminal (PUBLISHED) -> https://admin.shopify.com/store/instar-brands/pages/133470093535
updated /pages/orders (PUBLISHED) -> https://admin.shopify.com/store/instar-brands/pages/133491392735
updated /pages/golden-ticket (PUBLISHED) -> https://admin.shopify.com/store/instar-brands/pages/133638455519
updated /pages/golden-ticket-log (PUBLISHED) -> https://admin.shopify.com/store/instar-brands/pages/133641535711
live: slot 439933557, 804 holders, top #1: 5qx7yV4C… 23,986,255
updated /pages/crypto (PUBLISHED) -> https://admin.shopify.com/store/instar-brands/pages/133467701471
updated /pages/meme-futures (PUBLISHED) -> https://admin.shopify.com/store/instar-brands/pages/133467734239
updated /pages/acm-bid-board (PUBLISHED) -> https://admin.shopify.com/store/instar-brands/pages/133467865311
updated /pages/acm (PUBLISHED) -> https://admin.shopify.com/store/instar-brands/pages/125594271967
updated /pages/terminal (PUBLISHED) -> https://admin.shopify.com/store/instar-brands/pages/133470093535
updated /pages/orders (PUBLISHED) -> https://admin.shopify.com/store/instar-brands/pages/133491392735
updated /pages/golden-ticket (PUBLISHED) -> https://admin.shopify.com/store/instar-brands/pages/133638455519
updated /pages/golden-ticket-log (PUBLISHED) -> https://admin.shopify.com/store/instar-brands/pages/133641535711
live: slot 439933706, 804 holders, top #1: 5qx7yV4C… 23,986,255
updated /pages/crypto (PUBLISHED) -> https://admin.shopify.com/store/instar-brands/pages/133467701471
updated /pages/meme-futures (PUBLISHED) -> https://admin.shopify.com/store/instar-brands/pages/133467734239
updated /pages/acm-bid-board (PUBLISHED) -> https://admin.shopify.com/store/instar-brands/pages/133467865311
updated /pages/acm (PUBLISHED) -> https://admin.shopify.com/store/instar-brands/pages/125594271967
updated /pages/terminal (PUBLISHED) -> https://admin.shopify.com/store/instar-brands/pages/133470093535
updated /pages/orders (PUBLISHED) -> https://admin.shopify.com/store/instar-brands/pages/133491392735
updated /pages/golden-ticket (PUBLISHED) -> https://admin.shopify.com/store/instar-brands/pages/133638455519
updated /pages/golden-ticket-log (PUBLISHED) -> https://admin.shopify.com/store/instar-brands/pages/133641535711
live: slot 439933855, 804 holders, top #1: 5qx7yV4C… 23,986,255
updated /pages/crypto (PUBLISHED) -> https://admin.shopify.com/store/instar-brands/pages/133467701471
updated /pages/meme-futures (PUBLISHED) -> https://admin.shopify.com/store/instar-brands/pages/133467734239
updated /pages/acm-bid-board (PUBLISHED) -> https://admin.shopify.com/store/instar-brands/pages/133467865311
updated /pages/acm (PUBLISHED) -> https://admin.shopify.com/store/instar-brands/pages/125594271967
updated /pages/terminal (PUBLISHED) -> https://admin.shopify.com/store/instar-brands/pages/133470093535
updated /pages/orders (PUBLISHED) -> https://admin.shopify.com/store/instar-brands/pages/133491392735
updated /pages/golden-ticket (PUBLISHED) -> https://admin.shopify.com/store/instar-brands/pages/133638455519
updated /pages/golden-ticket-log (PUBLISHED) -> https://admin.shopify.com/store/instar-brands/pages/133641535711
live: slot 439934000, 804 holders, top #1: 5qx7yV4C… 23,986,255
updated /pages/crypto (PUBLISHED) -> https://admin.shopify.com/store/instar-brands/pages/133467701471
updated /pages/meme-futures (PUBLISHED) -> https://admin.shopify.com/store/instar-brands/pages/133467734239
updated /pages/acm-bid-board (PUBLISHED) -> https://admin.shopify.com/store/instar-brands/pages/133467865311
updated /pages/acm (PUBLISHED) -> https://admin.shopify.com/store/instar-brands/pages/125594271967
updated /pages/terminal (PUBLISHED) -> https://admin.shopify.com/store/instar-brands/pages/133470093535
updated /pages/orders (PUBLISHED) -> https://admin.shopify.com/store/instar-brands/pages/133491392735
updated /pages/golden-ticket (PUBLISHED) -> https://admin.shopify.com/store/instar-brands/pages/133638455519
updated /pages/golden-ticket-log (PUBLISHED) -> https://admin.shopify.com/store/instar-brands/pages/133641535711
live: slot 439934146, 804 holders, top #1: 5qx7yV4C… 23,986,255
updated /pages/crypto (PUBLISHED) -> https://admin.shopify.com/store/instar-brands/pages/133467701471
updated /pages/meme-futures (PUBLISHED) -> https://admin.shopify.com/store/instar-brands/pages/133467734239
updated /pages/acm-bid-board (PUBLISHED) -> https://admin.shopify.com/store/instar-brands/pages/133467865311
updated /pages/acm (PUBLISHED) -> https://admin.shopify.com/store/instar-brands/pages/125594271967
updated /pages/terminal (PUBLISHED) -> https://admin.shopify.com/store/instar-brands/pages/133470093535
updated /pages/orders (PUBLISHED) -> https://admin.shopify.com/store/instar-brands/pages/133491392735
updated /pages/golden-ticket (PUBLISHED) -> https://admin.shopify.com/store/instar-brands/pages/133638455519
updated /pages/golden-ticket-log (PUBLISHED) -> https://admin.shopify.com/store/instar-brands/pages/133641535711
live: slot 439934289, 804 holders, top #1: 5qx7yV4C… 23,986,255
updated /pages/crypto (PUBLISHED) -> https://admin.shopify.com/store/instar-brands/pages/133467701471
updated /pages/meme-futures (PUBLISHED) -> https://admin.shopify.com/store/instar-brands/pages/133467734239
updated /pages/acm-bid-board (PUBLISHED) -> https://admin.shopify.com/store/instar-brands/pages/133467865311
updated /pages/acm (PUBLISHED) -> https://admin.shopify.com/store/instar-brands/pages/125594271967
updated /pages/terminal (PUBLISHED) -> https://admin.shopify.com/store/instar-brands/pages/133470093535
updated /pages/orders (PUBLISHED) -> https://admin.shopify.com/store/instar-brands/pages/133491392735
updated /pages/golden-ticket (PUBLISHED) -> https://admin.shopify.com/store/instar-brands/pages/133638455519
updated /pages/golden-ticket-log (PUBLISHED) -> https://admin.shopify.com/store/instar-brands/pages/133641535711
live: slot 439934432, 804 holders, top #1: 5qx7yV4C… 23,986,255
updated /pages/crypto (PUBLISHED) -> https://admin.shopify.com/store/instar-brands/pages/133467701471
updated /pages/meme-futures (PUBLISHED) -> https://admin.shopify.com/store/instar-brands/pages/133467734239
updated /pages/acm-bid-board (PUBLISHED) -> https://admin.shopify.com/store/instar-brands/pages/133467865311
updated /pages/acm (PUBLISHED) -> https://admin.shopify.com/store/instar-brands/pages/125594271967
updated /pages/terminal (PUBLISHED) -> https://admin.shopify.com/store/instar-brands/pages/133470093535
updated /pages/orders (PUBLISHED) -> https://admin.shopify.com/store/instar-brands/pages/133491392735
updated /pages/golden-ticket (PUBLISHED) -> https://admin.shopify.com/store/instar-brands/pages/133638455519
updated /pages/golden-ticket-log (PUBLISHED) -> https://admin.shopify.com/store/instar-brands/pages/133641535711
live: slot 439934578, 804 holders, top #1: 5qx7yV4C… 23,986,255
updated /pages/crypto (PUBLISHED) -> https://admin.shopify.com/store/instar-brands/pages/133467701471
updated /pages/meme-futures (PUBLISHED) -> https://admin.shopify.com/store/instar-brands/pages/133467734239
updated /pages/acm-bid-board (PUBLISHED) -> https://admin.shopify.com/store/instar-brands/pages/133467865311
updated /pages/acm (PUBLISHED) -> https://admin.shopify.com/store/instar-brands/pages/125594271967
updated /pages/terminal (PUBLISHED) -> https://admin.shopify.com/store/instar-brands/pages/133470093535
updated /pages/orders (PUBLISHED) -> https://admin.shopify.com/store/instar-brands/pages/133491392735
updated /pages/golden-ticket (PUBLISHED) -> https://admin.shopify.com/store/instar-brands/pages/133638455519
updated /pages/golden-ticket-log (PUBLISHED) -> https://admin.shopify.com/store/instar-brands/pages/133641535711
live: slot 439934723, 803 holders, top #1: 5qx7yV4C… 23,986,255
updated /pages/crypto (PUBLISHED) -> https://admin.shopify.com/store/instar-brands/pages/133467701471
updated /pages/meme-futures (PUBLISHED) -> https://admin.shopify.com/store/instar-brands/pages/133467734239
updated /pages/acm-bid-board (PUBLISHED) -> https://admin.shopify.com/store/instar-brands/pages/133467865311
updated /pages/acm (PUBLISHED) -> https://admin.shopify.com/store/instar-brands/pages/125594271967
updated /pages/terminal (PUBLISHED) -> https://admin.shopify.com/store/instar-brands/pages/133470093535
updated /pages/orders (PUBLISHED) -> https://admin.shopify.com/store/instar-brands/pages/133491392735
updated /pages/golden-ticket (PUBLISHED) -> https://admin.shopify.com/store/instar-brands/pages/133638455519
updated /pages/golden-ticket-log (PUBLISHED) -> https://admin.shopify.com/store/instar-brands/pages/133641535711
live: slot 439934861, 802 holders, top #1: 5qx7yV4C… 23,986,255
updated /pages/crypto (PUBLISHED) -> https://admin.shopify.com/store/instar-brands/pages/133467701471
updated /pages/meme-futures (PUBLISHED) -> https://admin.shopify.com/store/instar-brands/pages/133467734239
updated /pages/acm-bid-board (PUBLISHED) -> https://admin.shopify.com/store/instar-brands/pages/133467865311
updated /pages/acm (PUBLISHED) -> https://admin.shopify.com/store/instar-brands/pages/125594271967
updated /pages/terminal (PUBLISHED) -> https://admin.shopify.com/store/instar-brands/pages/133470093535
updated /pages/orders (PUBLISHED) -> https://admin.shopify.com/store/instar-brands/pages/133491392735
updated /pages/golden-ticket (PUBLISHED) -> https://admin.shopify.com/store/instar-brands/pages/133638455519
updated /pages/golden-ticket-log (PUBLISHED) -> https://admin.shopify.com/store/instar-brands/pages/133641535711
live: slot 439935003, 802 holders, top #1: 5qx7yV4C… 23,986,255
updated /pages/crypto (PUBLISHED) -> https://admin.shopify.com/store/instar-brands/pages/133467701471
updated /pages/meme-futures (PUBLISHED) -> https://admin.shopify.com/store/instar-brands/pages/133467734239
updated /pages/acm-bid-board (PUBLISHED) -> https://admin.shopify.com/store/instar-brands/pages/133467865311
updated /pages/acm (PUBLISHED) -> https://admin.shopify.com/store/instar-brands/pages/125594271967
updated /pages/terminal (PUBLISHED) -> https://admin.shopify.com/store/instar-brands/pages/133470093535
updated /pages/orders (PUBLISHED) -> https://admin.shopify.com/store/instar-brands/pages/133491392735
updated /pages/golden-ticket (PUBLISHED) -> https://admin.shopify.com/store/instar-brands/pages/133638455519
updated /pages/golden-ticket-log (PUBLISHED) -> https://admin.shopify.com/store/instar-brands/pages/133641535711
live: slot 439935146, 802 holders, top #1: 5qx7yV4C… 23,986,255
updated /pages/crypto (PUBLISHED) -> https://admin.shopify.com/store/instar-brands/pages/133467701471
updated /pages/meme-futures (PUBLISHED) -> https://admin.shopify.com/store/instar-brands/pages/133467734239
updated /pages/acm-bid-board (PUBLISHED) -> https://admin.shopify.com/store/instar-brands/pages/133467865311
updated /pages/acm (PUBLISHED) -> https://admin.shopify.com/store/instar-brands/pages/125594271967
updated /pages/terminal (PUBLISHED) -> https://admin.shopify.com/store/instar-brands/pages/133470093535
updated /pages/orders (PUBLISHED) -> https://admin.shopify.com/store/instar-brands/pages/133491392735
updated /pages/golden-ticket (PUBLISHED) -> https://admin.shopify.com/store/instar-brands/pages/133638455519
updated /pages/golden-ticket-log (PUBLISHED) -> https://admin.shopify.com/store/instar-brands/pages/133641535711
live: slot 439935290, 802 holders, top #1: 5qx7yV4C… 23,986,255
updated /pages/crypto (PUBLISHED) -> https://admin.shopify.com/store/instar-brands/pages/133467701471
updated /pages/meme-futures (PUBLISHED) -> https://admin.shopify.com/store/instar-brands/pages/133467734239
updated /pages/acm-bid-board (PUBLISHED) -> https://admin.shopify.com/store/instar-brands/pages/133467865311
updated /pages/acm (PUBLISHED) -> https://admin.shopify.com/store/instar-brands/pages/125594271967
updated /pages/terminal (PUBLISHED) -> https://admin.shopify.com/store/instar-brands/pages/133470093535
updated /pages/orders (PUBLISHED) -> https://admin.shopify.com/store/instar-brands/pages/133491392735
updated /pages/golden-ticket (PUBLISHED) -> https://admin.shopify.com/store/instar-brands/pages/133638455519
updated /pages/golden-ticket-log (PUBLISHED) -> https://admin.shopify.com/store/instar-brands/pages/133641535711
live: slot 439935438, 802 holders, top #1: 5qx7yV4C… 23,986,255
updated /pages/crypto (PUBLISHED) -> https://admin.shopify.com/store/instar-brands/pages/133467701471
updated /pages/meme-futures (PUBLISHED) -> https://admin.shopify.com/store/instar-brands/pages/133467734239
updated /pages/acm-bid-board (PUBLISHED) -> https://admin.shopify.com/store/instar-brands/pages/133467865311
updated /pages/acm (PUBLISHED) -> https://admin.shopify.com/store/instar-brands/pages/125594271967
updated /pages/terminal (PUBLISHED) -> https://admin.shopify.com/store/instar-brands/pages/133470093535
updated /pages/orders (PUBLISHED) -> https://admin.shopify.com/store/instar-brands/pages/133491392735
updated /pages/golden-ticket (PUBLISHED) -> https://admin.shopify.com/store/instar-brands/pages/133638455519
updated /pages/golden-ticket-log (PUBLISHED) -> https://admin.shopify.com/store/instar-brands/pages/133641535711
live: slot 439935584, 802 holders, top #1: 5qx7yV4C… 23,986,255
updated /pages/crypto (PUBLISHED) -> https://admin.shopify.com/store/instar-brands/pages/133467701471
updated /pages/meme-futures (PUBLISHED) -> https://admin.shopify.com/store/instar-brands/pages/133467734239
updated /pages/acm-bid-board (PUBLISHED) -> https://admin.shopify.com/store/instar-brands/pages/133467865311
updated /pages/acm (PUBLISHED) -> https://admin.shopify.com/store/instar-brands/pages/125594271967
updated /pages/terminal (PUBLISHED) -> https://admin.shopify.com/store/instar-brands/pages/133470093535
updated /pages/orders (PUBLISHED) -> https://admin.shopify.com/store/instar-brands/pages/133491392735
updated /pages/golden-ticket (PUBLISHED) -> https://admin.shopify.com/store/instar-brands/pages/133638455519
updated /pages/golden-ticket-log (PUBLISHED) -> https://admin.shopify.com/store/instar-brands/pages/133641535711
live: slot 439935733, 802 holders, top #1: 5qx7yV4C… 23,986,255
updated /pages/crypto (PUBLISHED) -> https://admin.shopify.com/store/instar-brands/pages/133467701471
updated /pages/meme-futures (PUBLISHED) -> https://admin.shopify.com/store/instar-brands/pages/133467734239
updated /pages/acm-bid-board (PUBLISHED) -> https://admin.shopify.com/store/instar-brands/pages/133467865311
updated /pages/acm (PUBLISHED) -> https://admin.shopify.com/store/instar-brands/pages/125594271967
updated /pages/terminal (PUBLISHED) -> https://admin.shopify.com/store/instar-brands/pages/133470093535
updated /pages/orders (PUBLISHED) -> https://admin.shopify.com/store/instar-brands/pages/133491392735
updated /pages/golden-ticket (PUBLISHED) -> https://admin.shopify.com/store/instar-brands/pages/133638455519
updated /pages/golden-ticket-log (PUBLISHED) -> https://admin.shopify.com/store/instar-brands/pages/133641535711
live: slot 439935873, 802 holders, top #1: 5qx7yV4C… 23,986,255
updated /pages/crypto (PUBLISHED) -> https://admin.shopify.com/store/instar-brands/pages/133467701471
updated /pages/meme-futures (PUBLISHED) -> https://admin.shopify.com/store/instar-brands/pages/133467734239
updated /pages/acm-bid-board (PUBLISHED) -> https://admin.shopify.com/store/instar-brands/pages/133467865311
updated /pages/acm (PUBLISHED) -> https://admin.shopify.com/store/instar-brands/pages/125594271967
updated /pages/terminal (PUBLISHED) -> https://admin.shopify.com/store/instar-brands/pages/133470093535
updated /pages/orders (PUBLISHED) -> https://admin.shopify.com/store/instar-brands/pages/133491392735
updated /pages/golden-ticket (PUBLISHED) -> https://admin.shopify.com/store/instar-brands/pages/133638455519
updated /pages/golden-ticket-log (PUBLISHED) -> https://admin.shopify.com/store/instar-brands/pages/133641535711
live: slot 439936023, 802 holders, top #1: 5qx7yV4C… 23,986,255
updated /pages/crypto (PUBLISHED) -> https://admin.shopify.com/store/instar-brands/pages/133467701471
updated /pages/meme-futures (PUBLISHED) -> https://admin.shopify.com/store/instar-brands/pages/133467734239
updated /pages/acm-bid-board (PUBLISHED) -> https://admin.shopify.com/store/instar-brands/pages/133467865311
updated /pages/acm (PUBLISHED) -> https://admin.shopify.com/store/instar-brands/pages/125594271967
updated /pages/terminal (PUBLISHED) -> https://admin.shopify.com/store/instar-brands/pages/133470093535
updated /pages/orders (PUBLISHED) -> https://admin.shopify.com/store/instar-brands/pages/133491392735
updated /pages/golden-ticket (PUBLISHED) -> https://admin.shopify.com/store/instar-brands/pages/133638455519
updated /pages/golden-ticket-log (PUBLISHED) -> https://admin.shopify.com/store/instar-brands/pages/133641535711
live: slot 439936165, 802 holders, top #1: 5qx7yV4C… 23,986,255
updated /pages/crypto (PUBLISHED) -> https://admin.shopify.com/store/instar-brands/pages/133467701471
updated /pages/meme-futures (PUBLISHED) -> https://admin.shopify.com/store/instar-brands/pages/133467734239
updated /pages/acm-bid-board (PUBLISHED) -> https://admin.shopify.com/store/instar-brands/pages/133467865311
updated /pages/acm (PUBLISHED) -> https://admin.shopify.com/store/instar-brands/pages/125594271967
updated /pages/terminal (PUBLISHED) -> https://admin.shopify.com/store/instar-brands/pages/133470093535
updated /pages/orders (PUBLISHED) -> https://admin.shopify.com/store/instar-brands/pages/133491392735
updated /pages/golden-ticket (PUBLISHED) -> https://admin.shopify.com/store/instar-brands/pages/133638455519
updated /pages/golden-ticket-log (PUBLISHED) -> https://admin.shopify.com/store/instar-brands/pages/133641535711
live: slot 439936312, 802 holders, top #1: 5qx7yV4C… 23,986,255
updated /pages/crypto (PUBLISHED) -> https://admin.shopify.com/store/instar-brands/pages/133467701471
updated /pages/meme-futures (PUBLISHED) -> https://admin.shopify.com/store/instar-brands/pages/133467734239
updated /pages/acm-bid-board (PUBLISHED) -> https://admin.shopify.com/store/instar-brands/pages/133467865311
updated /pages/acm (PUBLISHED) -> https://admin.shopify.com/store/instar-brands/pages/125594271967
updated /pages/terminal (PUBLISHED) -> https://admin.shopify.com/store/instar-brands/pages/133470093535
updated /pages/orders (PUBLISHED) -> https://admin.shopify.com/store/instar-brands/pages/133491392735
updated /pages/golden-ticket (PUBLISHED) -> https://admin.shopify.com/store/instar-brands/pages/133638455519
updated /pages/golden-ticket-log (PUBLISHED) -> https://admin.shopify.com/store/instar-brands/pages/133641535711
live: slot 439936459, 802 holders, top #1: 5qx7yV4C… 23,986,255
updated /pages/crypto (PUBLISHED) -> https://admin.shopify.com/store/instar-brands/pages/133467701471
updated /pages/meme-futures (PUBLISHED) -> https://admin.shopify.com/store/instar-brands/pages/133467734239
updated /pages/acm-bid-board (PUBLISHED) -> https://admin.shopify.com/store/instar-brands/pages/133467865311
updated /pages/acm (PUBLISHED) -> https://admin.shopify.com/store/instar-brands/pages/125594271967
updated /pages/terminal (PUBLISHED) -> https://admin.shopify.com/store/instar-brands/pages/133470093535
updated /pages/orders (PUBLISHED) -> https://admin.shopify.com/store/instar-brands/pages/133491392735
updated /pages/golden-ticket (PUBLISHED) -> https://admin.shopify.com/store/instar-brands/pages/133638455519
updated /pages/golden-ticket-log (PUBLISHED) -> https://admin.shopify.com/store/instar-brands/pages/133641535711
live: slot 439936595, 802 holders, top #1: 5qx7yV4C… 23,986,255
updated /pages/crypto (PUBLISHED) -> https://admin.shopify.com/store/instar-brands/pages/133467701471
updated /pages/meme-futures (PUBLISHED) -> https://admin.shopify.com/store/instar-brands/pages/133467734239
updated /pages/acm-bid-board (PUBLISHED) -> https://admin.shopify.com/store/instar-brands/pages/133467865311
updated /pages/acm (PUBLISHED) -> https://admin.shopify.com/store/instar-brands/pages/125594271967
updated /pages/terminal (PUBLISHED) -> https://admin.shopify.com/store/instar-brands/pages/133470093535
updated /pages/orders (PUBLISHED) -> https://admin.shopify.com/store/instar-brands/pages/133491392735
updated /pages/golden-ticket (PUBLISHED) -> https://admin.shopify.com/store/instar-brands/pages/133638455519
updated /pages/golden-ticket-log (PUBLISHED) -> https://admin.shopify.com/store/instar-brands/pages/133641535711
live: slot 439936739, 802 holders, top #1: 5qx7yV4C… 23,986,255
updated /pages/crypto (PUBLISHED) -> https://admin.shopify.com/store/instar-brands/pages/133467701471
updated /pages/meme-futures (PUBLISHED) -> https://admin.shopify.com/store/instar-brands/pages/133467734239
updated /pages/acm-bid-board (PUBLISHED) -> https://admin.shopify.com/store/instar-brands/pages/133467865311
updated /pages/acm (PUBLISHED) -> https://admin.shopify.com/store/instar-brands/pages/125594271967
updated /pages/terminal (PUBLISHED) -> https://admin.shopify.com/store/instar-brands/pages/133470093535
updated /pages/orders (PUBLISHED) -> https://admin.shopify.com/store/instar-brands/pages/133491392735
updated /pages/golden-ticket (PUBLISHED) -> https://admin.shopify.com/store/instar-brands/pages/133638455519
updated /pages/golden-ticket-log (PUBLISHED) -> https://admin.shopify.com/store/instar-brands/pages/133641535711
live: slot 439936880, 802 holders, top #1: 5qx7yV4C… 23,986,255
updated /pages/crypto (PUBLISHED) -> https://admin.shopify.com/store/instar-brands/pages/133467701471
updated /pages/meme-futures (PUBLISHED) -> https://admin.shopify.com/store/instar-brands/pages/133467734239
updated /pages/acm-bid-board (PUBLISHED) -> https://admin.shopify.com/store/instar-brands/pages/133467865311
updated /pages/acm (PUBLISHED) -> https://admin.shopify.com/store/instar-brands/pages/125594271967
updated /pages/terminal (PUBLISHED) -> https://admin.shopify.com/store/instar-brands/pages/133470093535
updated /pages/orders (PUBLISHED) -> https://admin.shopify.com/store/instar-brands/pages/133491392735
updated /pages/golden-ticket (PUBLISHED) -> https://admin.shopify.com/store/instar-brands/pages/133638455519
updated /pages/golden-ticket-log (PUBLISHED) -> https://admin.shopify.com/store/instar-brands/pages/133641535711
live: slot 439937021, 802 holders, top #1: 5qx7yV4C… 23,986,255
updated /pages/crypto (PUBLISHED) -> https://admin.shopify.com/store/instar-brands/pages/133467701471
updated /pages/meme-futures (PUBLISHED) -> https://admin.shopify.com/store/instar-brands/pages/133467734239
updated /pages/acm-bid-board (PUBLISHED) -> https://admin.shopify.com/store/instar-brands/pages/133467865311
updated /pages/acm (PUBLISHED) -> https://admin.shopify.com/store/instar-brands/pages/125594271967
updated /pages/terminal (PUBLISHED) -> https://admin.shopify.com/store/instar-brands/pages/133470093535
updated /pages/orders (PUBLISHED) -> https://admin.shopify.com/store/instar-brands/pages/133491392735
updated /pages/golden-ticket (PUBLISHED) -> https://admin.shopify.com/store/instar-brands/pages/133638455519
updated /pages/golden-ticket-log (PUBLISHED) -> https://admin.shopify.com/store/instar-brands/pages/133641535711
live: slot 439937168, 802 holders, top #1: 5qx7yV4C… 23,986,255
updated /pages/crypto (PUBLISHED) -> https://admin.shopify.com/store/instar-brands/pages/133467701471
updated /pages/meme-futures (PUBLISHED) -> https://admin.shopify.com/store/instar-brands/pages/133467734239
updated /pages/acm-bid-board (PUBLISHED) -> https://admin.shopify.com/store/instar-brands/pages/133467865311
updated /pages/acm (PUBLISHED) -> https://admin.shopify.com/store/instar-brands/pages/125594271967
updated /pages/terminal (PUBLISHED) -> https://admin.shopify.com/store/instar-brands/pages/133470093535
updated /pages/orders (PUBLISHED) -> https://admin.shopify.com/store/instar-brands/pages/133491392735
updated /pages/golden-ticket (PUBLISHED) -> https://admin.shopify.com/store/instar-brands/pages/133638455519
updated /pages/golden-ticket-log (PUBLISHED) -> https://admin.shopify.com/store/instar-brands/pages/133641535711
live: slot 439937314, 802 holders, top #1: 5qx7yV4C… 23,986,255
updated /pages/crypto (PUBLISHED) -> https://admin.shopify.com/store/instar-brands/pages/133467701471
updated /pages/meme-futures (PUBLISHED) -> https://admin.shopify.com/store/instar-brands/pages/133467734239
updated /pages/acm-bid-board (PUBLISHED) -> https://admin.shopify.com/store/instar-brands/pages/133467865311
updated /pages/acm (PUBLISHED) -> https://admin.shopify.com/store/instar-brands/pages/125594271967
updated /pages/terminal (PUBLISHED) -> https://admin.shopify.com/store/instar-brands/pages/133470093535
updated /pages/orders (PUBLISHED) -> https://admin.shopify.com/store/instar-brands/pages/133491392735
updated /pages/golden-ticket (PUBLISHED) -> https://admin.shopify.com/store/instar-brands/pages/133638455519
updated /pages/golden-ticket-log (PUBLISHED) -> https://admin.shopify.com/store/instar-brands/pages/133641535711
live: slot 439937459, 802 holders, top #1: A2gwjHX1… 24,683,176
updated /pages/crypto (PUBLISHED) -> https://admin.shopify.com/store/instar-brands/pages/133467701471
updated /pages/meme-futures (PUBLISHED) -> https://admin.shopify.com/store/instar-brands/pages/133467734239
updated /pages/acm-bid-board (PUBLISHED) -> https://admin.shopify.com/store/instar-brands/pages/133467865311
updated /pages/acm (PUBLISHED) -> https://admin.shopify.com/store/instar-brands/pages/125594271967
updated /pages/terminal (PUBLISHED) -> https://admin.shopify.com/store/instar-brands/pages/133470093535
updated /pages/orders (PUBLISHED) -> https://admin.shopify.com/store/instar-brands/pages/133491392735
updated /pages/golden-ticket (PUBLISHED) -> https://admin.shopify.com/store/instar-brands/pages/133638455519
updated /pages/golden-ticket-log (PUBLISHED) -> https://admin.shopify.com/store/instar-brands/pages/133641535711
live: slot 439937607, 802 holders, top #1: A2gwjHX1… 26,110,269
updated /pages/crypto (PUBLISHED) -> https://admin.shopify.com/store/instar-brands/pages/133467701471
updated /pages/meme-futures (PUBLISHED) -> https://admin.shopify.com/store/instar-brands/pages/133467734239
updated /pages/acm-bid-board (PUBLISHED) -> https://admin.shopify.com/store/instar-brands/pages/133467865311
updated /pages/acm (PUBLISHED) -> https://admin.shopify.com/store/instar-brands/pages/125594271967
updated /pages/terminal (PUBLISHED) -> https://admin.shopify.com/store/instar-brands/pages/133470093535
updated /pages/orders (PUBLISHED) -> https://admin.shopify.com/store/instar-brands/pages/133491392735
updated /pages/golden-ticket (PUBLISHED) -> https://admin.shopify.com/store/instar-brands/pages/133638455519
updated /pages/golden-ticket-log (PUBLISHED) -> https://admin.shopify.com/store/instar-brands/pages/133641535711
live: slot 439937751, 802 holders, top #1: A2gwjHX1… 26,110,269
updated /pages/crypto (PUBLISHED) -> https://admin.shopify.com/store/instar-brands/pages/133467701471
updated /pages/meme-futures (PUBLISHED) -> https://admin.shopify.com/store/instar-brands/pages/133467734239
updated /pages/acm-bid-board (PUBLISHED) -> https://admin.shopify.com/store/instar-brands/pages/133467865311
updated /pages/acm (PUBLISHED) -> https://admin.shopify.com/store/instar-brands/pages/125594271967
updated /pages/terminal (PUBLISHED) -> https://admin.shopify.com/store/instar-brands/pages/133470093535
updated /pages/orders (PUBLISHED) -> https://admin.shopify.com/store/instar-brands/pages/133491392735
updated /pages/golden-ticket (PUBLISHED) -> https://admin.shopify.com/store/instar-brands/pages/133638455519
updated /pages/golden-ticket-log (PUBLISHED) -> https://admin.shopify.com/store/instar-brands/pages/133641535711
live: slot 439937896, 802 holders, top #1: A2gwjHX1… 26,110,269
updated /pages/crypto (PUBLISHED) -> https://admin.shopify.com/store/instar-brands/pages/133467701471
updated /pages/meme-futures (PUBLISHED) -> https://admin.shopify.com/store/instar-brands/pages/133467734239
updated /pages/acm-bid-board (PUBLISHED) -> https://admin.shopify.com/store/instar-brands/pages/133467865311
updated /pages/acm (PUBLISHED) -> https://admin.shopify.com/store/instar-brands/pages/125594271967
updated /pages/terminal (PUBLISHED) -> https://admin.shopify.com/store/instar-brands/pages/133470093535
updated /pages/orders (PUBLISHED) -> https://admin.shopify.com/store/instar-brands/pages/133491392735
updated /pages/golden-ticket (PUBLISHED) -> https://admin.shopify.com/store/instar-brands/pages/133638455519
updated /pages/golden-ticket-log (PUBLISHED) -> https://admin.shopify.com/store/instar-brands/pages/133641535711
live: slot 439938030, 802 holders, top #1: A2gwjHX1… 26,110,269
updated /pages/crypto (PUBLISHED) -> https://admin.shopify.com/store/instar-brands/pages/133467701471
updated /pages/meme-futures (PUBLISHED) -> https://admin.shopify.com/store/instar-brands/pages/133467734239
updated /pages/acm-bid-board (PUBLISHED) -> https://admin.shopify.com/store/instar-brands/pages/133467865311
updated /pages/acm (PUBLISHED) -> https://admin.shopify.com/store/instar-brands/pages/125594271967
updated /pages/terminal (PUBLISHED) -> https://admin.shopify.com/store/instar-brands/pages/133470093535
updated /pages/orders (PUBLISHED) -> https://admin.shopify.com/store/instar-brands/pages/133491392735
updated /pages/golden-ticket (PUBLISHED) -> https://admin.shopify.com/store/instar-brands/pages/133638455519
updated /pages/golden-ticket-log (PUBLISHED) -> https://admin.shopify.com/store/instar-brands/pages/133641535711
live: slot 439938175, 802 holders, top #1: A2gwjHX1… 26,110,269
updated /pages/crypto (PUBLISHED) -> https://admin.shopify.com/store/instar-brands/pages/133467701471
updated /pages/meme-futures (PUBLISHED) -> https://admin.shopify.com/store/instar-brands/pages/133467734239
updated /pages/acm-bid-board (PUBLISHED) -> https://admin.shopify.com/store/instar-brands/pages/133467865311
updated /pages/acm (PUBLISHED) -> https://admin.shopify.com/store/instar-brands/pages/125594271967
updated /pages/terminal (PUBLISHED) -> https://admin.shopify.com/store/instar-brands/pages/133470093535
updated /pages/orders (PUBLISHED) -> https://admin.shopify.com/store/instar-brands/pages/133491392735
updated /pages/golden-ticket (PUBLISHED) -> https://admin.shopify.com/store/instar-brands/pages/133638455519
updated /pages/golden-ticket-log (PUBLISHED) -> https://admin.shopify.com/store/instar-brands/pages/133641535711
live: slot 439938322, 802 holders, top #1: A2gwjHX1… 26,110,269
updated /pages/crypto (PUBLISHED) -> https://admin.shopify.com/store/instar-brands/pages/133467701471
updated /pages/meme-futures (PUBLISHED) -> https://admin.shopify.com/store/instar-brands/pages/133467734239
updated /pages/acm-bid-board (PUBLISHED) -> https://admin.shopify.com/store/instar-brands/pages/133467865311
updated /pages/acm (PUBLISHED) -> https://admin.shopify.com/store/instar-brands/pages/125594271967
updated /pages/terminal (PUBLISHED) -> https://admin.shopify.com/store/instar-brands/pages/133470093535
updated /pages/orders (PUBLISHED) -> https://admin.shopify.com/store/instar-brands/pages/133491392735
updated /pages/golden-ticket (PUBLISHED) -> https://admin.shopify.com/store/instar-brands/pages/133638455519
updated /pages/golden-ticket-log (PUBLISHED) -> https://admin.shopify.com/store/instar-brands/pages/133641535711
live: slot 439938465, 802 holders, top #1: A2gwjHX1… 26,110,269
updated /pages/crypto (PUBLISHED) -> https://admin.shopify.com/store/instar-brands/pages/133467701471
updated /pages/meme-futures (PUBLISHED) -> https://admin.shopify.com/store/instar-brands/pages/133467734239
updated /pages/acm-bid-board (PUBLISHED) -> https://admin.shopify.com/store/instar-brands/pages/133467865311
updated /pages/acm (PUBLISHED) -> https://admin.shopify.com/store/instar-brands/pages/125594271967
updated /pages/terminal (PUBLISHED) -> https://admin.shopify.com/store/instar-brands/pages/133470093535
updated /pages/orders (PUBLISHED) -> https://admin.shopify.com/store/instar-brands/pages/133491392735
updated /pages/golden-ticket (PUBLISHED) -> https://admin.shopify.com/store/instar-brands/pages/133638455519
updated /pages/golden-ticket-log (PUBLISHED) -> https://admin.shopify.com/store/instar-brands/pages/133641535711
live: slot 439938610, 802 holders, top #1: A2gwjHX1… 26,110,269
updated /pages/crypto (PUBLISHED) -> https://admin.shopify.com/store/instar-brands/pages/133467701471
updated /pages/meme-futures (PUBLISHED) -> https://admin.shopify.com/store/instar-brands/pages/133467734239
updated /pages/acm-bid-board (PUBLISHED) -> https://admin.shopify.com/store/instar-brands/pages/133467865311
updated /pages/acm (PUBLISHED) -> https://admin.shopify.com/store/instar-brands/pages/125594271967
updated /pages/terminal (PUBLISHED) -> https://admin.shopify.com/store/instar-brands/pages/133470093535
updated /pages/orders (PUBLISHED) -> https://admin.shopify.com/store/instar-brands/pages/133491392735
updated /pages/golden-ticket (PUBLISHED) -> https://admin.shopify.com/store/instar-brands/pages/133638455519
updated /pages/golden-ticket-log (PUBLISHED) -> https://admin.shopify.com/store/instar-brands/pages/133641535711
live: slot 439938754, 802 holders, top #1: A2gwjHX1… 26,110,269
updated /pages/crypto (PUBLISHED) -> https://admin.shopify.com/store/instar-brands/pages/133467701471
updated /pages/meme-futures (PUBLISHED) -> https://admin.shopify.com/store/instar-brands/pages/133467734239
updated /pages/acm-bid-board (PUBLISHED) -> https://admin.shopify.com/store/instar-brands/pages/133467865311
updated /pages/acm (PUBLISHED) -> https://admin.shopify.com/store/instar-brands/pages/125594271967
updated /pages/terminal (PUBLISHED) -> https://admin.shopify.com/store/instar-brands/pages/133470093535
updated /pages/orders (PUBLISHED) -> https://admin.shopify.com/store/instar-brands/pages/133491392735
updated /pages/golden-ticket (PUBLISHED) -> https://admin.shopify.com/store/instar-brands/pages/133638455519
updated /pages/golden-ticket-log (PUBLISHED) -> https://admin.shopify.com/store/instar-brands/pages/133641535711
live: slot 439938903, 802 holders, top #1: A2gwjHX1… 26,110,269
updated /pages/crypto (PUBLISHED) -> https://admin.shopify.com/store/instar-brands/pages/133467701471
updated /pages/meme-futures (PUBLISHED) -> https://admin.shopify.com/store/instar-brands/pages/133467734239
updated /pages/acm-bid-board (PUBLISHED) -> https://admin.shopify.com/store/instar-brands/pages/133467865311
updated /pages/acm (PUBLISHED) -> https://admin.shopify.com/store/instar-brands/pages/125594271967
updated /pages/terminal (PUBLISHED) -> https://admin.shopify.com/store/instar-brands/pages/133470093535
updated /pages/orders (PUBLISHED) -> https://admin.shopify.com/store/instar-brands/pages/133491392735
updated /pages/golden-ticket (PUBLISHED) -> https://admin.shopify.com/store/instar-brands/pages/133638455519
updated /pages/golden-ticket-log (PUBLISHED) -> https://admin.shopify.com/store/instar-brands/pages/133641535711
live: slot 439939049, 802 holders, top #1: A2gwjHX1… 26,110,269
updated /pages/crypto (PUBLISHED) -> https://admin.shopify.com/store/instar-brands/pages/133467701471
updated /pages/meme-futures (PUBLISHED) -> https://admin.shopify.com/store/instar-brands/pages/133467734239
updated /pages/acm-bid-board (PUBLISHED) -> https://admin.shopify.com/store/instar-brands/pages/133467865311
updated /pages/acm (PUBLISHED) -> https://admin.shopify.com/store/instar-brands/pages/125594271967
updated /pages/terminal (PUBLISHED) -> https://admin.shopify.com/store/instar-brands/pages/133470093535
updated /pages/orders (PUBLISHED) -> https://admin.shopify.com/store/instar-brands/pages/133491392735
updated /pages/golden-ticket (PUBLISHED) -> https://admin.shopify.com/store/instar-brands/pages/133638455519
updated /pages/golden-ticket-log (PUBLISHED) -> https://admin.shopify.com/store/instar-brands/pages/133641535711
live: slot 439939195, 802 holders, top #1: A2gwjHX1… 26,110,269
updated /pages/crypto (PUBLISHED) -> https://admin.shopify.com/store/instar-brands/pages/133467701471
updated /pages/meme-futures (PUBLISHED) -> https://admin.shopify.com/store/instar-brands/pages/133467734239
updated /pages/acm-bid-board (PUBLISHED) -> https://admin.shopify.com/store/instar-brands/pages/133467865311
updated /pages/acm (PUBLISHED) -> https://admin.shopify.com/store/instar-brands/pages/125594271967
updated /pages/terminal (PUBLISHED) -> https://admin.shopify.com/store/instar-brands/pages/133470093535
updated /pages/orders (PUBLISHED) -> https://admin.shopify.com/store/instar-brands/pages/133491392735
updated /pages/golden-ticket (PUBLISHED) -> https://admin.shopify.com/store/instar-brands/pages/133638455519
updated /pages/golden-ticket-log (PUBLISHED) -> https://admin.shopify.com/store/instar-brands/pages/133641535711
live: slot 439939341, 802 holders, top #1: A2gwjHX1… 26,110,269
updated /pages/crypto (PUBLISHED) -> https://admin.shopify.com/store/instar-brands/pages/133467701471
updated /pages/meme-futures (PUBLISHED) -> https://admin.shopify.com/store/instar-brands/pages/133467734239
updated /pages/acm-bid-board (PUBLISHED) -> https://admin.shopify.com/store/instar-brands/pages/133467865311
updated /pages/acm (PUBLISHED) -> https://admin.shopify.com/store/instar-brands/pages/125594271967
updated /pages/terminal (PUBLISHED) -> https://admin.shopify.com/store/instar-brands/pages/133470093535
updated /pages/orders (PUBLISHED) -> https://admin.shopify.com/store/instar-brands/pages/133491392735
updated /pages/golden-ticket (PUBLISHED) -> https://admin.shopify.com/store/instar-brands/pages/133638455519
updated /pages/golden-ticket-log (PUBLISHED) -> https://admin.shopify.com/store/instar-brands/pages/133641535711
live: slot 439939487, 802 holders, top #1: A2gwjHX1… 26,110,269
updated /pages/crypto (PUBLISHED) -> https://admin.shopify.com/store/instar-brands/pages/133467701471
updated /pages/meme-futures (PUBLISHED) -> https://admin.shopify.com/store/instar-brands/pages/133467734239
updated /pages/acm-bid-board (PUBLISHED) -> https://admin.shopify.com/store/instar-brands/pages/133467865311
updated /pages/acm (PUBLISHED) -> https://admin.shopify.com/store/instar-brands/pages/125594271967
updated /pages/terminal (PUBLISHED) -> https://admin.shopify.com/store/instar-brands/pages/133470093535
updated /pages/orders (PUBLISHED) -> https://admin.shopify.com/store/instar-brands/pages/133491392735
updated /pages/golden-ticket (PUBLISHED) -> https://admin.shopify.com/store/instar-brands/pages/133638455519
updated /pages/golden-ticket-log (PUBLISHED) -> https://admin.shopify.com/store/instar-brands/pages/133641535711
live: slot 439939630, 802 holders, top #1: A2gwjHX1… 26,110,269
updated /pages/crypto (PUBLISHED) -> https://admin.shopify.com/store/instar-brands/pages/133467701471
updated /pages/meme-futures (PUBLISHED) -> https://admin.shopify.com/store/instar-brands/pages/133467734239
updated /pages/acm-bid-board (PUBLISHED) -> https://admin.shopify.com/store/instar-brands/pages/133467865311
updated /pages/acm (PUBLISHED) -> https://admin.shopify.com/store/instar-brands/pages/125594271967
updated /pages/terminal (PUBLISHED) -> https://admin.shopify.com/store/instar-brands/pages/133470093535
updated /pages/orders (PUBLISHED) -> https://admin.shopify.com/store/instar-brands/pages/133491392735
updated /pages/golden-ticket (PUBLISHED) -> https://admin.shopify.com/store/instar-brands/pages/133638455519
updated /pages/golden-ticket-log (PUBLISHED) -> https://admin.shopify.com/store/instar-brands/pages/133641535711
live: slot 439939778, 802 holders, top #1: A2gwjHX1… 26,110,269
updated /pages/crypto (PUBLISHED) -> https://admin.shopify.com/store/instar-brands/pages/133467701471
updated /pages/meme-futures (PUBLISHED) -> https://admin.shopify.com/store/instar-brands/pages/133467734239
updated /pages/acm-bid-board (PUBLISHED) -> https://admin.shopify.com/store/instar-brands/pages/133467865311
updated /pages/acm (PUBLISHED) -> https://admin.shopify.com/store/instar-brands/pages/125594271967
updated /pages/terminal (PUBLISHED) -> https://admin.shopify.com/store/instar-brands/pages/133470093535
updated /pages/orders (PUBLISHED) -> https://admin.shopify.com/store/instar-brands/pages/133491392735
updated /pages/golden-ticket (PUBLISHED) -> https://admin.shopify.com/store/instar-brands/pages/133638455519
updated /pages/golden-ticket-log (PUBLISHED) -> https://admin.shopify.com/store/instar-brands/pages/133641535711
live: slot 439939920, 802 holders, top #1: A2gwjHX1… 26,110,269
updated /pages/crypto (PUBLISHED) -> https://admin.shopify.com/store/instar-brands/pages/133467701471
updated /pages/meme-futures (PUBLISHED) -> https://admin.shopify.com/store/instar-brands/pages/133467734239
updated /pages/acm-bid-board (PUBLISHED) -> https://admin.shopify.com/store/instar-brands/pages/133467865311
updated /pages/acm (PUBLISHED) -> https://admin.shopify.com/store/instar-brands/pages/125594271967
updated /pages/terminal (PUBLISHED) -> https://admin.shopify.com/store/instar-brands/pages/133470093535
updated /pages/orders (PUBLISHED) -> https://admin.shopify.com/store/instar-brands/pages/133491392735
updated /pages/golden-ticket (PUBLISHED) -> https://admin.shopify.com/store/instar-brands/pages/133638455519
updated /pages/golden-ticket-log (PUBLISHED) -> https://admin.shopify.com/store/instar-brands/pages/133641535711
live: slot 439940065, 802 holders, top #1: A2gwjHX1… 26,110,269
updated /pages/crypto (PUBLISHED) -> https://admin.shopify.com/store/instar-brands/pages/133467701471
updated /pages/meme-futures (PUBLISHED) -> https://admin.shopify.com/store/instar-brands/pages/133467734239
updated /pages/acm-bid-board (PUBLISHED) -> https://admin.shopify.com/store/instar-brands/pages/133467865311
updated /pages/acm (PUBLISHED) -> https://admin.shopify.com/store/instar-brands/pages/125594271967
updated /pages/terminal (PUBLISHED) -> https://admin.shopify.com/store/instar-brands/pages/133470093535
updated /pages/orders (PUBLISHED) -> https://admin.shopify.com/store/instar-brands/pages/133491392735
updated /pages/golden-ticket (PUBLISHED) -> https://admin.shopify.com/store/instar-brands/pages/133638455519
updated /pages/golden-ticket-log (PUBLISHED) -> https://admin.shopify.com/store/instar-brands/pages/133641535711
live: slot 439940210, 802 holders, top #1: A2gwjHX1… 26,110,269
updated /pages/crypto (PUBLISHED) -> https://admin.shopify.com/store/instar-brands/pages/133467701471
updated /pages/meme-futures (PUBLISHED) -> https://admin.shopify.com/store/instar-brands/pages/133467734239
updated /pages/acm-bid-board (PUBLISHED) -> https://admin.shopify.com/store/instar-brands/pages/133467865311
updated /pages/acm (PUBLISHED) -> https://admin.shopify.com/store/instar-brands/pages/125594271967
updated /pages/terminal (PUBLISHED) -> https://admin.shopify.com/store/instar-brands/pages/133470093535
updated /pages/orders (PUBLISHED) -> https://admin.shopify.com/store/instar-brands/pages/133491392735
updated /pages/golden-ticket (PUBLISHED) -> https://admin.shopify.com/store/instar-brands/pages/133638455519
updated /pages/golden-ticket-log (PUBLISHED) -> https://admin.shopify.com/store/instar-brands/pages/133641535711
live: slot 439940359, 802 holders, top #1: A2gwjHX1… 26,110,269
updated /pages/crypto (PUBLISHED) -> https://admin.shopify.com/store/instar-brands/pages/133467701471
updated /pages/meme-futures (PUBLISHED) -> https://admin.shopify.com/store/instar-brands/pages/133467734239
updated /pages/acm-bid-board (PUBLISHED) -> https://admin.shopify.com/store/instar-brands/pages/133467865311
updated /pages/acm (PUBLISHED) -> https://admin.shopify.com/store/instar-brands/pages/125594271967
updated /pages/terminal (PUBLISHED) -> https://admin.shopify.com/store/instar-brands/pages/133470093535
updated /pages/orders (PUBLISHED) -> https://admin.shopify.com/store/instar-brands/pages/133491392735
updated /pages/golden-ticket (PUBLISHED) -> https://admin.shopify.com/store/instar-brands/pages/133638455519
updated /pages/golden-ticket-log (PUBLISHED) -> https://admin.shopify.com/store/instar-brands/pages/133641535711
live: slot 439940504, 802 holders, top #1: A2gwjHX1… 26,110,269
updated /pages/crypto (PUBLISHED) -> https://admin.shopify.com/store/instar-brands/pages/133467701471
updated /pages/meme-futures (PUBLISHED) -> https://admin.shopify.com/store/instar-brands/pages/133467734239
updated /pages/acm-bid-board (PUBLISHED) -> https://admin.shopify.com/store/instar-brands/pages/133467865311
updated /pages/acm (PUBLISHED) -> https://admin.shopify.com/store/instar-brands/pages/125594271967
updated /pages/terminal (PUBLISHED) -> https://admin.shopify.com/store/instar-brands/pages/133470093535
updated /pages/orders (PUBLISHED) -> https://admin.shopify.com/store/instar-brands/pages/133491392735
updated /pages/golden-ticket (PUBLISHED) -> https://admin.shopify.com/store/instar-brands/pages/133638455519
updated /pages/golden-ticket-log (PUBLISHED) -> https://admin.shopify.com/store/instar-brands/pages/133641535711
live: slot 439940647, 802 holders, top #1: A2gwjHX1… 26,110,269
